COLLEAGUESHIP_ID,TEACHER_A_ID,TEACHER_B_ID,DEGREE,SHARED_CONTEXT_TYPE,SHARED_CONTEXT_ID,SHARED_CONTEXT_LABEL,TIME_RELATION,OVERLAP_YEARS,VERIFIED,COMPUTED_AT
COL00001,T001,T002,1,school,SCH001,American School of Dubai,same time,2017-2019,mutual,2026-06-07
COL00002,T001,T003,2,school,SCH001,American School of Dubai,different time,2015-2019 / 2010-2014,mutual,2026-06-07
COL00003,T001,T004,3,city,"Dubai, United Arab Emirates","Dubai, United Arab Emirates",same time,2016-2019,mutual,2026-06-07
COL00004,T001,T005,4,city,"Dubai, United Arab Emirates","Dubai, United Arab Emirates",different time,2015-2019 / 2011-2014,mutual,2026-06-07
COL00005,T001,T006,5,country,United Arab Emirates,United Arab Emirates,same time,2016-2019,mutual,2026-06-07
COL00006,T001,T007,6,country,United Arab Emirates,United Arab Emirates,different time,2015-2019 / 2009-2012,mutual,2026-06-07
COL00007,T001,T008,1,school,SCH010,Singapore American School,same time,2021-2026,mutual,2026-06-07
COL00008,T001,T011,3,city,"Bangkok, Thailand","Bangkok, Thailand",same time,2011-2011,unverified,2026-06-07
COL00009,T001,T012,1,school,SCH010,Singapore American School,same time,2022-2025,unverified,2026-06-07
COL00010,T001,T013,2,school,SCH001,American School of Dubai,different time,2015-2019 / 2006-2010,unverified,2026-06-07
COL00011,T001,T016,3,city,"Bangkok, Thailand","Bangkok, Thailand",same time,2014-2015,mutual,2026-06-07
COL00012,T001,T017,1,school,SCH001,American School of Dubai,same time,2015-2018,unverified,2026-06-07
COL00013,T001,T018,3,city,"Singapore, Singapore","Singapore, Singapore",same time,2019-2019,one-sided,2026-06-07
COL00014,T001,T021,4,city,"Dubai, United Arab Emirates","Dubai, United Arab Emirates",different time,2015-2019 / 2021-2023,one-sided,2026-06-07
COL00015,T001,T022,2,school,SCH007,NIST International School,different time,2011-2015 / 2016-2018,one-sided,2026-06-07
COL00016,T001,T025,1,school,SCH001,American School of Dubai,same time,2015-2015,unverified,2026-06-07
COL00017,T001,T026,1,school,SCH001,American School of Dubai,same time,2019-2019,unverified,2026-06-07
COL00018,T001,T027,5,country,United Arab Emirates,United Arab Emirates,same time,2018-2019,unverified,2026-06-07
COL00019,T001,T029,1,school,SCH010,Singapore American School,same time,2022-2026,one-sided,2026-06-07
COL00020,T001,T030,1,school,SCH010,Singapore American School,same time,2020-2026,one-sided,2026-06-07
COL00021,T001,T032,2,school,SCH001,American School of Dubai,different time,2015-2019 / 2021-2026,mutual,2026-06-07
COL00022,T001,T033,4,city,"Dubai, United Arab Emirates","Dubai, United Arab Emirates",different time,2015-2019 / 2021-2026,unverified,2026-06-07
COL00023,T001,T034,2,school,SCH001,American School of Dubai,different time,2015-2019 / 2021-2023,unverified,2026-06-07
COL00024,T001,T035,4,city,"Bangkok, Thailand","Bangkok, Thailand",different time,2011-2015 / 2000-2003,unverified,2026-06-07
COL00025,T001,T037,3,city,"Dubai, United Arab Emirates","Dubai, United Arab Emirates",same time,2016-2018,unverified,2026-06-07
COL00026,T001,T038,4,city,"Dubai, United Arab Emirates","Dubai, United Arab Emirates",different time,2015-2019 / 2011-2014,unverified,2026-06-07
COL00027,T001,T042,1,school,SCH001,American School of Dubai,same time,2015-2017,one-sided,2026-06-07
COL00028,T001,T043,2,school,SCH007,NIST International School,different time,2011-2015 / 2023-2026,unverified,2026-06-07
COL00029,T001,T046,4,city,"Dubai, United Arab Emirates","Dubai, United Arab Emirates",different time,2015-2019 / 2005-2010,unverified,2026-06-07
COL00030,T001,T048,1,school,SCH010,Singapore American School,same time,2019-2022,unverified,2026-06-07
COL00031,T001,T049,1,school,SCH007,NIST International School,same time,2012-2015,unverified,2026-06-07
COL00032,T001,T050,5,country,United Arab Emirates,United Arab Emirates,same time,2015-2019,unverified,2026-06-07
COL00033,T001,T051,1,school,SCH007,NIST International School,same time,2011-2015,unverified,2026-06-07
COL00034,T001,T054,2,school,SCH010,Singapore American School,different time,2019-2026 / 2007-2009,unverified,2026-06-07
COL00035,T001,T055,2,school,SCH001,American School of Dubai,different time,2015-2019 / 2020-2023,unverified,2026-06-07
COL00036,T001,T056,1,school,SCH001,American School of Dubai,same time,2015-2018,mutual,2026-06-07
COL00037,T001,T058,4,city,"Dubai, United Arab Emirates","Dubai, United Arab Emirates",different time,2015-2019 / 2020-2022,one-sided,2026-06-07
COL00038,T001,T059,3,city,"Dubai, United Arab Emirates","Dubai, United Arab Emirates",same time,2015-2019,one-sided,2026-06-07
COL00039,T001,T061,3,city,"Bangkok, Thailand","Bangkok, Thailand",same time,2014-2015,unverified,2026-06-07
COL00040,T001,T062,4,city,"Bangkok, Thailand","Bangkok, Thailand",different time,2011-2015 / 2016-2021,unverified,2026-06-07
COL00041,T001,T063,6,country,United Arab Emirates,United Arab Emirates,different time,2015-2019 / 2021-2026,unverified,2026-06-07
COL00042,T001,T066,3,city,"Dubai, United Arab Emirates","Dubai, United Arab Emirates",same time,2019-2019,mutual,2026-06-07
COL00043,T001,T067,6,country,United Arab Emirates,United Arab Emirates,different time,2015-2019 / 2022-2026,unverified,2026-06-07
COL00044,T001,T068,5,country,United Arab Emirates,United Arab Emirates,same time,2016-2019,one-sided,2026-06-07
COL00045,T001,T071,3,city,"Bangkok, Thailand","Bangkok, Thailand",same time,2012-2015,unverified,2026-06-07
COL00046,T001,T072,3,city,"Bangkok, Thailand","Bangkok, Thailand",same time,2011-2014,unverified,2026-06-07
COL00047,T001,T073,1,school,SCH010,Singapore American School,same time,2019-2021,unverified,2026-06-07
COL00048,T001,T074,2,school,SCH007,NIST International School,different time,2011-2015 / 2018-2022,one-sided,2026-06-07
COL00049,T001,T079,1,school,SCH001,American School of Dubai,same time,2015-2019,unverified,2026-06-07
COL00050,T001,T081,1,school,SCH007,NIST International School,same time,2011-2015,mutual,2026-06-07
COL00051,T001,T082,5,country,United Arab Emirates,United Arab Emirates,same time,2018-2019,unverified,2026-06-07
COL00052,T001,T083,2,school,SCH010,Singapore American School,different time,2019-2026 / 2013-2015,unverified,2026-06-07
COL00053,T001,T084,4,city,"Bangkok, Thailand","Bangkok, Thailand",different time,2011-2015 / 2018-2023,unverified,2026-06-07
COL00054,T001,T085,1,school,SCH010,Singapore American School,same time,2019-2021,mutual,2026-06-07
COL00055,T001,T086,4,city,"Singapore, Singapore","Singapore, Singapore",different time,2019-2026 / 2014-2016,mutual,2026-06-07
COL00056,T001,T087,3,city,"Dubai, United Arab Emirates","Dubai, United Arab Emirates",same time,2015-2016,mutual,2026-06-07
COL00057,T001,T088,2,school,SCH007,NIST International School,different time,2011-2015 / 2016-2019,unverified,2026-06-07
COL00058,T001,T089,5,country,United Arab Emirates,United Arab Emirates,same time,2016-2018,unverified,2026-06-07
COL00059,T001,T092,4,city,"Bangkok, Thailand","Bangkok, Thailand",different time,2011-2015 / 2019-2023,unverified,2026-06-07
COL00060,T001,T093,1,school,SCH010,Singapore American School,same time,2019-2021,unverified,2026-06-07
COL00061,T001,T094,4,city,"Bangkok, Thailand","Bangkok, Thailand",different time,2011-2015 / 2021-2026,mutual,2026-06-07
COL00062,T001,T096,3,city,"Dubai, United Arab Emirates","Dubai, United Arab Emirates",same time,2019-2019,mutual,2026-06-07
COL00063,T001,T097,4,city,"Dubai, United Arab Emirates","Dubai, United Arab Emirates",different time,2015-2019 / 2021-2025,unverified,2026-06-07
COL00064,T001,T098,6,country,United Arab Emirates,United Arab Emirates,different time,2015-2019 / 2002-2006,mutual,2026-06-07
COL00065,T001,T100,3,city,"Dubai, United Arab Emirates","Dubai, United Arab Emirates",same time,2015-2019,mutual,2026-06-07
COL00066,T001,T103,3,city,"Singapore, Singapore","Singapore, Singapore",same time,2021-2023,unverified,2026-06-07
COL00067,T001,T104,3,city,"Dubai, United Arab Emirates","Dubai, United Arab Emirates",same time,2017-2019,unverified,2026-06-07
COL00068,T001,T106,2,school,SCH010,Singapore American School,different time,2019-2026 / 2011-2013,unverified,2026-06-07
COL00069,T001,T107,3,city,"Singapore, Singapore","Singapore, Singapore",same time,2020-2025,unverified,2026-06-07
COL00070,T001,T108,3,city,"Bangkok, Thailand","Bangkok, Thailand",same time,2012-2014,one-sided,2026-06-07
COL00071,T001,T110,2,school,SCH007,NIST International School,different time,2011-2015 / 2017-2019,one-sided,2026-06-07
COL00072,T001,T112,4,city,"Singapore, Singapore","Singapore, Singapore",different time,2019-2026 / 2016-2018,unverified,2026-06-07
COL00073,T001,T114,4,city,"Dubai, United Arab Emirates","Dubai, United Arab Emirates",different time,2015-2019 / 2004-2008,unverified,2026-06-07
COL00074,T001,T116,2,school,SCH007,NIST International School,different time,2011-2015 / 2017-2020,one-sided,2026-06-07
COL00075,T001,T117,3,city,"Dubai, United Arab Emirates","Dubai, United Arab Emirates",same time,2017-2019,unverified,2026-06-07
COL00076,T001,T118,1,school,SCH001,American School of Dubai,same time,2015-2016,unverified,2026-06-07
COL00077,T001,T119,4,city,"Bangkok, Thailand","Bangkok, Thailand",different time,2011-2015 / 2022-2026,unverified,2026-06-07
COL00078,T001,T122,2,school,SCH001,American School of Dubai,different time,2015-2019 / 2021-2026,unverified,2026-06-07
COL00079,T001,T123,4,city,"Bangkok, Thailand","Bangkok, Thailand",different time,2011-2015 / 2004-2008,unverified,2026-06-07
COL00080,T001,T124,3,city,"Dubai, United Arab Emirates","Dubai, United Arab Emirates",same time,2015-2016,unverified,2026-06-07
COL00081,T001,T125,1,school,SCH010,Singapore American School,same time,2019-2020,unverified,2026-06-07
COL00082,T001,T126,5,country,United Arab Emirates,United Arab Emirates,same time,2015-2016,unverified,2026-06-07
COL00083,T001,T127,3,city,"Singapore, Singapore","Singapore, Singapore",same time,2021-2025,unverified,2026-06-07
COL00084,T001,T129,4,city,"Bangkok, Thailand","Bangkok, Thailand",different time,2011-2015 / 2020-2026,unverified,2026-06-07
COL00085,T001,T131,2,school,SCH007,NIST International School,different time,2011-2015 / 2016-2020,unverified,2026-06-07
COL00086,T001,T132,2,school,SCH010,Singapore American School,different time,2019-2026 / 2009-2011,unverified,2026-06-07
COL00087,T001,T135,2,school,SCH007,NIST International School,different time,2011-2015 / 2007-2010,unverified,2026-06-07
COL00088,T001,T137,3,city,"Bangkok, Thailand","Bangkok, Thailand",same time,2011-2012,one-sided,2026-06-07
COL00089,T001,T138,3,city,"Bangkok, Thailand","Bangkok, Thailand",same time,2012-2015,unverified,2026-06-07
COL00090,T001,T140,3,city,"Dubai, United Arab Emirates","Dubai, United Arab Emirates",same time,2017-2019,one-sided,2026-06-07
COL00091,T001,T142,1,school,SCH007,NIST International School,same time,2011-2014,one-sided,2026-06-07
COL00092,T001,T143,3,city,"Bangkok, Thailand","Bangkok, Thailand",same time,2013-2015,unverified,2026-06-07
COL00093,T001,T144,2,school,SCH001,American School of Dubai,different time,2015-2019 / 2024-2026,unverified,2026-06-07
COL00094,T002,T003,2,school,SCH001,American School of Dubai,different time,2017-2021 / 2010-2014,unverified,2026-06-07
COL00095,T002,T004,3,city,"Dubai, United Arab Emirates","Dubai, United Arab Emirates",same time,2017-2020,unverified,2026-06-07
COL00096,T002,T005,4,city,"Dubai, United Arab Emirates","Dubai, United Arab Emirates",different time,2017-2021 / 2011-2014,one-sided,2026-06-07
COL00097,T002,T006,5,country,United Arab Emirates,United Arab Emirates,same time,2017-2019,unverified,2026-06-07
COL00098,T002,T007,6,country,United Arab Emirates,United Arab Emirates,different time,2017-2021 / 2009-2012,unverified,2026-06-07
COL00099,T002,T013,2,school,SCH001,American School of Dubai,different time,2017-2021 / 2006-2010,mutual,2026-06-07
COL00100,T002,T017,1,school,SCH001,American School of Dubai,same time,2017-2018,unverified,2026-06-07
COL00101,T002,T021,3,city,"Dubai, United Arab Emirates","Dubai, United Arab Emirates",same time,2021-2021,mutual,2026-06-07
COL00102,T002,T025,2,school,SCH001,American School of Dubai,different time,2017-2021 / 2011-2015,mutual,2026-06-07
COL00103,T002,T026,1,school,SCH001,American School of Dubai,same time,2019-2021,one-sided,2026-06-07
COL00104,T002,T027,5,country,United Arab Emirates,United Arab Emirates,same time,2018-2021,unverified,2026-06-07
COL00105,T002,T031,1,school,SCH024,American School of Kuwait,same time,2022-2024,one-sided,2026-06-07
COL00106,T002,T032,1,school,SCH001,American School of Dubai,same time,2021-2021,unverified,2026-06-07
COL00107,T002,T033,1,school,SCH024,American School of Kuwait,same time,2021-2021,unverified,2026-06-07
COL00108,T002,T034,1,school,SCH001,American School of Dubai,same time,2021-2021,one-sided,2026-06-07
COL00109,T002,T035,6,country,United Arab Emirates,United Arab Emirates,different time,2017-2021 / 2004-2009,one-sided,2026-06-07
COL00110,T002,T036,1,school,SCH024,American School of Kuwait,same time,2021-2023,unverified,2026-06-07
COL00111,T002,T037,3,city,"Dubai, United Arab Emirates","Dubai, United Arab Emirates",same time,2017-2018,mutual,2026-06-07
COL00112,T002,T038,4,city,"Dubai, United Arab Emirates","Dubai, United Arab Emirates",different time,2017-2021 / 2011-2014,unverified,2026-06-07
COL00113,T002,T042,1,school,SCH001,American School of Dubai,same time,2017-2017,one-sided,2026-06-07
COL00114,T002,T043,3,city,"Dubai, United Arab Emirates","Dubai, United Arab Emirates",same time,2018-2021,unverified,2026-06-07
COL00115,T002,T046,4,city,"Dubai, United Arab Emirates","Dubai, United Arab Emirates",different time,2017-2021 / 2005-2010,unverified,2026-06-07
COL00116,T002,T050,5,country,United Arab Emirates,United Arab Emirates,same time,2017-2019,unverified,2026-06-07
COL00117,T002,T052,2,school,SCH024,American School of Kuwait,different time,2021-2026 / 2016-2018,unverified,2026-06-07
COL00118,T002,T054,3,city,"Dubai, United Arab Emirates","Dubai, United Arab Emirates",same time,2018-2021,mutual,2026-06-07
COL00119,T002,T055,1,school,SCH001,American School of Dubai,same time,2020-2021,unverified,2026-06-07
COL00120,T002,T056,1,school,SCH001,American School of Dubai,same time,2017-2018,unverified,2026-06-07
COL00121,T002,T057,2,school,SCH024,American School of Kuwait,different time,2021-2026 / 2015-2019,one-sided,2026-06-07
COL00122,T002,T058,3,city,"Dubai, United Arab Emirates","Dubai, United Arab Emirates",same time,2020-2021,mutual,2026-06-07
COL00123,T002,T059,3,city,"Dubai, United Arab Emirates","Dubai, United Arab Emirates",same time,2017-2020,unverified,2026-06-07
COL00124,T002,T060,2,school,SCH024,American School of Kuwait,different time,2021-2026 / 2012-2016,unverified,2026-06-07
COL00125,T002,T063,5,country,United Arab Emirates,United Arab Emirates,same time,2021-2021,unverified,2026-06-07
COL00126,T002,T066,3,city,"Dubai, United Arab Emirates","Dubai, United Arab Emirates",same time,2019-2021,one-sided,2026-06-07
COL00127,T002,T067,6,country,United Arab Emirates,United Arab Emirates,different time,2017-2021 / 2022-2026,unverified,2026-06-07
COL00128,T002,T068,2,school,SCH024,American School of Kuwait,different time,2021-2026 / 2012-2016,unverified,2026-06-07
COL00129,T002,T071,4,city,"Dubai, United Arab Emirates","Dubai, United Arab Emirates",different time,2017-2021 / 2010-2012,mutual,2026-06-07
COL00130,T002,T073,4,city,"Dubai, United Arab Emirates","Dubai, United Arab Emirates",different time,2017-2021 / 2005-2009,mutual,2026-06-07
COL00131,T002,T079,1,school,SCH001,American School of Dubai,same time,2017-2019,unverified,2026-06-07
COL00132,T002,T081,3,city,"Dubai, United Arab Emirates","Dubai, United Arab Emirates",same time,2017-2020,one-sided,2026-06-07
COL00133,T002,T082,5,country,United Arab Emirates,United Arab Emirates,same time,2018-2021,unverified,2026-06-07
COL00134,T002,T084,6,country,United Arab Emirates,United Arab Emirates,different time,2017-2021 / 2008-2010,unverified,2026-06-07
COL00135,T002,T087,4,city,"Dubai, United Arab Emirates","Dubai, United Arab Emirates",different time,2017-2021 / 2011-2016,unverified,2026-06-07
COL00136,T002,T088,3,city,"Dubai, United Arab Emirates","Dubai, United Arab Emirates",same time,2020-2021,one-sided,2026-06-07
COL00137,T002,T089,1,school,SCH024,American School of Kuwait,same time,2021-2021,unverified,2026-06-07
COL00138,T002,T094,5,country,United Arab Emirates,United Arab Emirates,same time,2019-2021,unverified,2026-06-07
COL00139,T002,T096,3,city,"Dubai, United Arab Emirates","Dubai, United Arab Emirates",same time,2019-2021,unverified,2026-06-07
COL00140,T002,T097,3,city,"Dubai, United Arab Emirates","Dubai, United Arab Emirates",same time,2021-2021,unverified,2026-06-07
COL00141,T002,T098,6,country,United Arab Emirates,United Arab Emirates,different time,2017-2021 / 2002-2006,unverified,2026-06-07
COL00142,T002,T100,3,city,"Dubai, United Arab Emirates","Dubai, United Arab Emirates",same time,2017-2019,unverified,2026-06-07
COL00143,T002,T104,3,city,"Dubai, United Arab Emirates","Dubai, United Arab Emirates",same time,2017-2021,one-sided,2026-06-07
COL00144,T002,T106,3,city,"Dubai, United Arab Emirates","Dubai, United Arab Emirates",same time,2017-2018,one-sided,2026-06-07
COL00145,T002,T114,4,city,"Dubai, United Arab Emirates","Dubai, United Arab Emirates",different time,2017-2021 / 2004-2008,unverified,2026-06-07
COL00146,T002,T117,3,city,"Dubai, United Arab Emirates","Dubai, United Arab Emirates",same time,2017-2021,mutual,2026-06-07
COL00147,T002,T118,2,school,SCH001,American School of Dubai,different time,2017-2021 / 2014-2016,unverified,2026-06-07
COL00148,T002,T122,1,school,SCH001,American School of Dubai,same time,2021-2021,mutual,2026-06-07
COL00149,T002,T124,4,city,"Dubai, United Arab Emirates","Dubai, United Arab Emirates",different time,2017-2021 / 2013-2016,one-sided,2026-06-07
COL00150,T002,T126,6,country,United Arab Emirates,United Arab Emirates,different time,2017-2021 / 2013-2016,unverified,2026-06-07
COL00151,T002,T135,6,country,United Arab Emirates,United Arab Emirates,different time,2017-2021 / 2011-2016,one-sided,2026-06-07
COL00152,T002,T140,3,city,"Dubai, United Arab Emirates","Dubai, United Arab Emirates",same time,2017-2020,unverified,2026-06-07
COL00153,T002,T144,2,school,SCH001,American School of Dubai,different time,2017-2021 / 2024-2026,mutual,2026-06-07
COL00154,T003,T004,4,city,"Dubai, United Arab Emirates","Dubai, United Arab Emirates",different time,2010-2014 / 2016-2020,unverified,2026-06-07
COL00155,T003,T005,3,city,"Dubai, United Arab Emirates","Dubai, United Arab Emirates",same time,2011-2014,unverified,2026-06-07
COL00156,T003,T006,6,country,United Arab Emirates,United Arab Emirates,different time,2010-2014 / 2016-2019,unverified,2026-06-07
COL00157,T003,T007,5,country,United Arab Emirates,United Arab Emirates,same time,2010-2012,unverified,2026-06-07
COL00158,T003,T013,1,school,SCH001,American School of Dubai,same time,2010-2010,unverified,2026-06-07
COL00159,T003,T014,2,school,SCH027,International School of Kenya,different time,2014-2018 / 2008-2010,unverified,2026-06-07
COL00160,T003,T017,2,school,SCH001,American School of Dubai,different time,2010-2014 / 2015-2018,mutual,2026-06-07
COL00161,T003,T021,4,city,"Dubai, United Arab Emirates","Dubai, United Arab Emirates",different time,2010-2014 / 2021-2023,unverified,2026-06-07
COL00162,T003,T025,1,school,SCH001,American School of Dubai,same time,2011-2014,unverified,2026-06-07
COL00163,T003,T026,2,school,SCH001,American School of Dubai,different time,2010-2014 / 2019-2022,unverified,2026-06-07
COL00164,T003,T027,6,country,United Arab Emirates,United Arab Emirates,different time,2010-2014 / 2018-2023,unverified,2026-06-07
COL00165,T003,T032,2,school,SCH001,American School of Dubai,different time,2010-2014 / 2021-2026,unverified,2026-06-07
COL00166,T003,T033,4,city,"Dubai, United Arab Emirates","Dubai, United Arab Emirates",different time,2010-2014 / 2021-2026,unverified,2026-06-07
COL00167,T003,T034,2,school,SCH001,American School of Dubai,different time,2010-2014 / 2021-2023,unverified,2026-06-07
COL00168,T003,T035,1,school,SCH027,International School of Kenya,same time,2014-2016,mutual,2026-06-07
COL00169,T003,T037,4,city,"Dubai, United Arab Emirates","Dubai, United Arab Emirates",different time,2010-2014 / 2016-2018,unverified,2026-06-07
COL00170,T003,T038,3,city,"Dubai, United Arab Emirates","Dubai, United Arab Emirates",same time,2011-2014,unverified,2026-06-07
COL00171,T003,T042,2,school,SCH001,American School of Dubai,different time,2010-2014 / 2015-2017,unverified,2026-06-07
COL00172,T003,T043,4,city,"Dubai, United Arab Emirates","Dubai, United Arab Emirates",different time,2010-2014 / 2018-2022,one-sided,2026-06-07
COL00173,T003,T046,3,city,"Dubai, United Arab Emirates","Dubai, United Arab Emirates",same time,2010-2010,mutual,2026-06-07
COL00174,T003,T050,6,country,United Arab Emirates,United Arab Emirates,different time,2010-2014 / 2015-2019,mutual,2026-06-07
COL00175,T003,T054,4,city,"Dubai, United Arab Emirates","Dubai, United Arab Emirates",different time,2010-2014 / 2018-2022,unverified,2026-06-07
COL00176,T003,T055,2,school,SCH001,American School of Dubai,different time,2010-2014 / 2020-2023,unverified,2026-06-07
COL00177,T003,T056,1,school,SCH001,American School of Dubai,same time,2014-2014,unverified,2026-06-07
COL00178,T003,T058,4,city,"Dubai, United Arab Emirates","Dubai, United Arab Emirates",different time,2010-2014 / 2020-2022,unverified,2026-06-07
COL00179,T003,T059,4,city,"Dubai, United Arab Emirates","Dubai, United Arab Emirates",different time,2010-2014 / 2015-2020,unverified,2026-06-07
COL00180,T003,T063,6,country,United Arab Emirates,United Arab Emirates,different time,2010-2014 / 2021-2026,unverified,2026-06-07
COL00181,T003,T065,2,school,SCH027,International School of Kenya,different time,2014-2018 / 2020-2022,unverified,2026-06-07
COL00182,T003,T066,4,city,"Dubai, United Arab Emirates","Dubai, United Arab Emirates",different time,2010-2014 / 2019-2022,unverified,2026-06-07
COL00183,T003,T067,6,country,United Arab Emirates,United Arab Emirates,different time,2010-2014 / 2022-2026,unverified,2026-06-07
COL00184,T003,T068,6,country,United Arab Emirates,United Arab Emirates,different time,2010-2014 / 2016-2021,mutual,2026-06-07
COL00185,T003,T071,3,city,"Dubai, United Arab Emirates","Dubai, United Arab Emirates",same time,2010-2012,mutual,2026-06-07
COL00186,T003,T073,4,city,"Dubai, United Arab Emirates","Dubai, United Arab Emirates",different time,2010-2014 / 2005-2009,mutual,2026-06-07
COL00187,T003,T079,1,school,SCH001,American School of Dubai,same time,2014-2014,unverified,2026-06-07
COL00188,T003,T081,4,city,"Dubai, United Arab Emirates","Dubai, United Arab Emirates",different time,2010-2014 / 2016-2020,unverified,2026-06-07
COL00189,T003,T082,6,country,United Arab Emirates,United Arab Emirates,different time,2010-2014 / 2018-2022,unverified,2026-06-07
COL00190,T003,T084,5,country,United Arab Emirates,United Arab Emirates,same time,2010-2010,mutual,2026-06-07
COL00191,T003,T087,3,city,"Dubai, United Arab Emirates","Dubai, United Arab Emirates",same time,2011-2014,unverified,2026-06-07
COL00192,T003,T088,4,city,"Dubai, United Arab Emirates","Dubai, United Arab Emirates",different time,2010-2014 / 2020-2022,unverified,2026-06-07
COL00193,T003,T089,6,country,United Arab Emirates,United Arab Emirates,different time,2010-2014 / 2016-2018,unverified,2026-06-07
COL00194,T003,T094,6,country,United Arab Emirates,United Arab Emirates,different time,2010-2014 / 2019-2021,unverified,2026-06-07
COL00195,T003,T095,2,school,SCH027,International School of Kenya,different time,2014-2018 / 2007-2011,unverified,2026-06-07
COL00196,T003,T096,4,city,"Dubai, United Arab Emirates","Dubai, United Arab Emirates",different time,2010-2014 / 2019-2023,unverified,2026-06-07
COL00197,T003,T097,4,city,"Dubai, United Arab Emirates","Dubai, United Arab Emirates",different time,2010-2014 / 2021-2025,unverified,2026-06-07
COL00198,T003,T098,6,country,United Arab Emirates,United Arab Emirates,different time,2010-2014 / 2002-2006,unverified,2026-06-07
COL00199,T003,T100,3,city,"Dubai, United Arab Emirates","Dubai, United Arab Emirates",same time,2014-2014,mutual,2026-06-07
COL00200,T003,T104,4,city,"Dubai, United Arab Emirates","Dubai, United Arab Emirates",different time,2010-2014 / 2017-2022,unverified,2026-06-07
COL00201,T003,T106,3,city,"Dubai, United Arab Emirates","Dubai, United Arab Emirates",same time,2014-2014,unverified,2026-06-07
COL00202,T003,T114,4,city,"Dubai, United Arab Emirates","Dubai, United Arab Emirates",different time,2010-2014 / 2004-2008,mutual,2026-06-07
COL00203,T003,T117,4,city,"Dubai, United Arab Emirates","Dubai, United Arab Emirates",different time,2010-2014 / 2017-2022,unverified,2026-06-07
COL00204,T003,T118,1,school,SCH001,American School of Dubai,same time,2014-2014,mutual,2026-06-07
COL00205,T003,T122,2,school,SCH001,American School of Dubai,different time,2010-2014 / 2021-2026,unverified,2026-06-07
COL00206,T003,T124,3,city,"Dubai, United Arab Emirates","Dubai, United Arab Emirates",same time,2013-2014,unverified,2026-06-07
COL00207,T003,T126,5,country,United Arab Emirates,United Arab Emirates,same time,2013-2014,unverified,2026-06-07
COL00208,T003,T133,2,school,SCH027,International School of Kenya,different time,2014-2018 / 2019-2023,unverified,2026-06-07
COL00209,T003,T135,5,country,United Arab Emirates,United Arab Emirates,same time,2011-2014,unverified,2026-06-07
COL00210,T003,T137,1,school,SCH027,International School of Kenya,same time,2014-2018,unverified,2026-06-07
COL00211,T003,T140,4,city,"Dubai, United Arab Emirates","Dubai, United Arab Emirates",different time,2010-2014 / 2017-2020,one-sided,2026-06-07
COL00212,T003,T144,2,school,SCH001,American School of Dubai,different time,2010-2014 / 2024-2026,unverified,2026-06-07
COL00213,T003,T147,2,school,SCH027,International School of Kenya,different time,2014-2018 / 2019-2023,mutual,2026-06-07
COL00214,T004,T005,4,city,"Dubai, United Arab Emirates","Dubai, United Arab Emirates",different time,2016-2020 / 2011-2014,mutual,2026-06-07
COL00215,T004,T006,5,country,United Arab Emirates,United Arab Emirates,same time,2016-2019,one-sided,2026-06-07
COL00216,T004,T007,6,country,United Arab Emirates,United Arab Emirates,different time,2016-2020 / 2009-2012,unverified,2026-06-07
COL00217,T004,T013,4,city,"Dubai, United Arab Emirates","Dubai, United Arab Emirates",different time,2016-2020 / 2006-2010,unverified,2026-06-07
COL00218,T004,T014,3,city,"Cairo, Egypt","Cairo, Egypt",same time,2020-2021,mutual,2026-06-07
COL00219,T004,T017,3,city,"Dubai, United Arab Emirates","Dubai, United Arab Emirates",same time,2016-2018,mutual,2026-06-07
COL00220,T004,T020,3,city,"Cairo, Egypt","Cairo, Egypt",same time,2020-2021,one-sided,2026-06-07
COL00221,T004,T021,4,city,"Dubai, United Arab Emirates","Dubai, United Arab Emirates",different time,2016-2020 / 2021-2023,unverified,2026-06-07
COL00222,T004,T025,3,city,"Dubai, United Arab Emirates","Dubai, United Arab Emirates",same time,2018-2020,unverified,2026-06-07
COL00223,T004,T026,3,city,"Dubai, United Arab Emirates","Dubai, United Arab Emirates",same time,2019-2020,unverified,2026-06-07
COL00224,T004,T027,5,country,United Arab Emirates,United Arab Emirates,same time,2018-2020,unverified,2026-06-07
COL00225,T004,T028,1,school,SCH013,American International School in Egypt,same time,2022-2026,unverified,2026-06-07
COL00226,T004,T032,4,city,"Dubai, United Arab Emirates","Dubai, United Arab Emirates",different time,2016-2020 / 2021-2026,unverified,2026-06-07
COL00227,T004,T033,2,school,SCH002,GEMS World Academy Dubai,different time,2016-2020 / 2021-2026,one-sided,2026-06-07
COL00228,T004,T034,4,city,"Dubai, United Arab Emirates","Dubai, United Arab Emirates",different time,2016-2020 / 2021-2023,unverified,2026-06-07
COL00229,T004,T035,6,country,United Arab Emirates,United Arab Emirates,different time,2016-2020 / 2004-2009,unverified,2026-06-07
COL00230,T004,T037,3,city,"Dubai, United Arab Emirates","Dubai, United Arab Emirates",same time,2016-2018,unverified,2026-06-07
COL00231,T004,T038,3,city,"Cairo, Egypt","Cairo, Egypt",same time,2021-2026,unverified,2026-06-07
COL00232,T004,T042,3,city,"Dubai, United Arab Emirates","Dubai, United Arab Emirates",same time,2016-2017,unverified,2026-06-07
COL00233,T004,T043,3,city,"Dubai, United Arab Emirates","Dubai, United Arab Emirates",same time,2018-2020,unverified,2026-06-07
COL00234,T004,T045,1,school,SCH013,American International School in Egypt,same time,2020-2020,unverified,2026-06-07
COL00235,T004,T046,2,school,SCH002,GEMS World Academy Dubai,different time,2016-2020 / 2005-2010,unverified,2026-06-07
COL00236,T004,T050,5,country,United Arab Emirates,United Arab Emirates,same time,2016-2019,unverified,2026-06-07
COL00237,T004,T054,3,city,"Dubai, United Arab Emirates","Dubai, United Arab Emirates",same time,2018-2020,unverified,2026-06-07
COL00238,T004,T055,3,city,"Dubai, United Arab Emirates","Dubai, United Arab Emirates",same time,2020-2020,unverified,2026-06-07
COL00239,T004,T056,3,city,"Dubai, United Arab Emirates","Dubai, United Arab Emirates",same time,2016-2018,unverified,2026-06-07
COL00240,T004,T058,1,school,SCH002,GEMS World Academy Dubai,same time,2020-2020,mutual,2026-06-07
COL00241,T004,T059,3,city,"Dubai, United Arab Emirates","Dubai, United Arab Emirates",same time,2016-2020,mutual,2026-06-07
COL00242,T004,T063,6,country,United Arab Emirates,United Arab Emirates,different time,2016-2020 / 2021-2026,unverified,2026-06-07
COL00243,T004,T066,1,school,SCH002,GEMS World Academy Dubai,same time,2019-2020,unverified,2026-06-07
COL00244,T004,T067,6,country,United Arab Emirates,United Arab Emirates,different time,2016-2020 / 2022-2026,unverified,2026-06-07
COL00245,T004,T068,5,country,United Arab Emirates,United Arab Emirates,same time,2016-2020,unverified,2026-06-07
COL00246,T004,T071,4,city,"Dubai, United Arab Emirates","Dubai, United Arab Emirates",different time,2016-2020 / 2010-2012,unverified,2026-06-07
COL00247,T004,T072,1,school,SCH013,American International School in Egypt,same time,2020-2021,one-sided,2026-06-07
COL00248,T004,T073,4,city,"Dubai, United Arab Emirates","Dubai, United Arab Emirates",different time,2016-2020 / 2005-2009,mutual,2026-06-07
COL00249,T004,T076,2,school,SCH013,American International School in Egypt,different time,2020-2026 / 2017-2019,mutual,2026-06-07
COL00250,T004,T079,3,city,"Dubai, United Arab Emirates","Dubai, United Arab Emirates",same time,2016-2019,unverified,2026-06-07
COL00251,T004,T081,1,school,SCH002,GEMS World Academy Dubai,same time,2016-2020,unverified,2026-06-07
COL00252,T004,T082,5,country,United Arab Emirates,United Arab Emirates,same time,2018-2020,unverified,2026-06-07
COL00253,T004,T083,4,city,"Cairo, Egypt","Cairo, Egypt",different time,2020-2026 / 2008-2012,unverified,2026-06-07
COL00254,T004,T084,6,country,United Arab Emirates,United Arab Emirates,different time,2016-2020 / 2008-2010,unverified,2026-06-07
COL00255,T004,T086,3,city,"Cairo, Egypt","Cairo, Egypt",same time,2020-2023,unverified,2026-06-07
COL00256,T004,T087,1,school,SCH002,GEMS World Academy Dubai,same time,2016-2016,unverified,2026-06-07
COL00257,T004,T088,3,city,"Dubai, United Arab Emirates","Dubai, United Arab Emirates",same time,2020-2020,unverified,2026-06-07
COL00258,T004,T089,5,country,United Arab Emirates,United Arab Emirates,same time,2016-2018,mutual,2026-06-07
COL00259,T004,T094,5,country,United Arab Emirates,United Arab Emirates,same time,2019-2020,unverified,2026-06-07
COL00260,T004,T096,1,school,SCH002,GEMS World Academy Dubai,same time,2019-2020,unverified,2026-06-07
COL00261,T004,T097,4,city,"Dubai, United Arab Emirates","Dubai, United Arab Emirates",different time,2016-2020 / 2021-2025,unverified,2026-06-07
COL00262,T004,T098,3,city,"Cairo, Egypt","Cairo, Egypt",same time,2020-2020,mutual,2026-06-07
COL00263,T004,T100,3,city,"Dubai, United Arab Emirates","Dubai, United Arab Emirates",same time,2016-2019,unverified,2026-06-07
COL00264,T004,T104,1,school,SCH002,GEMS World Academy Dubai,same time,2017-2020,unverified,2026-06-07
COL00265,T004,T105,4,city,"Cairo, Egypt","Cairo, Egypt",different time,2020-2026 / 2003-2005,unverified,2026-06-07
COL00266,T004,T106,3,city,"Dubai, United Arab Emirates","Dubai, United Arab Emirates",same time,2016-2018,one-sided,2026-06-07
COL00267,T004,T109,4,city,"Cairo, Egypt","Cairo, Egypt",different time,2020-2026 / 2013-2015,unverified,2026-06-07
COL00268,T004,T114,2,school,SCH013,American International School in Egypt,different time,2020-2026 / 2010-2013,unverified,2026-06-07
COL00269,T004,T115,3,city,"Cairo, Egypt","Cairo, Egypt",same time,2020-2026,mutual,2026-06-07
COL00270,T004,T117,3,city,"Dubai, United Arab Emirates","Dubai, United Arab Emirates",same time,2017-2020,mutual,2026-06-07
COL00271,T004,T118,2,school,SCH002,GEMS World Academy Dubai,different time,2016-2020 / 2011-2013,unverified,2026-06-07
COL00272,T004,T121,2,school,SCH013,American International School in Egypt,different time,2020-2026 / 2011-2016,unverified,2026-06-07
COL00273,T004,T122,4,city,"Dubai, United Arab Emirates","Dubai, United Arab Emirates",different time,2016-2020 / 2021-2026,unverified,2026-06-07
COL00274,T004,T124,3,city,"Dubai, United Arab Emirates","Dubai, United Arab Emirates",same time,2016-2016,unverified,2026-06-07
COL00275,T004,T126,5,country,United Arab Emirates,United Arab Emirates,same time,2016-2016,unverified,2026-06-07
COL00276,T004,T127,3,city,"Cairo, Egypt","Cairo, Egypt",same time,2020-2021,unverified,2026-06-07
COL00277,T004,T132,2,school,SCH013,American International School in Egypt,different time,2020-2026 / 2003-2008,unverified,2026-06-07
COL00278,T004,T135,1,school,SCH013,American International School in Egypt,same time,2020-2021,mutual,2026-06-07
COL00279,T004,T140,1,school,SCH002,GEMS World Academy Dubai,same time,2017-2020,one-sided,2026-06-07
COL00280,T004,T144,3,city,"Dubai, United Arab Emirates","Dubai, United Arab Emirates",same time,2017-2020,one-sided,2026-06-07
COL00281,T005,T006,6,country,United Arab Emirates,United Arab Emirates,different time,2011-2014 / 2016-2019,one-sided,2026-06-07
COL00282,T005,T007,5,country,United Arab Emirates,United Arab Emirates,same time,2011-2012,unverified,2026-06-07
COL00283,T005,T013,4,city,"Dubai, United Arab Emirates","Dubai, United Arab Emirates",different time,2011-2014 / 2006-2010,unverified,2026-06-07
COL00284,T005,T017,4,city,"Dubai, United Arab Emirates","Dubai, United Arab Emirates",different time,2011-2014 / 2015-2018,unverified,2026-06-07
COL00285,T005,T021,2,school,SCH003,Dubai International Academy,different time,2011-2014 / 2021-2023,unverified,2026-06-07
COL00286,T005,T022,2,school,SCH025,American School of Bombay,different time,2014-2019 / 2008-2011,one-sided,2026-06-07
COL00287,T005,T025,3,city,"Dubai, United Arab Emirates","Dubai, United Arab Emirates",same time,2011-2014,unverified,2026-06-07
COL00288,T005,T026,4,city,"Dubai, United Arab Emirates","Dubai, United Arab Emirates",different time,2011-2014 / 2019-2022,unverified,2026-06-07
COL00289,T005,T027,6,country,United Arab Emirates,United Arab Emirates,different time,2011-2014 / 2018-2023,unverified,2026-06-07
COL00290,T005,T032,4,city,"Dubai, United Arab Emirates","Dubai, United Arab Emirates",different time,2011-2014 / 2021-2026,mutual,2026-06-07
COL00291,T005,T033,4,city,"Dubai, United Arab Emirates","Dubai, United Arab Emirates",different time,2011-2014 / 2021-2026,unverified,2026-06-07
COL00292,T005,T034,1,school,SCH025,American School of Bombay,same time,2014-2017,unverified,2026-06-07
COL00293,T005,T035,6,country,United Arab Emirates,United Arab Emirates,different time,2011-2014 / 2004-2009,unverified,2026-06-07
COL00294,T005,T036,5,country,India,India,same time,2014-2014,unverified,2026-06-07
COL00295,T005,T037,2,school,SCH003,Dubai International Academy,different time,2011-2014 / 2016-2018,mutual,2026-06-07
COL00296,T005,T038,1,school,SCH003,Dubai International Academy,same time,2011-2014,mutual,2026-06-07
COL00297,T005,T042,4,city,"Dubai, United Arab Emirates","Dubai, United Arab Emirates",different time,2011-2014 / 2015-2017,one-sided,2026-06-07
COL00298,T005,T043,2,school,SCH003,Dubai International Academy,different time,2011-2014 / 2018-2022,mutual,2026-06-07
COL00299,T005,T046,4,city,"Dubai, United Arab Emirates","Dubai, United Arab Emirates",different time,2011-2014 / 2005-2010,unverified,2026-06-07
COL00300,T005,T050,6,country,United Arab Emirates,United Arab Emirates,different time,2011-2014 / 2015-2019,unverified,2026-06-07
COL00301,T005,T054,4,city,"Dubai, United Arab Emirates","Dubai, United Arab Emirates",different time,2011-2014 / 2018-2022,mutual,2026-06-07
COL00302,T005,T055,4,city,"Dubai, United Arab Emirates","Dubai, United Arab Emirates",different time,2011-2014 / 2020-2023,unverified,2026-06-07
COL00303,T005,T056,3,city,"Dubai, United Arab Emirates","Dubai, United Arab Emirates",same time,2014-2014,one-sided,2026-06-07
COL00304,T005,T058,4,city,"Dubai, United Arab Emirates","Dubai, United Arab Emirates",different time,2011-2014 / 2020-2022,unverified,2026-06-07
COL00305,T005,T059,4,city,"Dubai, United Arab Emirates","Dubai, United Arab Emirates",different time,2011-2014 / 2015-2020,unverified,2026-06-07
COL00306,T005,T061,2,school,SCH025,American School of Bombay,different time,2014-2019 / 2009-2013,unverified,2026-06-07
COL00307,T005,T063,6,country,United Arab Emirates,United Arab Emirates,different time,2011-2014 / 2021-2026,unverified,2026-06-07
COL00308,T005,T066,4,city,"Dubai, United Arab Emirates","Dubai, United Arab Emirates",different time,2011-2014 / 2019-2022,one-sided,2026-06-07
COL00309,T005,T067,6,country,United Arab Emirates,United Arab Emirates,different time,2011-2014 / 2022-2026,unverified,2026-06-07
COL00310,T005,T068,6,country,United Arab Emirates,United Arab Emirates,different time,2011-2014 / 2016-2021,unverified,2026-06-07
COL00311,T005,T071,1,school,SCH003,Dubai International Academy,same time,2011-2012,unverified,2026-06-07
COL00312,T005,T073,2,school,SCH003,Dubai International Academy,different time,2011-2014 / 2005-2009,one-sided,2026-06-07
COL00313,T005,T076,2,school,SCH025,American School of Bombay,different time,2014-2019 / 2008-2011,unverified,2026-06-07
COL00314,T005,T079,3,city,"Dubai, United Arab Emirates","Dubai, United Arab Emirates",same time,2014-2014,one-sided,2026-06-07
COL00315,T005,T081,4,city,"Dubai, United Arab Emirates","Dubai, United Arab Emirates",different time,2011-2014 / 2016-2020,unverified,2026-06-07
COL00316,T005,T082,6,country,United Arab Emirates,United Arab Emirates,different time,2011-2014 / 2018-2022,mutual,2026-06-07
COL00317,T005,T083,2,school,SCH025,American School of Bombay,different time,2014-2019 / 2021-2026,unverified,2026-06-07
COL00318,T005,T084,6,country,United Arab Emirates,United Arab Emirates,different time,2011-2014 / 2008-2010,unverified,2026-06-07
COL00319,T005,T087,3,city,"Dubai, United Arab Emirates","Dubai, United Arab Emirates",same time,2011-2014,unverified,2026-06-07
COL00320,T005,T088,2,school,SCH003,Dubai International Academy,different time,2011-2014 / 2020-2022,unverified,2026-06-07
COL00321,T005,T089,6,country,United Arab Emirates,United Arab Emirates,different time,2011-2014 / 2016-2018,one-sided,2026-06-07
COL00322,T005,T090,1,school,SCH025,American School of Bombay,same time,2018-2019,unverified,2026-06-07
COL00323,T005,T091,1,school,SCH025,American School of Bombay,same time,2019-2019,unverified,2026-06-07
COL00324,T005,T094,6,country,United Arab Emirates,United Arab Emirates,different time,2011-2014 / 2019-2021,mutual,2026-06-07
COL00325,T005,T096,4,city,"Dubai, United Arab Emirates","Dubai, United Arab Emirates",different time,2011-2014 / 2019-2023,unverified,2026-06-07
COL00326,T005,T097,4,city,"Dubai, United Arab Emirates","Dubai, United Arab Emirates",different time,2011-2014 / 2021-2025,unverified,2026-06-07
COL00327,T005,T098,6,country,United Arab Emirates,United Arab Emirates,different time,2011-2014 / 2002-2006,unverified,2026-06-07
COL00328,T005,T099,1,school,SCH025,American School of Bombay,same time,2015-2019,unverified,2026-06-07
COL00329,T005,T100,1,school,SCH003,Dubai International Academy,same time,2014-2014,unverified,2026-06-07
COL00330,T005,T104,4,city,"Dubai, United Arab Emirates","Dubai, United Arab Emirates",different time,2011-2014 / 2017-2022,unverified,2026-06-07
COL00331,T005,T106,1,school,SCH003,Dubai International Academy,same time,2014-2014,unverified,2026-06-07
COL00332,T005,T114,4,city,"Dubai, United Arab Emirates","Dubai, United Arab Emirates",different time,2011-2014 / 2004-2008,unverified,2026-06-07
COL00333,T005,T115,6,country,India,India,different time,2014-2019 / 2007-2010,one-sided,2026-06-07
COL00334,T005,T117,4,city,"Dubai, United Arab Emirates","Dubai, United Arab Emirates",different time,2011-2014 / 2017-2022,unverified,2026-06-07
COL00335,T005,T118,2,school,SCH003,Dubai International Academy,different time,2011-2014 / 2017-2022,one-sided,2026-06-07
COL00336,T005,T119,5,country,India,India,same time,2016-2019,unverified,2026-06-07
COL00337,T005,T122,4,city,"Dubai, United Arab Emirates","Dubai, United Arab Emirates",different time,2011-2014 / 2021-2026,unverified,2026-06-07
COL00338,T005,T124,3,city,"Dubai, United Arab Emirates","Dubai, United Arab Emirates",same time,2013-2014,unverified,2026-06-07
COL00339,T005,T126,5,country,United Arab Emirates,United Arab Emirates,same time,2013-2014,unverified,2026-06-07
COL00340,T005,T131,2,school,SCH025,American School of Bombay,different time,2014-2019 / 2007-2009,unverified,2026-06-07
COL00341,T005,T134,5,country,India,India,same time,2014-2017,unverified,2026-06-07
COL00342,T005,T135,5,country,United Arab Emirates,United Arab Emirates,same time,2011-2014,unverified,2026-06-07
COL00343,T005,T140,4,city,"Dubai, United Arab Emirates","Dubai, United Arab Emirates",different time,2011-2014 / 2017-2020,unverified,2026-06-07
COL00344,T005,T144,4,city,"Dubai, United Arab Emirates","Dubai, United Arab Emirates",different time,2011-2014 / 2017-2020,unverified,2026-06-07
COL00345,T005,T145,1,school,SCH025,American School of Bombay,same time,2014-2015,unverified,2026-06-07
COL00346,T005,T148,2,school,SCH025,American School of Bombay,different time,2014-2019 / 2009-2013,unverified,2026-06-07
COL00347,T005,T150,1,school,SCH025,American School of Bombay,same time,2014-2015,unverified,2026-06-07
COL00348,T006,T007,4,city,"Abu Dhabi, United Arab Emirates","Abu Dhabi, United Arab Emirates",different time,2016-2019 / 2009-2012,mutual,2026-06-07
COL00349,T006,T013,6,country,United Arab Emirates,United Arab Emirates,different time,2016-2019 / 2006-2010,unverified,2026-06-07
COL00350,T006,T017,5,country,United Arab Emirates,United Arab Emirates,same time,2016-2018,mutual,2026-06-07
COL00351,T006,T021,6,country,United Arab Emirates,United Arab Emirates,different time,2016-2019 / 2021-2023,one-sided,2026-06-07
COL00352,T006,T025,5,country,United Arab Emirates,United Arab Emirates,same time,2018-2019,unverified,2026-06-07
COL00353,T006,T026,5,country,United Arab Emirates,United Arab Emirates,same time,2019-2019,unverified,2026-06-07
COL00354,T006,T027,1,school,SCH005,The British School Al Khubairat,same time,2018-2019,unverified,2026-06-07
COL00355,T006,T028,1,school,SCH033,American School of Doha,same time,2019-2021,unverified,2026-06-07
COL00356,T006,T032,6,country,United Arab Emirates,United Arab Emirates,different time,2016-2019 / 2021-2026,unverified,2026-06-07
COL00357,T006,T033,6,country,United Arab Emirates,United Arab Emirates,different time,2016-2019 / 2021-2026,unverified,2026-06-07
COL00358,T006,T034,6,country,United Arab Emirates,United Arab Emirates,different time,2016-2019 / 2021-2023,unverified,2026-06-07
COL00359,T006,T035,2,school,SCH005,The British School Al Khubairat,different time,2016-2019 / 2004-2009,mutual,2026-06-07
COL00360,T006,T037,1,school,SCH033,American School of Doha,same time,2022-2024,unverified,2026-06-07
COL00361,T006,T038,6,country,United Arab Emirates,United Arab Emirates,different time,2016-2019 / 2011-2014,unverified,2026-06-07
COL00362,T006,T042,1,school,SCH005,The British School Al Khubairat,same time,2019-2019,unverified,2026-06-07
COL00363,T006,T043,2,school,SCH033,American School of Doha,different time,2019-2026 / 2013-2017,one-sided,2026-06-07
COL00364,T006,T046,3,city,"Abu Dhabi, United Arab Emirates","Abu Dhabi, United Arab Emirates",same time,2018-2019,unverified,2026-06-07
COL00365,T006,T047,2,school,SCH033,American School of Doha,different time,2019-2026 / 2012-2015,one-sided,2026-06-07
COL00366,T006,T050,3,city,"Abu Dhabi, United Arab Emirates","Abu Dhabi, United Arab Emirates",same time,2016-2019,unverified,2026-06-07
COL00367,T006,T054,5,country,United Arab Emirates,United Arab Emirates,same time,2018-2019,unverified,2026-06-07
COL00368,T006,T055,6,country,United Arab Emirates,United Arab Emirates,different time,2016-2019 / 2020-2023,unverified,2026-06-07
COL00369,T006,T056,5,country,United Arab Emirates,United Arab Emirates,same time,2016-2018,unverified,2026-06-07
COL00370,T006,T058,6,country,United Arab Emirates,United Arab Emirates,different time,2016-2019 / 2020-2022,unverified,2026-06-07
COL00371,T006,T059,5,country,United Arab Emirates,United Arab Emirates,same time,2016-2019,unverified,2026-06-07
COL00372,T006,T060,1,school,SCH033,American School of Doha,same time,2019-2021,unverified,2026-06-07
COL00373,T006,T063,2,school,SCH005,The British School Al Khubairat,different time,2016-2019 / 2021-2026,one-sided,2026-06-07
COL00374,T006,T066,5,country,United Arab Emirates,United Arab Emirates,same time,2019-2019,mutual,2026-06-07
COL00375,T006,T067,4,city,"Abu Dhabi, United Arab Emirates","Abu Dhabi, United Arab Emirates",different time,2016-2019 / 2022-2026,unverified,2026-06-07
COL00376,T006,T068,1,school,SCH005,The British School Al Khubairat,same time,2016-2019,unverified,2026-06-07
COL00377,T006,T071,6,country,United Arab Emirates,United Arab Emirates,different time,2016-2019 / 2010-2012,one-sided,2026-06-07
COL00378,T006,T073,6,country,United Arab Emirates,United Arab Emirates,different time,2016-2019 / 2005-2009,unverified,2026-06-07
COL00379,T006,T079,1,school,SCH005,The British School Al Khubairat,same time,2019-2019,unverified,2026-06-07
COL00380,T006,T081,5,country,United Arab Emirates,United Arab Emirates,same time,2016-2019,unverified,2026-06-07
COL00381,T006,T082,1,school,SCH005,The British School Al Khubairat,same time,2018-2019,unverified,2026-06-07
COL00382,T006,T084,2,school,SCH005,The British School Al Khubairat,different time,2016-2019 / 2008-2010,unverified,2026-06-07
COL00383,T006,T087,3,city,"Abu Dhabi, United Arab Emirates","Abu Dhabi, United Arab Emirates",same time,2017-2019,one-sided,2026-06-07
COL00384,T006,T088,6,country,United Arab Emirates,United Arab Emirates,different time,2016-2019 / 2020-2022,unverified,2026-06-07
COL00385,T006,T089,1,school,SCH005,The British School Al Khubairat,same time,2016-2018,one-sided,2026-06-07
COL00386,T006,T094,1,school,SCH005,The British School Al Khubairat,same time,2019-2019,unverified,2026-06-07
COL00387,T006,T096,5,country,United Arab Emirates,United Arab Emirates,same time,2019-2019,unverified,2026-06-07
COL00388,T006,T097,6,country,United Arab Emirates,United Arab Emirates,different time,2016-2019 / 2021-2025,unverified,2026-06-07
COL00389,T006,T098,2,school,SCH005,The British School Al Khubairat,different time,2016-2019 / 2002-2006,one-sided,2026-06-07
COL00390,T006,T100,5,country,United Arab Emirates,United Arab Emirates,same time,2016-2019,one-sided,2026-06-07
COL00391,T006,T104,5,country,United Arab Emirates,United Arab Emirates,same time,2017-2019,unverified,2026-06-07
COL00392,T006,T106,1,school,SCH033,American School of Doha,same time,2019-2022,unverified,2026-06-07
COL00393,T006,T114,6,country,United Arab Emirates,United Arab Emirates,different time,2016-2019 / 2004-2008,one-sided,2026-06-07
COL00394,T006,T117,5,country,United Arab Emirates,United Arab Emirates,same time,2017-2019,mutual,2026-06-07
COL00395,T006,T118,5,country,United Arab Emirates,United Arab Emirates,same time,2016-2016,unverified,2026-06-07
COL00396,T006,T121,2,school,SCH033,American School of Doha,different time,2019-2026 / 2005-2010,unverified,2026-06-07
COL00397,T006,T122,6,country,United Arab Emirates,United Arab Emirates,different time,2016-2019 / 2021-2026,unverified,2026-06-07
COL00398,T006,T124,5,country,United Arab Emirates,United Arab Emirates,same time,2016-2016,unverified,2026-06-07
COL00399,T006,T126,1,school,SCH005,The British School Al Khubairat,same time,2016-2016,mutual,2026-06-07
COL00400,T006,T135,1,school,SCH005,The British School Al Khubairat,same time,2016-2016,unverified,2026-06-07
COL00401,T006,T140,5,country,United Arab Emirates,United Arab Emirates,same time,2017-2019,unverified,2026-06-07
COL00402,T006,T144,5,country,United Arab Emirates,United Arab Emirates,same time,2017-2019,mutual,2026-06-07
COL00403,T007,T013,2,school,SCH029,The American School in London,different time,2012-2016 / 2018-2021,unverified,2026-06-07
COL00404,T007,T017,6,country,United Arab Emirates,United Arab Emirates,different time,2009-2012 / 2015-2018,unverified,2026-06-07
COL00405,T007,T021,6,country,United Arab Emirates,United Arab Emirates,different time,2009-2012 / 2021-2023,unverified,2026-06-07
COL00406,T007,T022,1,school,SCH029,The American School in London,same time,2012-2015,unverified,2026-06-07
COL00407,T007,T025,5,country,United Arab Emirates,United Arab Emirates,same time,2011-2012,unverified,2026-06-07
COL00408,T007,T026,6,country,United Arab Emirates,United Arab Emirates,different time,2009-2012 / 2019-2022,unverified,2026-06-07
COL00409,T007,T027,4,city,"Abu Dhabi, United Arab Emirates","Abu Dhabi, United Arab Emirates",different time,2009-2012 / 2018-2023,one-sided,2026-06-07
COL00410,T007,T032,6,country,United Arab Emirates,United Arab Emirates,different time,2009-2012 / 2021-2026,unverified,2026-06-07
COL00411,T007,T033,6,country,United Arab Emirates,United Arab Emirates,different time,2009-2012 / 2021-2026,unverified,2026-06-07
COL00412,T007,T034,6,country,United Arab Emirates,United Arab Emirates,different time,2009-2012 / 2021-2023,unverified,2026-06-07
COL00413,T007,T035,3,city,"Abu Dhabi, United Arab Emirates","Abu Dhabi, United Arab Emirates",same time,2009-2009,unverified,2026-06-07
COL00414,T007,T036,2,school,SCH029,The American School in London,different time,2012-2016 / 2023-2025,mutual,2026-06-07
COL00415,T007,T037,6,country,United Arab Emirates,United Arab Emirates,different time,2009-2012 / 2016-2018,unverified,2026-06-07
COL00416,T007,T038,5,country,United Arab Emirates,United Arab Emirates,same time,2011-2012,unverified,2026-06-07
COL00417,T007,T042,4,city,"Abu Dhabi, United Arab Emirates","Abu Dhabi, United Arab Emirates",different time,2009-2012 / 2019-2024,unverified,2026-06-07
COL00418,T007,T043,6,country,United Arab Emirates,United Arab Emirates,different time,2009-2012 / 2018-2022,unverified,2026-06-07
COL00419,T007,T046,2,school,SCH006,American Community School of Abu Dhabi,different time,2009-2012 / 2018-2021,unverified,2026-06-07
COL00420,T007,T050,2,school,SCH006,American Community School of Abu Dhabi,different time,2009-2012 / 2015-2019,unverified,2026-06-07
COL00421,T007,T054,6,country,United Arab Emirates,United Arab Emirates,different time,2009-2012 / 2018-2022,unverified,2026-06-07
COL00422,T007,T055,6,country,United Arab Emirates,United Arab Emirates,different time,2009-2012 / 2020-2023,mutual,2026-06-07
COL00423,T007,T056,6,country,United Arab Emirates,United Arab Emirates,different time,2009-2012 / 2014-2018,unverified,2026-06-07
COL00424,T007,T058,2,school,SCH029,The American School in London,different time,2012-2016 / 2023-2026,one-sided,2026-06-07
COL00425,T007,T059,6,country,United Arab Emirates,United Arab Emirates,different time,2009-2012 / 2015-2020,unverified,2026-06-07
COL00426,T007,T063,4,city,"Abu Dhabi, United Arab Emirates","Abu Dhabi, United Arab Emirates",different time,2009-2012 / 2021-2026,unverified,2026-06-07
COL00427,T007,T064,1,school,SCH029,The American School in London,same time,2016-2016,unverified,2026-06-07
COL00428,T007,T066,6,country,United Arab Emirates,United Arab Emirates,different time,2009-2012 / 2019-2022,one-sided,2026-06-07
COL00429,T007,T067,2,school,SCH006,American Community School of Abu Dhabi,different time,2009-2012 / 2022-2026,unverified,2026-06-07
COL00430,T007,T068,4,city,"Abu Dhabi, United Arab Emirates","Abu Dhabi, United Arab Emirates",different time,2009-2012 / 2016-2021,unverified,2026-06-07
COL00431,T007,T071,5,country,United Arab Emirates,United Arab Emirates,same time,2010-2012,one-sided,2026-06-07
COL00432,T007,T073,5,country,United Arab Emirates,United Arab Emirates,same time,2009-2009,unverified,2026-06-07
COL00433,T007,T079,4,city,"Abu Dhabi, United Arab Emirates","Abu Dhabi, United Arab Emirates",different time,2009-2012 / 2019-2026,mutual,2026-06-07
COL00434,T007,T081,6,country,United Arab Emirates,United Arab Emirates,different time,2009-2012 / 2016-2020,unverified,2026-06-07
COL00435,T007,T082,4,city,"Abu Dhabi, United Arab Emirates","Abu Dhabi, United Arab Emirates",different time,2009-2012 / 2018-2022,unverified,2026-06-07
COL00436,T007,T084,1,school,SCH029,The American School in London,same time,2015-2016,one-sided,2026-06-07
COL00437,T007,T087,2,school,SCH006,American Community School of Abu Dhabi,different time,2009-2012 / 2017-2021,unverified,2026-06-07
COL00438,T007,T088,6,country,United Arab Emirates,United Arab Emirates,different time,2009-2012 / 2020-2022,mutual,2026-06-07
COL00439,T007,T089,4,city,"Abu Dhabi, United Arab Emirates","Abu Dhabi, United Arab Emirates",different time,2009-2012 / 2016-2018,one-sided,2026-06-07
COL00440,T007,T094,4,city,"Abu Dhabi, United Arab Emirates","Abu Dhabi, United Arab Emirates",different time,2009-2012 / 2019-2021,unverified,2026-06-07
COL00441,T007,T095,1,school,SCH029,The American School in London,same time,2012-2015,mutual,2026-06-07
COL00442,T007,T096,6,country,United Arab Emirates,United Arab Emirates,different time,2009-2012 / 2019-2023,unverified,2026-06-07
COL00443,T007,T097,6,country,United Arab Emirates,United Arab Emirates,different time,2009-2012 / 2021-2025,unverified,2026-06-07
COL00444,T007,T098,4,city,"Abu Dhabi, United Arab Emirates","Abu Dhabi, United Arab Emirates",different time,2009-2012 / 2002-2006,one-sided,2026-06-07
COL00445,T007,T100,6,country,United Arab Emirates,United Arab Emirates,different time,2009-2012 / 2014-2019,mutual,2026-06-07
COL00446,T007,T104,6,country,United Arab Emirates,United Arab Emirates,different time,2009-2012 / 2017-2022,unverified,2026-06-07
COL00447,T007,T106,6,country,United Arab Emirates,United Arab Emirates,different time,2009-2012 / 2014-2018,mutual,2026-06-07
COL00448,T007,T114,6,country,United Arab Emirates,United Arab Emirates,different time,2009-2012 / 2004-2008,unverified,2026-06-07
COL00449,T007,T117,6,country,United Arab Emirates,United Arab Emirates,different time,2009-2012 / 2017-2022,unverified,2026-06-07
COL00450,T007,T118,5,country,United Arab Emirates,United Arab Emirates,same time,2011-2012,mutual,2026-06-07
COL00451,T007,T122,6,country,United Arab Emirates,United Arab Emirates,different time,2009-2012 / 2021-2026,unverified,2026-06-07
COL00452,T007,T124,6,country,United Arab Emirates,United Arab Emirates,different time,2009-2012 / 2013-2016,one-sided,2026-06-07
COL00453,T007,T126,4,city,"Abu Dhabi, United Arab Emirates","Abu Dhabi, United Arab Emirates",different time,2009-2012 / 2013-2016,mutual,2026-06-07
COL00454,T007,T135,3,city,"Abu Dhabi, United Arab Emirates","Abu Dhabi, United Arab Emirates",same time,2011-2012,unverified,2026-06-07
COL00455,T007,T140,6,country,United Arab Emirates,United Arab Emirates,different time,2009-2012 / 2017-2020,unverified,2026-06-07
COL00456,T007,T141,2,school,SCH029,The American School in London,different time,2012-2016 / 2022-2026,mutual,2026-06-07
COL00457,T007,T144,6,country,United Arab Emirates,United Arab Emirates,different time,2009-2012 / 2017-2020,unverified,2026-06-07
COL00458,T008,T009,1,school,SCH035,Graded - The American School of Sao Paulo,same time,2017-2021,unverified,2026-06-07
COL00459,T008,T012,1,school,SCH010,Singapore American School,same time,2022-2025,one-sided,2026-06-07
COL00460,T008,T018,4,city,"Singapore, Singapore","Singapore, Singapore",different time,2021-2026 / 2014-2019,unverified,2026-06-07
COL00461,T008,T024,1,school,SCH035,Graded - The American School of Sao Paulo,same time,2016-2019,mutual,2026-06-07
COL00462,T008,T029,1,school,SCH010,Singapore American School,same time,2022-2026,one-sided,2026-06-07
COL00463,T008,T030,1,school,SCH010,Singapore American School,same time,2021-2026,unverified,2026-06-07
COL00464,T008,T047,2,school,SCH035,Graded - The American School of Sao Paulo,different time,2016-2021 / 2010-2012,unverified,2026-06-07
COL00465,T008,T048,1,school,SCH010,Singapore American School,same time,2021-2022,one-sided,2026-06-07
COL00466,T008,T049,4,city,"Singapore, Singapore","Singapore, Singapore",different time,2021-2026 / 2018-2020,unverified,2026-06-07
COL00467,T008,T054,2,school,SCH010,Singapore American School,different time,2021-2026 / 2007-2009,mutual,2026-06-07
COL00468,T008,T056,2,school,SCH010,Singapore American School,different time,2021-2026 / 2018-2020,unverified,2026-06-07
COL00469,T008,T062,2,school,SCH035,Graded - The American School of Sao Paulo,different time,2016-2021 / 2008-2011,unverified,2026-06-07
COL00470,T008,T073,1,school,SCH010,Singapore American School,same time,2021-2021,one-sided,2026-06-07
COL00471,T008,T077,1,school,SCH035,Graded - The American School of Sao Paulo,same time,2016-2020,unverified,2026-06-07
COL00472,T008,T083,2,school,SCH010,Singapore American School,different time,2021-2026 / 2013-2015,unverified,2026-06-07
COL00473,T008,T085,1,school,SCH010,Singapore American School,same time,2021-2021,unverified,2026-06-07
COL00474,T008,T086,4,city,"Singapore, Singapore","Singapore, Singapore",different time,2021-2026 / 2014-2016,mutual,2026-06-07
COL00475,T008,T093,1,school,SCH010,Singapore American School,same time,2021-2021,mutual,2026-06-07
COL00476,T008,T103,3,city,"Singapore, Singapore","Singapore, Singapore",same time,2021-2023,unverified,2026-06-07
COL00477,T008,T106,2,school,SCH010,Singapore American School,different time,2021-2026 / 2011-2013,unverified,2026-06-07
COL00478,T008,T107,3,city,"Singapore, Singapore","Singapore, Singapore",same time,2021-2025,unverified,2026-06-07
COL00479,T008,T112,4,city,"Singapore, Singapore","Singapore, Singapore",different time,2021-2026 / 2016-2018,mutual,2026-06-07
COL00480,T008,T125,2,school,SCH010,Singapore American School,different time,2021-2026 / 2018-2020,unverified,2026-06-07
COL00481,T008,T127,3,city,"Singapore, Singapore","Singapore, Singapore",same time,2021-2025,unverified,2026-06-07
COL00482,T008,T132,2,school,SCH010,Singapore American School,different time,2021-2026 / 2009-2011,mutual,2026-06-07
COL00483,T008,T135,2,school,SCH010,Singapore American School,different time,2021-2026 / 2003-2007,unverified,2026-06-07
COL00484,T008,T136,1,school,SCH035,Graded - The American School of Sao Paulo,same time,2021-2021,unverified,2026-06-07
COL00485,T008,T142,3,city,"Singapore, Singapore","Singapore, Singapore",same time,2021-2021,unverified,2026-06-07
COL00486,T009,T010,1,school,SCH036,American International School of Lagos,same time,2021-2026,unverified,2026-06-07
COL00487,T009,T016,1,school,SCH036,American International School of Lagos,same time,2021-2021,unverified,2026-06-07
COL00488,T009,T024,1,school,SCH035,Graded - The American School of Sao Paulo,same time,2017-2019,unverified,2026-06-07
COL00489,T009,T045,1,school,SCH036,American International School of Lagos,same time,2021-2026,unverified,2026-06-07
COL00490,T009,T047,2,school,SCH035,Graded - The American School of Sao Paulo,different time,2017-2021 / 2010-2012,unverified,2026-06-07
COL00491,T009,T062,2,school,SCH035,Graded - The American School of Sao Paulo,different time,2017-2021 / 2008-2011,one-sided,2026-06-07
COL00492,T009,T074,2,school,SCH036,American International School of Lagos,different time,2021-2026 / 2015-2018,one-sided,2026-06-07
COL00493,T009,T077,1,school,SCH035,Graded - The American School of Sao Paulo,same time,2017-2020,unverified,2026-06-07
COL00494,T009,T080,1,school,SCH036,American International School of Lagos,same time,2021-2021,mutual,2026-06-07
COL00495,T009,T084,2,school,SCH036,American International School of Lagos,different time,2021-2026 / 2011-2015,unverified,2026-06-07
COL00496,T009,T085,1,school,SCH036,American International School of Lagos,same time,2022-2026,unverified,2026-06-07
COL00497,T009,T102,2,school,SCH036,American International School of Lagos,different time,2021-2026 / 2013-2018,unverified,2026-06-07
COL00498,T009,T123,2,school,SCH036,American International School of Lagos,different time,2021-2026 / 2016-2019,unverified,2026-06-07
COL00499,T009,T124,1,school,SCH036,American International School of Lagos,same time,2021-2022,unverified,2026-06-07
COL00500,T009,T130,1,school,SCH036,American International School of Lagos,same time,2021-2025,one-sided,2026-06-07
COL00501,T009,T136,1,school,SCH035,Graded - The American School of Sao Paulo,same time,2021-2021,unverified,2026-06-07
COL00502,T009,T141,1,school,SCH036,American International School of Lagos,same time,2021-2021,mutual,2026-06-07
COL00503,T009,T145,2,school,SCH036,American International School of Lagos,different time,2021-2026 / 2018-2020,unverified,2026-06-07
COL00504,T009,T148,2,school,SCH036,American International School of Lagos,different time,2021-2026 / 2013-2017,mutual,2026-06-07
COL00505,T010,T016,1,school,SCH036,American International School of Lagos,same time,2021-2021,one-sided,2026-06-07
COL00506,T010,T045,1,school,SCH036,American International School of Lagos,same time,2021-2026,mutual,2026-06-07
COL00507,T010,T062,2,school,SCH037,Lincoln Community School Accra,different time,2017-2021 / 2012-2016,unverified,2026-06-07
COL00508,T010,T069,1,school,SCH037,Lincoln Community School Accra,same time,2017-2020,unverified,2026-06-07
COL00509,T010,T074,2,school,SCH036,American International School of Lagos,different time,2021-2026 / 2015-2018,mutual,2026-06-07
COL00510,T010,T077,1,school,SCH036,American International School of Lagos,same time,2021-2024,mutual,2026-06-07
COL00511,T010,T080,1,school,SCH036,American International School of Lagos,same time,2021-2021,unverified,2026-06-07
COL00512,T010,T084,2,school,SCH036,American International School of Lagos,different time,2021-2026 / 2011-2015,mutual,2026-06-07
COL00513,T010,T085,1,school,SCH036,American International School of Lagos,same time,2022-2026,unverified,2026-06-07
COL00514,T010,T087,2,school,SCH037,Lincoln Community School Accra,different time,2017-2021 / 2022-2025,one-sided,2026-06-07
COL00515,T010,T092,2,school,SCH037,Lincoln Community School Accra,different time,2017-2021 / 2007-2012,one-sided,2026-06-07
COL00516,T010,T093,1,school,SCH037,Lincoln Community School Accra,same time,2017-2018,unverified,2026-06-07
COL00517,T010,T102,2,school,SCH036,American International School of Lagos,different time,2021-2026 / 2013-2018,one-sided,2026-06-07
COL00518,T010,T123,2,school,SCH036,American International School of Lagos,different time,2021-2026 / 2016-2019,unverified,2026-06-07
COL00519,T010,T124,1,school,SCH036,American International School of Lagos,same time,2021-2022,unverified,2026-06-07
COL00520,T010,T127,2,school,SCH037,Lincoln Community School Accra,different time,2017-2021 / 2009-2012,mutual,2026-06-07
COL00521,T010,T130,1,school,SCH036,American International School of Lagos,same time,2021-2025,unverified,2026-06-07
COL00522,T010,T141,1,school,SCH036,American International School of Lagos,same time,2021-2021,unverified,2026-06-07
COL00523,T010,T145,2,school,SCH036,American International School of Lagos,different time,2021-2026 / 2018-2020,unverified,2026-06-07
COL00524,T010,T148,2,school,SCH036,American International School of Lagos,different time,2021-2026 / 2013-2017,unverified,2026-06-07
COL00525,T011,T013,1,school,SCH014,Hong Kong International School,same time,2016-2016,unverified,2026-06-07
COL00526,T011,T015,4,city,"Hong Kong, China","Hong Kong, China",different time,2012-2016 / 2018-2022,unverified,2026-06-07
COL00527,T011,T016,2,school,SCH009,Bangkok Patana School,different time,2007-2011 / 2014-2016,mutual,2026-06-07
COL00528,T011,T018,5,country,United States,United States,same time,2019-2020,mutual,2026-06-07
COL00529,T011,T019,5,country,China,China,same time,2013-2015,one-sided,2026-06-07
COL00530,T011,T020,1,school,SCH031,International School of Kuala Lumpur,same time,2021-2023,unverified,2026-06-07
COL00531,T011,T022,4,city,"Bangkok, Thailand","Bangkok, Thailand",different time,2007-2011 / 2016-2018,one-sided,2026-06-07
COL00532,T011,T025,6,country,China,China,different time,2012-2016 / 2008-2010,unverified,2026-06-07
COL00533,T011,T031,6,country,China,China,different time,2012-2016 / 2020-2022,mutual,2026-06-07
COL00534,T011,T034,1,school,SCH009,Bangkok Patana School,same time,2007-2011,mutual,2026-06-07
COL00535,T011,T035,4,city,"Bangkok, Thailand","Bangkok, Thailand",different time,2007-2011 / 2000-2003,unverified,2026-06-07
COL00536,T011,T038,3,city,"Hong Kong, China","Hong Kong, China",same time,2015-2016,unverified,2026-06-07
COL00537,T011,T039,5,country,United States,United States,same time,2019-2020,mutual,2026-06-07
COL00538,T011,T040,5,country,United States,United States,same time,2019-2020,mutual,2026-06-07
COL00539,T011,T041,1,school,SCH014,Hong Kong International School,same time,2015-2016,one-sided,2026-06-07
COL00540,T011,T042,2,school,SCH023,Washington International School,different time,2016-2020 / 2004-2009,unverified,2026-06-07
COL00541,T011,T043,4,city,"Bangkok, Thailand","Bangkok, Thailand",different time,2007-2011 / 2023-2026,unverified,2026-06-07
COL00542,T011,T044,1,school,SCH031,International School of Kuala Lumpur,same time,2021-2023,one-sided,2026-06-07
COL00543,T011,T047,5,country,United States,United States,same time,2016-2018,unverified,2026-06-07
COL00544,T011,T049,4,city,"Bangkok, Thailand","Bangkok, Thailand",different time,2007-2011 / 2012-2015,mutual,2026-06-07
COL00545,T011,T051,3,city,"Bangkok, Thailand","Bangkok, Thailand",same time,2011-2011,mutual,2026-06-07
COL00546,T011,T052,2,school,SCH023,Washington International School,different time,2016-2020 / 2010-2012,unverified,2026-06-07
COL00547,T011,T053,2,school,SCH031,International School of Kuala Lumpur,different time,2021-2023 / 2024-2026,unverified,2026-06-07
COL00548,T011,T054,5,country,China,China,same time,2012-2014,one-sided,2026-06-07
COL00549,T011,T055,4,city,"Bangkok, Thailand","Bangkok, Thailand",different time,2007-2011 / 2018-2020,unverified,2026-06-07
COL00550,T011,T056,6,country,China,China,different time,2012-2016 / 2021-2025,unverified,2026-06-07
COL00551,T011,T057,1,school,SCH031,International School of Kuala Lumpur,same time,2021-2022,unverified,2026-06-07
COL00552,T011,T059,2,school,SCH023,Washington International School,different time,2016-2020 / 2009-2011,unverified,2026-06-07
COL00553,T011,T060,6,country,China,China,different time,2012-2016 / 2021-2024,unverified,2026-06-07
COL00554,T011,T061,2,school,SCH014,Hong Kong International School,different time,2012-2016 / 2017-2022,unverified,2026-06-07
COL00555,T011,T062,4,city,"Bangkok, Thailand","Bangkok, Thailand",different time,2007-2011 / 2016-2021,one-sided,2026-06-07
COL00556,T011,T063,2,school,SCH031,International School of Kuala Lumpur,different time,2021-2023 / 2015-2020,one-sided,2026-06-07
COL00557,T011,T064,6,country,United States,United States,different time,2016-2020 / 2021-2026,unverified,2026-06-07
COL00558,T011,T065,2,school,SCH031,International School of Kuala Lumpur,different time,2021-2023 / 2010-2012,one-sided,2026-06-07
COL00559,T011,T066,6,country,China,China,different time,2012-2016 / 2022-2026,unverified,2026-06-07
COL00560,T011,T067,6,country,China,China,different time,2012-2016 / 2017-2021,unverified,2026-06-07
COL00561,T011,T069,5,country,China,China,same time,2012-2014,unverified,2026-06-07
COL00562,T011,T070,2,school,SCH031,International School of Kuala Lumpur,different time,2021-2023 / 2016-2019,unverified,2026-06-07
COL00563,T011,T071,4,city,"Bangkok, Thailand","Bangkok, Thailand",different time,2007-2011 / 2012-2015,unverified,2026-06-07
COL00564,T011,T072,1,school,SCH023,Washington International School,same time,2016-2016,unverified,2026-06-07
COL00565,T011,T073,5,country,China,China,same time,2012-2013,unverified,2026-06-07
COL00566,T011,T074,3,city,"Bangkok, Thailand","Bangkok, Thailand",same time,2011-2011,unverified,2026-06-07
COL00567,T011,T075,1,school,SCH031,International School of Kuala Lumpur,same time,2021-2022,unverified,2026-06-07
COL00568,T011,T076,5,country,China,China,same time,2012-2016,unverified,2026-06-07
COL00569,T011,T078,5,country,United States,United States,same time,2017-2020,unverified,2026-06-07
COL00570,T011,T080,6,country,China,China,different time,2012-2016 / 2021-2023,mutual,2026-06-07
COL00571,T011,T081,3,city,"Bangkok, Thailand","Bangkok, Thailand",same time,2011-2011,unverified,2026-06-07
COL00572,T011,T082,1,school,SCH023,Washington International School,same time,2016-2017,unverified,2026-06-07
COL00573,T011,T084,4,city,"Bangkok, Thailand","Bangkok, Thailand",different time,2007-2011 / 2018-2023,unverified,2026-06-07
COL00574,T011,T086,6,country,China,China,different time,2012-2016 / 2017-2020,unverified,2026-06-07
COL00575,T011,T088,4,city,"Bangkok, Thailand","Bangkok, Thailand",different time,2007-2011 / 2016-2019,unverified,2026-06-07
COL00576,T011,T090,4,city,"Hong Kong, China","Hong Kong, China",different time,2012-2016 / 2020-2026,unverified,2026-06-07
COL00577,T011,T091,1,school,SCH023,Washington International School,same time,2016-2018,unverified,2026-06-07
COL00578,T011,T092,3,city,"Hong Kong, China","Hong Kong, China",same time,2016-2016,unverified,2026-06-07
COL00579,T011,T094,2,school,SCH009,Bangkok Patana School,different time,2007-2011 / 2021-2026,unverified,2026-06-07
COL00580,T011,T095,1,school,SCH023,Washington International School,same time,2016-2017,unverified,2026-06-07
COL00581,T011,T099,1,school,SCH031,International School of Kuala Lumpur,same time,2021-2022,one-sided,2026-06-07
COL00582,T011,T100,2,school,SCH009,Bangkok Patana School,different time,2007-2011 / 2019-2022,mutual,2026-06-07
COL00583,T011,T101,5,country,China,China,same time,2016-2016,unverified,2026-06-07
COL00584,T011,T105,2,school,SCH023,Washington International School,different time,2016-2020 / 2000-2003,mutual,2026-06-07
COL00585,T011,T106,6,country,China,China,different time,2012-2016 / 2006-2010,unverified,2026-06-07
COL00586,T011,T107,2,school,SCH009,Bangkok Patana School,different time,2007-2011 / 2016-2020,one-sided,2026-06-07
COL00587,T011,T108,4,city,"Bangkok, Thailand","Bangkok, Thailand",different time,2007-2011 / 2012-2014,mutual,2026-06-07
COL00588,T011,T109,6,country,China,China,different time,2012-2016 / 2018-2021,unverified,2026-06-07
COL00589,T011,T110,4,city,"Bangkok, Thailand","Bangkok, Thailand",different time,2007-2011 / 2017-2019,unverified,2026-06-07
COL00590,T011,T111,5,country,United States,United States,same time,2016-2018,mutual,2026-06-07
COL00591,T011,T112,6,country,China,China,different time,2012-2016 / 2018-2022,unverified,2026-06-07
COL00592,T011,T114,5,country,China,China,same time,2014-2016,unverified,2026-06-07
COL00593,T011,T115,2,school,SCH031,International School of Kuala Lumpur,different time,2021-2023 / 2010-2014,unverified,2026-06-07
COL00594,T011,T116,1,school,SCH014,Hong Kong International School,same time,2012-2012,mutual,2026-06-07
COL00595,T011,T117,3,city,"Hong Kong, China","Hong Kong, China",same time,2013-2016,unverified,2026-06-07
COL00596,T011,T119,4,city,"Bangkok, Thailand","Bangkok, Thailand",different time,2007-2011 / 2022-2026,unverified,2026-06-07
COL00597,T011,T120,6,country,China,China,different time,2012-2016 / 2019-2023,unverified,2026-06-07
COL00598,T011,T121,1,school,SCH023,Washington International School,same time,2016-2020,unverified,2026-06-07
COL00599,T011,T122,5,country,United States,United States,same time,2016-2017,unverified,2026-06-07
COL00600,T011,T123,3,city,"Bangkok, Thailand","Bangkok, Thailand",same time,2007-2008,unverified,2026-06-07
COL00601,T011,T125,6,country,China,China,different time,2012-2016 / 2020-2022,unverified,2026-06-07
COL00602,T011,T126,5,country,United States,United States,same time,2016-2020,mutual,2026-06-07
COL00603,T011,T128,5,country,United States,United States,same time,2016-2018,unverified,2026-06-07
COL00604,T011,T129,2,school,SCH009,Bangkok Patana School,different time,2007-2011 / 2020-2026,unverified,2026-06-07
COL00605,T011,T131,1,school,SCH023,Washington International School,same time,2020-2020,one-sided,2026-06-07
COL00606,T011,T132,5,country,United States,United States,same time,2016-2016,unverified,2026-06-07
COL00607,T011,T134,6,country,China,China,different time,2012-2016 / 2018-2020,one-sided,2026-06-07
COL00608,T011,T135,3,city,"Bangkok, Thailand","Bangkok, Thailand",same time,2007-2010,one-sided,2026-06-07
COL00609,T011,T137,3,city,"Bangkok, Thailand","Bangkok, Thailand",same time,2009-2011,one-sided,2026-06-07
COL00610,T011,T138,2,school,SCH009,Bangkok Patana School,different time,2007-2011 / 2012-2017,unverified,2026-06-07
COL00611,T011,T139,6,country,China,China,different time,2012-2016 / 2021-2026,unverified,2026-06-07
COL00612,T011,T142,3,city,"Bangkok, Thailand","Bangkok, Thailand",same time,2009-2011,unverified,2026-06-07
COL00613,T011,T143,1,school,SCH031,International School of Kuala Lumpur,same time,2021-2022,unverified,2026-06-07
COL00614,T011,T144,6,country,China,China,different time,2012-2016 / 2021-2023,unverified,2026-06-07
COL00615,T011,T149,5,country,China,China,same time,2014-2016,one-sided,2026-06-07
COL00616,T012,T018,4,city,"Singapore, Singapore","Singapore, Singapore",different time,2022-2025 / 2014-2019,unverified,2026-06-07
COL00617,T012,T029,1,school,SCH010,Singapore American School,same time,2022-2025,mutual,2026-06-07
COL00618,T012,T030,1,school,SCH010,Singapore American School,same time,2022-2025,unverified,2026-06-07
COL00619,T012,T048,1,school,SCH010,Singapore American School,same time,2022-2022,unverified,2026-06-07
COL00620,T012,T049,4,city,"Singapore, Singapore","Singapore, Singapore",different time,2022-2025 / 2018-2020,unverified,2026-06-07
COL00621,T012,T054,2,school,SCH010,Singapore American School,different time,2022-2025 / 2007-2009,unverified,2026-06-07
COL00622,T012,T056,2,school,SCH010,Singapore American School,different time,2022-2025 / 2018-2020,unverified,2026-06-07
COL00623,T012,T073,2,school,SCH010,Singapore American School,different time,2022-2025 / 2018-2021,unverified,2026-06-07
COL00624,T012,T083,2,school,SCH010,Singapore American School,different time,2022-2025 / 2013-2015,unverified,2026-06-07
COL00625,T012,T085,2,school,SCH010,Singapore American School,different time,2022-2025 / 2016-2021,unverified,2026-06-07
COL00626,T012,T086,4,city,"Singapore, Singapore","Singapore, Singapore",different time,2022-2025 / 2014-2016,unverified,2026-06-07
COL00627,T012,T093,2,school,SCH010,Singapore American School,different time,2022-2025 / 2018-2021,unverified,2026-06-07
COL00628,T012,T103,3,city,"Singapore, Singapore","Singapore, Singapore",same time,2022-2023,unverified,2026-06-07
COL00629,T012,T106,2,school,SCH010,Singapore American School,different time,2022-2025 / 2011-2013,unverified,2026-06-07
COL00630,T012,T107,3,city,"Singapore, Singapore","Singapore, Singapore",same time,2022-2025,unverified,2026-06-07
COL00631,T012,T112,4,city,"Singapore, Singapore","Singapore, Singapore",different time,2022-2025 / 2016-2018,unverified,2026-06-07
COL00632,T012,T125,2,school,SCH010,Singapore American School,different time,2022-2025 / 2018-2020,mutual,2026-06-07
COL00633,T012,T127,3,city,"Singapore, Singapore","Singapore, Singapore",same time,2022-2025,mutual,2026-06-07
COL00634,T012,T132,2,school,SCH010,Singapore American School,different time,2022-2025 / 2009-2011,mutual,2026-06-07
COL00635,T012,T135,2,school,SCH010,Singapore American School,different time,2022-2025 / 2003-2007,unverified,2026-06-07
COL00636,T012,T142,4,city,"Singapore, Singapore","Singapore, Singapore",different time,2022-2025 / 2019-2021,unverified,2026-06-07
COL00637,T013,T015,3,city,"Hong Kong, China","Hong Kong, China",same time,2018-2018,unverified,2026-06-07
COL00638,T013,T016,4,city,"Hong Kong, China","Hong Kong, China",different time,2016-2018 / 2022-2026,unverified,2026-06-07
COL00639,T013,T017,2,school,SCH001,American School of Dubai,different time,2006-2010 / 2015-2018,one-sided,2026-06-07
COL00640,T013,T019,6,country,China,China,different time,2016-2018 / 2013-2015,one-sided,2026-06-07
COL00641,T013,T021,4,city,"Dubai, United Arab Emirates","Dubai, United Arab Emirates",different time,2006-2010 / 2021-2023,mutual,2026-06-07
COL00642,T013,T022,2,school,SCH029,The American School in London,different time,2018-2021 / 2012-2015,mutual,2026-06-07
COL00643,T013,T025,2,school,SCH001,American School of Dubai,different time,2006-2010 / 2011-2015,one-sided,2026-06-07
COL00644,T013,T026,2,school,SCH001,American School of Dubai,different time,2006-2010 / 2019-2022,unverified,2026-06-07
COL00645,T013,T027,6,country,United Arab Emirates,United Arab Emirates,different time,2006-2010 / 2018-2023,unverified,2026-06-07
COL00646,T013,T031,6,country,China,China,different time,2016-2018 / 2020-2022,unverified,2026-06-07
COL00647,T013,T032,2,school,SCH001,American School of Dubai,different time,2006-2010 / 2021-2026,one-sided,2026-06-07
COL00648,T013,T033,4,city,"Dubai, United Arab Emirates","Dubai, United Arab Emirates",different time,2006-2010 / 2021-2026,unverified,2026-06-07
COL00649,T013,T034,2,school,SCH001,American School of Dubai,different time,2006-2010 / 2021-2023,unverified,2026-06-07
COL00650,T013,T035,5,country,United Arab Emirates,United Arab Emirates,same time,2006-2009,unverified,2026-06-07
COL00651,T013,T036,1,school,SCH026,American Embassy School New Delhi,same time,2012-2014,mutual,2026-06-07
COL00652,T013,T037,4,city,"Dubai, United Arab Emirates","Dubai, United Arab Emirates",different time,2006-2010 / 2016-2018,unverified,2026-06-07
COL00653,T013,T038,3,city,"Hong Kong, China","Hong Kong, China",same time,2016-2018,unverified,2026-06-07
COL00654,T013,T041,1,school,SCH014,Hong Kong International School,same time,2016-2018,unverified,2026-06-07
COL00655,T013,T042,2,school,SCH001,American School of Dubai,different time,2006-2010 / 2015-2017,unverified,2026-06-07
COL00656,T013,T043,4,city,"Dubai, United Arab Emirates","Dubai, United Arab Emirates",different time,2006-2010 / 2018-2022,one-sided,2026-06-07
COL00657,T013,T046,3,city,"Dubai, United Arab Emirates","Dubai, United Arab Emirates",same time,2006-2010,mutual,2026-06-07
COL00658,T013,T050,6,country,United Arab Emirates,United Arab Emirates,different time,2006-2010 / 2015-2019,mutual,2026-06-07
COL00659,T013,T052,6,country,China,China,different time,2016-2018 / 2019-2023,mutual,2026-06-07
COL00660,T013,T054,4,city,"Dubai, United Arab Emirates","Dubai, United Arab Emirates",different time,2006-2010 / 2018-2022,one-sided,2026-06-07
COL00661,T013,T055,2,school,SCH001,American School of Dubai,different time,2006-2010 / 2020-2023,unverified,2026-06-07
COL00662,T013,T056,2,school,SCH001,American School of Dubai,different time,2006-2010 / 2014-2018,mutual,2026-06-07
COL00663,T013,T057,6,country,China,China,different time,2016-2018 / 2005-2009,unverified,2026-06-07
COL00664,T013,T058,2,school,SCH029,The American School in London,different time,2018-2021 / 2023-2026,unverified,2026-06-07
COL00665,T013,T059,4,city,"Dubai, United Arab Emirates","Dubai, United Arab Emirates",different time,2006-2010 / 2015-2020,unverified,2026-06-07
COL00666,T013,T060,6,country,China,China,different time,2016-2018 / 2021-2024,unverified,2026-06-07
COL00667,T013,T061,1,school,SCH014,Hong Kong International School,same time,2017-2018,unverified,2026-06-07
COL00668,T013,T063,6,country,United Arab Emirates,United Arab Emirates,different time,2006-2010 / 2021-2026,mutual,2026-06-07
COL00669,T013,T064,1,school,SCH029,The American School in London,same time,2018-2021,mutual,2026-06-07
COL00670,T013,T066,4,city,"Dubai, United Arab Emirates","Dubai, United Arab Emirates",different time,2006-2010 / 2019-2022,unverified,2026-06-07
COL00671,T013,T067,5,country,China,China,same time,2017-2018,one-sided,2026-06-07
COL00672,T013,T068,6,country,United Arab Emirates,United Arab Emirates,different time,2006-2010 / 2016-2021,mutual,2026-06-07
COL00673,T013,T069,6,country,China,China,different time,2016-2018 / 2009-2014,unverified,2026-06-07
COL00674,T013,T071,3,city,"Dubai, United Arab Emirates","Dubai, United Arab Emirates",same time,2010-2010,unverified,2026-06-07
COL00675,T013,T073,3,city,"Dubai, United Arab Emirates","Dubai, United Arab Emirates",same time,2006-2009,unverified,2026-06-07
COL00676,T013,T076,5,country,India,India,same time,2011-2011,mutual,2026-06-07
COL00677,T013,T078,6,country,China,China,different time,2016-2018 / 2021-2025,unverified,2026-06-07
COL00678,T013,T079,2,school,SCH001,American School of Dubai,different time,2006-2010 / 2014-2019,unverified,2026-06-07
COL00679,T013,T080,6,country,China,China,different time,2016-2018 / 2021-2023,mutual,2026-06-07
COL00680,T013,T081,2,school,SCH026,American Embassy School New Delhi,different time,2011-2016 / 2021-2026,unverified,2026-06-07
COL00681,T013,T082,6,country,United Arab Emirates,United Arab Emirates,different time,2006-2010 / 2018-2022,unverified,2026-06-07
COL00682,T013,T083,6,country,India,India,different time,2011-2016 / 2021-2026,unverified,2026-06-07
COL00683,T013,T084,2,school,SCH029,The American School in London,different time,2018-2021 / 2015-2017,unverified,2026-06-07
COL00684,T013,T086,5,country,China,China,same time,2017-2018,unverified,2026-06-07
COL00685,T013,T087,2,school,SCH026,American Embassy School New Delhi,different time,2011-2016 / 2007-2010,one-sided,2026-06-07
COL00686,T013,T088,4,city,"Dubai, United Arab Emirates","Dubai, United Arab Emirates",different time,2006-2010 / 2020-2022,unverified,2026-06-07
COL00687,T013,T089,6,country,United Arab Emirates,United Arab Emirates,different time,2006-2010 / 2016-2018,unverified,2026-06-07
COL00688,T013,T090,4,city,"Hong Kong, China","Hong Kong, China",different time,2016-2018 / 2020-2026,unverified,2026-06-07
COL00689,T013,T091,6,country,India,India,different time,2011-2016 / 2019-2021,mutual,2026-06-07
COL00690,T013,T092,3,city,"Hong Kong, China","Hong Kong, China",same time,2016-2018,one-sided,2026-06-07
COL00691,T013,T094,6,country,United Arab Emirates,United Arab Emirates,different time,2006-2010 / 2019-2021,unverified,2026-06-07
COL00692,T013,T095,1,school,SCH014,Hong Kong International School,same time,2017-2018,unverified,2026-06-07
COL00693,T013,T096,4,city,"Dubai, United Arab Emirates","Dubai, United Arab Emirates",different time,2006-2010 / 2019-2023,mutual,2026-06-07
COL00694,T013,T097,4,city,"Dubai, United Arab Emirates","Dubai, United Arab Emirates",different time,2006-2010 / 2021-2025,unverified,2026-06-07
COL00695,T013,T098,5,country,United Arab Emirates,United Arab Emirates,same time,2006-2006,unverified,2026-06-07
COL00696,T013,T099,5,country,India,India,same time,2015-2016,one-sided,2026-06-07
COL00697,T013,T100,4,city,"Dubai, United Arab Emirates","Dubai, United Arab Emirates",different time,2006-2010 / 2014-2019,unverified,2026-06-07
COL00698,T013,T101,5,country,China,China,same time,2016-2018,unverified,2026-06-07
COL00699,T013,T104,4,city,"Dubai, United Arab Emirates","Dubai, United Arab Emirates",different time,2006-2010 / 2017-2022,unverified,2026-06-07
COL00700,T013,T105,6,country,China,China,different time,2016-2018 / 2009-2014,one-sided,2026-06-07
COL00701,T013,T106,4,city,"Dubai, United Arab Emirates","Dubai, United Arab Emirates",different time,2006-2010 / 2014-2018,unverified,2026-06-07
COL00702,T013,T108,5,country,China,China,same time,2016-2018,one-sided,2026-06-07
COL00703,T013,T109,5,country,China,China,same time,2018-2018,mutual,2026-06-07
COL00704,T013,T112,5,country,China,China,same time,2018-2018,unverified,2026-06-07
COL00705,T013,T114,3,city,"Dubai, United Arab Emirates","Dubai, United Arab Emirates",same time,2006-2008,unverified,2026-06-07
COL00706,T013,T115,2,school,SCH026,American Embassy School New Delhi,different time,2011-2016 / 2007-2010,unverified,2026-06-07
COL00707,T013,T116,2,school,SCH014,Hong Kong International School,different time,2016-2018 / 2010-2012,unverified,2026-06-07
COL00708,T013,T117,3,city,"Hong Kong, China","Hong Kong, China",same time,2016-2017,one-sided,2026-06-07
COL00709,T013,T118,2,school,SCH001,American School of Dubai,different time,2006-2010 / 2014-2016,unverified,2026-06-07
COL00710,T013,T119,1,school,SCH026,American Embassy School New Delhi,same time,2016-2016,mutual,2026-06-07
COL00711,T013,T120,6,country,China,China,different time,2016-2018 / 2019-2023,one-sided,2026-06-07
COL00712,T013,T122,2,school,SCH001,American School of Dubai,different time,2006-2010 / 2021-2026,unverified,2026-06-07
COL00713,T013,T123,6,country,China,China,different time,2016-2018 / 2000-2004,unverified,2026-06-07
COL00714,T013,T124,4,city,"Dubai, United Arab Emirates","Dubai, United Arab Emirates",different time,2006-2010 / 2013-2016,one-sided,2026-06-07
COL00715,T013,T125,6,country,China,China,different time,2016-2018 / 2020-2022,unverified,2026-06-07
COL00716,T013,T126,6,country,United Arab Emirates,United Arab Emirates,different time,2006-2010 / 2013-2016,one-sided,2026-06-07
COL00717,T013,T129,3,city,"Hong Kong, China","Hong Kong, China",same time,2018-2018,one-sided,2026-06-07
COL00718,T013,T131,6,country,India,India,different time,2011-2016 / 2007-2009,one-sided,2026-06-07
COL00719,T013,T134,1,school,SCH026,American Embassy School New Delhi,same time,2014-2016,unverified,2026-06-07
COL00720,T013,T135,6,country,United Arab Emirates,United Arab Emirates,different time,2006-2010 / 2011-2016,mutual,2026-06-07
COL00721,T013,T137,6,country,China,China,different time,2016-2018 / 2006-2009,mutual,2026-06-07
COL00722,T013,T138,1,school,SCH014,Hong Kong International School,same time,2017-2018,unverified,2026-06-07
COL00723,T013,T139,6,country,China,China,different time,2016-2018 / 2021-2026,unverified,2026-06-07
COL00724,T013,T140,4,city,"Dubai, United Arab Emirates","Dubai, United Arab Emirates",different time,2006-2010 / 2017-2020,unverified,2026-06-07
COL00725,T013,T141,2,school,SCH029,The American School in London,different time,2018-2021 / 2022-2026,unverified,2026-06-07
COL00726,T013,T142,5,country,China,China,same time,2016-2018,unverified,2026-06-07
COL00727,T013,T143,6,country,China,China,different time,2016-2018 / 2007-2012,one-sided,2026-06-07
COL00728,T013,T144,2,school,SCH001,American School of Dubai,different time,2006-2010 / 2024-2026,unverified,2026-06-07
COL00729,T013,T145,5,country,India,India,same time,2011-2015,mutual,2026-06-07
COL00730,T013,T148,5,country,India,India,same time,2011-2013,unverified,2026-06-07
COL00731,T013,T149,5,country,China,China,same time,2016-2018,one-sided,2026-06-07
COL00732,T013,T150,5,country,India,India,same time,2013-2015,unverified,2026-06-07
COL00733,T014,T017,1,school,SCH012,Cairo American College,same time,2018-2021,mutual,2026-06-07
COL00734,T014,T018,1,school,SCH032,Jakarta Intercultural School,same time,2011-2014,unverified,2026-06-07
COL00735,T014,T020,1,school,SCH012,Cairo American College,same time,2017-2021,unverified,2026-06-07
COL00736,T014,T028,4,city,"Cairo, Egypt","Cairo, Egypt",different time,2016-2021 / 2022-2026,unverified,2026-06-07
COL00737,T014,T035,2,school,SCH027,International School of Kenya,different time,2008-2010 / 2014-2016,unverified,2026-06-07
COL00738,T014,T038,1,school,SCH012,Cairo American College,same time,2021-2021,unverified,2026-06-07
COL00739,T014,T042,1,school,SCH012,Cairo American College,same time,2017-2019,unverified,2026-06-07
COL00740,T014,T045,3,city,"Cairo, Egypt","Cairo, Egypt",same time,2018-2020,mutual,2026-06-07
COL00741,T014,T046,4,city,"Cairo, Egypt","Cairo, Egypt",different time,2016-2021 / 2011-2015,unverified,2026-06-07
COL00742,T014,T059,2,school,SCH012,Cairo American College,different time,2016-2021 / 2011-2014,unverified,2026-06-07
COL00743,T014,T065,2,school,SCH027,International School of Kenya,different time,2008-2010 / 2020-2022,mutual,2026-06-07
COL00744,T014,T071,1,school,SCH012,Cairo American College,same time,2016-2018,unverified,2026-06-07
COL00745,T014,T072,3,city,"Cairo, Egypt","Cairo, Egypt",same time,2017-2021,unverified,2026-06-07
COL00746,T014,T076,3,city,"Cairo, Egypt","Cairo, Egypt",same time,2017-2019,unverified,2026-06-07
COL00747,T014,T083,2,school,SCH012,Cairo American College,different time,2016-2021 / 2008-2012,mutual,2026-06-07
COL00748,T014,T086,1,school,SCH012,Cairo American College,same time,2020-2021,unverified,2026-06-07
COL00749,T014,T095,1,school,SCH027,International School of Kenya,same time,2008-2010,unverified,2026-06-07
COL00750,T014,T098,1,school,SCH012,Cairo American College,same time,2016-2020,one-sided,2026-06-07
COL00751,T014,T100,2,school,SCH012,Cairo American College,different time,2016-2021 / 2006-2011,unverified,2026-06-07
COL00752,T014,T101,1,school,SCH032,Jakarta Intercultural School,same time,2013-2016,unverified,2026-06-07
COL00753,T014,T102,2,school,SCH032,Jakarta Intercultural School,different time,2011-2016 / 2018-2023,unverified,2026-06-07
COL00754,T014,T105,2,school,SCH012,Cairo American College,different time,2016-2021 / 2003-2005,one-sided,2026-06-07
COL00755,T014,T108,1,school,SCH032,Jakarta Intercultural School,same time,2014-2016,unverified,2026-06-07
COL00756,T014,T109,2,school,SCH012,Cairo American College,different time,2016-2021 / 2013-2015,mutual,2026-06-07
COL00757,T014,T110,1,school,SCH032,Jakarta Intercultural School,same time,2013-2016,mutual,2026-06-07
COL00758,T014,T114,2,school,SCH012,Cairo American College,different time,2016-2021 / 2008-2010,unverified,2026-06-07
COL00759,T014,T115,1,school,SCH012,Cairo American College,same time,2020-2021,unverified,2026-06-07
COL00760,T014,T121,3,city,"Cairo, Egypt","Cairo, Egypt",same time,2016-2016,unverified,2026-06-07
COL00761,T014,T127,1,school,SCH012,Cairo American College,same time,2019-2021,one-sided,2026-06-07
COL00762,T014,T131,2,school,SCH032,Jakarta Intercultural School,different time,2011-2016 / 2003-2006,unverified,2026-06-07
COL00763,T014,T132,4,city,"Cairo, Egypt","Cairo, Egypt",different time,2016-2021 / 2003-2008,unverified,2026-06-07
COL00764,T014,T133,2,school,SCH027,International School of Kenya,different time,2008-2010 / 2019-2023,unverified,2026-06-07
COL00765,T014,T135,3,city,"Cairo, Egypt","Cairo, Egypt",same time,2016-2021,unverified,2026-06-07
COL00766,T014,T137,2,school,SCH027,International School of Kenya,different time,2008-2010 / 2013-2018,unverified,2026-06-07
COL00767,T014,T140,1,school,SCH012,Cairo American College,same time,2021-2021,one-sided,2026-06-07
COL00768,T014,T147,2,school,SCH027,International School of Kenya,different time,2008-2010 / 2019-2023,one-sided,2026-06-07
COL00769,T015,T016,1,school,SCH015,Canadian International School of Hong Kong,same time,2022-2022,unverified,2026-06-07
COL00770,T015,T019,6,country,China,China,different time,2018-2022 / 2013-2015,unverified,2026-06-07
COL00771,T015,T022,5,country,China,China,same time,2018-2020,unverified,2026-06-07
COL00772,T015,T025,6,country,China,China,different time,2018-2022 / 2008-2010,unverified,2026-06-07
COL00773,T015,T031,5,country,China,China,same time,2020-2022,unverified,2026-06-07
COL00774,T015,T038,1,school,SCH015,Canadian International School of Hong Kong,same time,2018-2020,mutual,2026-06-07
COL00775,T015,T041,1,school,SCH015,Canadian International School of Hong Kong,same time,2021-2022,unverified,2026-06-07
COL00776,T015,T052,5,country,China,China,same time,2019-2022,unverified,2026-06-07
COL00777,T015,T054,6,country,China,China,different time,2018-2022 / 2010-2014,mutual,2026-06-07
COL00778,T015,T056,5,country,China,China,same time,2021-2022,one-sided,2026-06-07
COL00779,T015,T057,6,country,China,China,different time,2018-2022 / 2005-2009,unverified,2026-06-07
COL00780,T015,T060,5,country,China,China,same time,2021-2022,unverified,2026-06-07
COL00781,T015,T061,3,city,"Hong Kong, China","Hong Kong, China",same time,2018-2022,unverified,2026-06-07
COL00782,T015,T066,5,country,China,China,same time,2022-2022,unverified,2026-06-07
COL00783,T015,T067,5,country,China,China,same time,2018-2021,unverified,2026-06-07
COL00784,T015,T069,5,country,China,China,same time,2021-2022,unverified,2026-06-07
COL00785,T015,T073,6,country,China,China,different time,2018-2022 / 2009-2013,unverified,2026-06-07
COL00786,T015,T076,6,country,China,China,different time,2018-2022 / 2012-2016,unverified,2026-06-07
COL00787,T015,T078,5,country,China,China,same time,2021-2022,unverified,2026-06-07
COL00788,T015,T080,5,country,China,China,same time,2021-2022,unverified,2026-06-07
COL00789,T015,T086,5,country,China,China,same time,2018-2020,unverified,2026-06-07
COL00790,T015,T090,1,school,SCH015,Canadian International School of Hong Kong,same time,2020-2022,unverified,2026-06-07
COL00791,T015,T091,5,country,China,China,same time,2021-2022,mutual,2026-06-07
COL00792,T015,T092,1,school,SCH015,Canadian International School of Hong Kong,same time,2018-2018,mutual,2026-06-07
COL00793,T015,T095,3,city,"Hong Kong, China","Hong Kong, China",same time,2018-2022,unverified,2026-06-07
COL00794,T015,T101,5,country,China,China,same time,2018-2021,unverified,2026-06-07
COL00795,T015,T105,6,country,China,China,different time,2018-2022 / 2009-2014,unverified,2026-06-07
COL00796,T015,T106,6,country,China,China,different time,2018-2022 / 2006-2010,unverified,2026-06-07
COL00797,T015,T108,5,country,China,China,same time,2018-2020,mutual,2026-06-07
COL00798,T015,T109,5,country,China,China,same time,2018-2021,unverified,2026-06-07
COL00799,T015,T112,5,country,China,China,same time,2018-2022,unverified,2026-06-07
COL00800,T015,T114,5,country,China,China,same time,2018-2018,unverified,2026-06-07
COL00801,T015,T115,1,school,SCH015,Canadian International School of Hong Kong,same time,2018-2019,one-sided,2026-06-07
COL00802,T015,T116,4,city,"Hong Kong, China","Hong Kong, China",different time,2018-2022 / 2010-2012,unverified,2026-06-07
COL00803,T015,T117,2,school,SCH015,Canadian International School of Hong Kong,different time,2018-2022 / 2013-2017,unverified,2026-06-07
COL00804,T015,T120,5,country,China,China,same time,2019-2022,unverified,2026-06-07
COL00805,T015,T123,6,country,China,China,different time,2018-2022 / 2000-2004,unverified,2026-06-07
COL00806,T015,T125,5,country,China,China,same time,2020-2022,unverified,2026-06-07
COL00807,T015,T129,1,school,SCH015,Canadian International School of Hong Kong,same time,2018-2020,mutual,2026-06-07
COL00808,T015,T131,6,country,China,China,different time,2018-2022 / 2010-2015,unverified,2026-06-07
COL00809,T015,T134,5,country,China,China,same time,2018-2020,unverified,2026-06-07
COL00810,T015,T137,6,country,China,China,different time,2018-2022 / 2006-2009,mutual,2026-06-07
COL00811,T015,T138,3,city,"Hong Kong, China","Hong Kong, China",same time,2018-2021,unverified,2026-06-07
COL00812,T015,T139,5,country,China,China,same time,2021-2022,one-sided,2026-06-07
COL00813,T015,T142,5,country,China,China,same time,2018-2019,unverified,2026-06-07
COL00814,T015,T143,6,country,China,China,different time,2018-2022 / 2007-2012,mutual,2026-06-07
COL00815,T015,T144,5,country,China,China,same time,2021-2022,unverified,2026-06-07
COL00816,T015,T149,5,country,China,China,same time,2018-2018,unverified,2026-06-07
COL00817,T016,T019,6,country,China,China,different time,2022-2026 / 2013-2015,unverified,2026-06-07
COL00818,T016,T022,3,city,"Bangkok, Thailand","Bangkok, Thailand",same time,2016-2016,mutual,2026-06-07
COL00819,T016,T025,6,country,China,China,different time,2022-2026 / 2008-2010,unverified,2026-06-07
COL00820,T016,T031,5,country,China,China,same time,2022-2022,unverified,2026-06-07
COL00821,T016,T034,2,school,SCH009,Bangkok Patana School,different time,2014-2016 / 2007-2012,unverified,2026-06-07
COL00822,T016,T035,4,city,"Bangkok, Thailand","Bangkok, Thailand",different time,2014-2016 / 2000-2003,unverified,2026-06-07
COL00823,T016,T038,2,school,SCH015,Canadian International School of Hong Kong,different time,2022-2026 / 2015-2020,unverified,2026-06-07
COL00824,T016,T041,1,school,SCH015,Canadian International School of Hong Kong,same time,2022-2023,unverified,2026-06-07
COL00825,T016,T043,4,city,"Bangkok, Thailand","Bangkok, Thailand",different time,2014-2016 / 2023-2026,unverified,2026-06-07
COL00826,T016,T045,1,school,SCH036,American International School of Lagos,same time,2021-2021,unverified,2026-06-07
COL00827,T016,T049,3,city,"Bangkok, Thailand","Bangkok, Thailand",same time,2014-2015,unverified,2026-06-07
COL00828,T016,T051,3,city,"Bangkok, Thailand","Bangkok, Thailand",same time,2014-2015,unverified,2026-06-07
COL00829,T016,T052,5,country,China,China,same time,2022-2023,unverified,2026-06-07
COL00830,T016,T054,6,country,China,China,different time,2022-2026 / 2010-2014,unverified,2026-06-07
COL00831,T016,T055,4,city,"Bangkok, Thailand","Bangkok, Thailand",different time,2014-2016 / 2018-2020,unverified,2026-06-07
COL00832,T016,T056,5,country,China,China,same time,2022-2025,unverified,2026-06-07
COL00833,T016,T057,6,country,China,China,different time,2022-2026 / 2005-2009,mutual,2026-06-07
COL00834,T016,T060,5,country,China,China,same time,2022-2024,unverified,2026-06-07
COL00835,T016,T061,3,city,"Bangkok, Thailand","Bangkok, Thailand",same time,2014-2016,unverified,2026-06-07
COL00836,T016,T062,3,city,"Bangkok, Thailand","Bangkok, Thailand",same time,2016-2016,unverified,2026-06-07
COL00837,T016,T066,5,country,China,China,same time,2022-2026,unverified,2026-06-07
COL00838,T016,T067,6,country,China,China,different time,2022-2026 / 2017-2021,unverified,2026-06-07
COL00839,T016,T069,5,country,China,China,same time,2022-2026,unverified,2026-06-07
COL00840,T016,T071,3,city,"Bangkok, Thailand","Bangkok, Thailand",same time,2014-2015,mutual,2026-06-07
COL00841,T016,T072,3,city,"Bangkok, Thailand","Bangkok, Thailand",same time,2014-2014,unverified,2026-06-07
COL00842,T016,T073,6,country,China,China,different time,2022-2026 / 2009-2013,unverified,2026-06-07
COL00843,T016,T074,1,school,SCH036,American International School of Lagos,same time,2017-2018,unverified,2026-06-07
COL00844,T016,T076,6,country,China,China,different time,2022-2026 / 2012-2016,one-sided,2026-06-07
COL00845,T016,T077,1,school,SCH036,American International School of Lagos,same time,2020-2021,mutual,2026-06-07
COL00846,T016,T078,5,country,China,China,same time,2022-2025,unverified,2026-06-07
COL00847,T016,T080,1,school,SCH036,American International School of Lagos,same time,2018-2021,unverified,2026-06-07
COL00848,T016,T081,3,city,"Bangkok, Thailand","Bangkok, Thailand",same time,2014-2015,unverified,2026-06-07
COL00849,T016,T084,2,school,SCH036,American International School of Lagos,different time,2017-2021 / 2011-2015,unverified,2026-06-07
COL00850,T016,T085,2,school,SCH036,American International School of Lagos,different time,2017-2021 / 2022-2026,mutual,2026-06-07
COL00851,T016,T086,6,country,China,China,different time,2022-2026 / 2017-2020,unverified,2026-06-07
COL00852,T016,T088,3,city,"Bangkok, Thailand","Bangkok, Thailand",same time,2016-2016,unverified,2026-06-07
COL00853,T016,T090,1,school,SCH015,Canadian International School of Hong Kong,same time,2022-2026,unverified,2026-06-07
COL00854,T016,T091,5,country,China,China,same time,2022-2023,one-sided,2026-06-07
COL00855,T016,T092,2,school,SCH015,Canadian International School of Hong Kong,different time,2022-2026 / 2016-2018,unverified,2026-06-07
COL00856,T016,T094,2,school,SCH009,Bangkok Patana School,different time,2014-2016 / 2021-2026,unverified,2026-06-07
COL00857,T016,T095,3,city,"Hong Kong, China","Hong Kong, China",same time,2022-2022,unverified,2026-06-07
COL00858,T016,T100,2,school,SCH009,Bangkok Patana School,different time,2014-2016 / 2019-2022,unverified,2026-06-07
COL00859,T016,T101,6,country,China,China,different time,2022-2026 / 2016-2021,unverified,2026-06-07
COL00860,T016,T102,1,school,SCH036,American International School of Lagos,same time,2017-2018,unverified,2026-06-07
COL00861,T016,T105,6,country,China,China,different time,2022-2026 / 2009-2014,unverified,2026-06-07
COL00862,T016,T106,6,country,China,China,different time,2022-2026 / 2006-2010,unverified,2026-06-07
COL00863,T016,T107,1,school,SCH009,Bangkok Patana School,same time,2016-2016,unverified,2026-06-07
COL00864,T016,T108,3,city,"Bangkok, Thailand","Bangkok, Thailand",same time,2014-2014,unverified,2026-06-07
COL00865,T016,T109,6,country,China,China,different time,2022-2026 / 2018-2021,one-sided,2026-06-07
COL00866,T016,T110,4,city,"Bangkok, Thailand","Bangkok, Thailand",different time,2014-2016 / 2017-2019,unverified,2026-06-07
COL00867,T016,T112,5,country,China,China,same time,2022-2022,unverified,2026-06-07
COL00868,T016,T114,6,country,China,China,different time,2022-2026 / 2014-2018,unverified,2026-06-07
COL00869,T016,T115,2,school,SCH015,Canadian International School of Hong Kong,different time,2022-2026 / 2015-2019,one-sided,2026-06-07
COL00870,T016,T116,4,city,"Bangkok, Thailand","Bangkok, Thailand",different time,2014-2016 / 2017-2020,unverified,2026-06-07
COL00871,T016,T117,2,school,SCH015,Canadian International School of Hong Kong,different time,2022-2026 / 2013-2017,unverified,2026-06-07
COL00872,T016,T119,4,city,"Bangkok, Thailand","Bangkok, Thailand",different time,2014-2016 / 2022-2026,unverified,2026-06-07
COL00873,T016,T120,5,country,China,China,same time,2022-2023,unverified,2026-06-07
COL00874,T016,T123,1,school,SCH036,American International School of Lagos,same time,2017-2019,unverified,2026-06-07
COL00875,T016,T124,1,school,SCH036,American International School of Lagos,same time,2017-2021,unverified,2026-06-07
COL00876,T016,T125,5,country,China,China,same time,2022-2022,mutual,2026-06-07
COL00877,T016,T129,2,school,SCH009,Bangkok Patana School,different time,2014-2016 / 2020-2026,unverified,2026-06-07
COL00878,T016,T130,1,school,SCH036,American International School of Lagos,same time,2020-2021,unverified,2026-06-07
COL00879,T016,T131,3,city,"Bangkok, Thailand","Bangkok, Thailand",same time,2016-2016,unverified,2026-06-07
COL00880,T016,T134,6,country,China,China,different time,2022-2026 / 2018-2020,unverified,2026-06-07
COL00881,T016,T135,4,city,"Bangkok, Thailand","Bangkok, Thailand",different time,2014-2016 / 2007-2010,unverified,2026-06-07
COL00882,T016,T137,4,city,"Bangkok, Thailand","Bangkok, Thailand",different time,2014-2016 / 2009-2012,one-sided,2026-06-07
COL00883,T016,T138,1,school,SCH009,Bangkok Patana School,same time,2014-2016,unverified,2026-06-07
COL00884,T016,T139,5,country,China,China,same time,2022-2026,one-sided,2026-06-07
COL00885,T016,T141,1,school,SCH036,American International School of Lagos,same time,2017-2021,unverified,2026-06-07
COL00886,T016,T142,3,city,"Bangkok, Thailand","Bangkok, Thailand",same time,2014-2014,one-sided,2026-06-07
COL00887,T016,T143,1,school,SCH009,Bangkok Patana School,same time,2014-2016,unverified,2026-06-07
COL00888,T016,T144,5,country,China,China,same time,2022-2023,unverified,2026-06-07
COL00889,T016,T145,1,school,SCH036,American International School of Lagos,same time,2018-2020,one-sided,2026-06-07
COL00890,T016,T148,1,school,SCH036,American International School of Lagos,same time,2017-2017,unverified,2026-06-07
COL00891,T016,T149,6,country,China,China,different time,2022-2026 / 2014-2018,unverified,2026-06-07
COL00892,T017,T020,1,school,SCH012,Cairo American College,same time,2018-2021,mutual,2026-06-07
COL00893,T017,T021,4,city,"Dubai, United Arab Emirates","Dubai, United Arab Emirates",different time,2015-2018 / 2021-2023,unverified,2026-06-07
COL00894,T017,T025,1,school,SCH001,American School of Dubai,same time,2015-2015,unverified,2026-06-07
COL00895,T017,T026,2,school,SCH001,American School of Dubai,different time,2015-2018 / 2019-2022,unverified,2026-06-07
COL00896,T017,T027,5,country,United Arab Emirates,United Arab Emirates,same time,2018-2018,unverified,2026-06-07
COL00897,T017,T028,4,city,"Cairo, Egypt","Cairo, Egypt",different time,2018-2021 / 2022-2026,unverified,2026-06-07
COL00898,T017,T032,2,school,SCH001,American School of Dubai,different time,2015-2018 / 2021-2026,mutual,2026-06-07
COL00899,T017,T033,4,city,"Dubai, United Arab Emirates","Dubai, United Arab Emirates",different time,2015-2018 / 2021-2026,unverified,2026-06-07
COL00900,T017,T034,2,school,SCH001,American School of Dubai,different time,2015-2018 / 2021-2023,unverified,2026-06-07
COL00901,T017,T035,6,country,United Arab Emirates,United Arab Emirates,different time,2015-2018 / 2004-2009,mutual,2026-06-07
COL00902,T017,T037,3,city,"Dubai, United Arab Emirates","Dubai, United Arab Emirates",same time,2016-2018,unverified,2026-06-07
COL00903,T017,T038,1,school,SCH012,Cairo American College,same time,2021-2021,mutual,2026-06-07
COL00904,T017,T042,1,school,SCH001,American School of Dubai,same time,2015-2017,unverified,2026-06-07
COL00905,T017,T043,3,city,"Dubai, United Arab Emirates","Dubai, United Arab Emirates",same time,2018-2018,mutual,2026-06-07
COL00906,T017,T045,3,city,"Cairo, Egypt","Cairo, Egypt",same time,2018-2020,unverified,2026-06-07
COL00907,T017,T046,4,city,"Dubai, United Arab Emirates","Dubai, United Arab Emirates",different time,2015-2018 / 2005-2010,mutual,2026-06-07
COL00908,T017,T050,5,country,United Arab Emirates,United Arab Emirates,same time,2015-2018,unverified,2026-06-07
COL00909,T017,T054,3,city,"Dubai, United Arab Emirates","Dubai, United Arab Emirates",same time,2018-2018,unverified,2026-06-07
COL00910,T017,T055,2,school,SCH001,American School of Dubai,different time,2015-2018 / 2020-2023,one-sided,2026-06-07
COL00911,T017,T056,1,school,SCH001,American School of Dubai,same time,2015-2018,unverified,2026-06-07
COL00912,T017,T058,4,city,"Dubai, United Arab Emirates","Dubai, United Arab Emirates",different time,2015-2018 / 2020-2022,unverified,2026-06-07
COL00913,T017,T059,2,school,SCH012,Cairo American College,different time,2018-2021 / 2011-2014,unverified,2026-06-07
COL00914,T017,T063,6,country,United Arab Emirates,United Arab Emirates,different time,2015-2018 / 2021-2026,one-sided,2026-06-07
COL00915,T017,T066,4,city,"Dubai, United Arab Emirates","Dubai, United Arab Emirates",different time,2015-2018 / 2019-2022,unverified,2026-06-07
COL00916,T017,T067,6,country,United Arab Emirates,United Arab Emirates,different time,2015-2018 / 2022-2026,unverified,2026-06-07
COL00917,T017,T068,5,country,United Arab Emirates,United Arab Emirates,same time,2016-2018,unverified,2026-06-07
COL00918,T017,T071,1,school,SCH012,Cairo American College,same time,2018-2018,unverified,2026-06-07
COL00919,T017,T072,3,city,"Cairo, Egypt","Cairo, Egypt",same time,2018-2021,mutual,2026-06-07
COL00920,T017,T073,4,city,"Dubai, United Arab Emirates","Dubai, United Arab Emirates",different time,2015-2018 / 2005-2009,unverified,2026-06-07
COL00921,T017,T076,3,city,"Cairo, Egypt","Cairo, Egypt",same time,2018-2019,mutual,2026-06-07
COL00922,T017,T079,1,school,SCH001,American School of Dubai,same time,2015-2018,one-sided,2026-06-07
COL00923,T017,T081,3,city,"Dubai, United Arab Emirates","Dubai, United Arab Emirates",same time,2016-2018,mutual,2026-06-07
COL00924,T017,T082,5,country,United Arab Emirates,United Arab Emirates,same time,2018-2018,unverified,2026-06-07
COL00925,T017,T083,2,school,SCH012,Cairo American College,different time,2018-2021 / 2008-2012,unverified,2026-06-07
COL00926,T017,T084,6,country,United Arab Emirates,United Arab Emirates,different time,2015-2018 / 2008-2010,unverified,2026-06-07
COL00927,T017,T086,1,school,SCH012,Cairo American College,same time,2020-2021,unverified,2026-06-07
COL00928,T017,T087,3,city,"Dubai, United Arab Emirates","Dubai, United Arab Emirates",same time,2015-2016,unverified,2026-06-07
COL00929,T017,T088,4,city,"Dubai, United Arab Emirates","Dubai, United Arab Emirates",different time,2015-2018 / 2020-2022,one-sided,2026-06-07
COL00930,T017,T089,5,country,United Arab Emirates,United Arab Emirates,same time,2016-2018,unverified,2026-06-07
COL00931,T017,T094,6,country,United Arab Emirates,United Arab Emirates,different time,2015-2018 / 2019-2021,mutual,2026-06-07
COL00932,T017,T096,4,city,"Dubai, United Arab Emirates","Dubai, United Arab Emirates",different time,2015-2018 / 2019-2023,mutual,2026-06-07
COL00933,T017,T097,4,city,"Dubai, United Arab Emirates","Dubai, United Arab Emirates",different time,2015-2018 / 2021-2025,unverified,2026-06-07
COL00934,T017,T098,1,school,SCH012,Cairo American College,same time,2018-2020,unverified,2026-06-07
COL00935,T017,T100,2,school,SCH012,Cairo American College,different time,2018-2021 / 2006-2011,unverified,2026-06-07
COL00936,T017,T104,3,city,"Dubai, United Arab Emirates","Dubai, United Arab Emirates",same time,2017-2018,one-sided,2026-06-07
COL00937,T017,T105,2,school,SCH012,Cairo American College,different time,2018-2021 / 2003-2005,mutual,2026-06-07
COL00938,T017,T106,3,city,"Dubai, United Arab Emirates","Dubai, United Arab Emirates",same time,2015-2018,one-sided,2026-06-07
COL00939,T017,T109,2,school,SCH012,Cairo American College,different time,2018-2021 / 2013-2015,unverified,2026-06-07
COL00940,T017,T114,2,school,SCH012,Cairo American College,different time,2018-2021 / 2008-2010,unverified,2026-06-07
COL00941,T017,T115,1,school,SCH012,Cairo American College,same time,2020-2021,unverified,2026-06-07
COL00942,T017,T117,3,city,"Dubai, United Arab Emirates","Dubai, United Arab Emirates",same time,2017-2018,unverified,2026-06-07
COL00943,T017,T118,1,school,SCH001,American School of Dubai,same time,2015-2016,unverified,2026-06-07
COL00944,T017,T121,4,city,"Cairo, Egypt","Cairo, Egypt",different time,2018-2021 / 2011-2016,unverified,2026-06-07
COL00945,T017,T122,2,school,SCH001,American School of Dubai,different time,2015-2018 / 2021-2026,unverified,2026-06-07
COL00946,T017,T124,3,city,"Dubai, United Arab Emirates","Dubai, United Arab Emirates",same time,2015-2016,mutual,2026-06-07
COL00947,T017,T126,5,country,United Arab Emirates,United Arab Emirates,same time,2015-2016,unverified,2026-06-07
COL00948,T017,T127,1,school,SCH012,Cairo American College,same time,2019-2021,mutual,2026-06-07
COL00949,T017,T132,4,city,"Cairo, Egypt","Cairo, Egypt",different time,2018-2021 / 2003-2008,unverified,2026-06-07
COL00950,T017,T135,3,city,"Cairo, Egypt","Cairo, Egypt",same time,2018-2021,unverified,2026-06-07
COL00951,T017,T140,1,school,SCH012,Cairo American College,same time,2021-2021,unverified,2026-06-07
COL00952,T017,T144,2,school,SCH001,American School of Dubai,different time,2015-2018 / 2024-2026,unverified,2026-06-07
COL00953,T018,T029,4,city,"Singapore, Singapore","Singapore, Singapore",different time,2014-2019 / 2022-2026,unverified,2026-06-07
COL00954,T018,T030,4,city,"Singapore, Singapore","Singapore, Singapore",different time,2014-2019 / 2020-2026,unverified,2026-06-07
COL00955,T018,T035,2,school,SCH022,Graland Country Day School,different time,2019-2021 / 2010-2014,unverified,2026-06-07
COL00956,T018,T039,3,city,"Denver, United States","Denver, United States",same time,2019-2021,one-sided,2026-06-07
COL00957,T018,T040,3,city,"Denver, United States","Denver, United States",same time,2019-2021,one-sided,2026-06-07
COL00958,T018,T042,6,country,United States,United States,different time,2019-2021 / 2004-2009,unverified,2026-06-07
COL00959,T018,T047,2,school,SCH022,Graland Country Day School,different time,2019-2021 / 2015-2018,one-sided,2026-06-07
COL00960,T018,T048,3,city,"Singapore, Singapore","Singapore, Singapore",same time,2017-2019,unverified,2026-06-07
COL00961,T018,T049,1,school,SCH011,United World College of South East Asia,same time,2018-2019,mutual,2026-06-07
COL00962,T018,T051,2,school,SCH022,Graland Country Day School,different time,2019-2021 / 2006-2009,unverified,2026-06-07
COL00963,T018,T052,4,city,"Denver, United States","Denver, United States",different time,2019-2021 / 2012-2015,unverified,2026-06-07
COL00964,T018,T054,4,city,"Singapore, Singapore","Singapore, Singapore",different time,2014-2019 / 2007-2009,mutual,2026-06-07
COL00965,T018,T056,3,city,"Singapore, Singapore","Singapore, Singapore",same time,2018-2019,unverified,2026-06-07
COL00966,T018,T057,2,school,SCH022,Graland Country Day School,different time,2019-2021 / 2001-2004,unverified,2026-06-07
COL00967,T018,T059,6,country,United States,United States,different time,2019-2021 / 2009-2011,unverified,2026-06-07
COL00968,T018,T064,1,school,SCH022,Graland Country Day School,same time,2021-2021,unverified,2026-06-07
COL00969,T018,T065,1,school,SCH022,Graland Country Day School,same time,2019-2020,unverified,2026-06-07
COL00970,T018,T072,6,country,United States,United States,different time,2019-2021 / 2014-2016,unverified,2026-06-07
COL00971,T018,T073,3,city,"Singapore, Singapore","Singapore, Singapore",same time,2018-2019,unverified,2026-06-07
COL00972,T018,T078,3,city,"Denver, United States","Denver, United States",same time,2019-2020,unverified,2026-06-07
COL00973,T018,T082,6,country,United States,United States,different time,2019-2021 / 2013-2017,one-sided,2026-06-07
COL00974,T018,T083,3,city,"Singapore, Singapore","Singapore, Singapore",same time,2014-2015,unverified,2026-06-07
COL00975,T018,T085,3,city,"Singapore, Singapore","Singapore, Singapore",same time,2016-2019,mutual,2026-06-07
COL00976,T018,T086,1,school,SCH011,United World College of South East Asia,same time,2014-2016,unverified,2026-06-07
COL00977,T018,T091,6,country,United States,United States,different time,2019-2021 / 2014-2018,mutual,2026-06-07
COL00978,T018,T092,4,city,"Denver, United States","Denver, United States",different time,2019-2021 / 2013-2015,one-sided,2026-06-07
COL00979,T018,T093,3,city,"Singapore, Singapore","Singapore, Singapore",same time,2018-2019,unverified,2026-06-07
COL00980,T018,T095,6,country,United States,United States,different time,2019-2021 / 2015-2017,mutual,2026-06-07
COL00981,T018,T101,1,school,SCH032,Jakarta Intercultural School,same time,2013-2014,unverified,2026-06-07
COL00982,T018,T102,2,school,SCH032,Jakarta Intercultural School,different time,2009-2014 / 2018-2023,unverified,2026-06-07
COL00983,T018,T103,2,school,SCH011,United World College of South East Asia,different time,2014-2019 / 2021-2023,unverified,2026-06-07
COL00984,T018,T105,6,country,United States,United States,different time,2019-2021 / 2000-2003,unverified,2026-06-07
COL00985,T018,T106,4,city,"Singapore, Singapore","Singapore, Singapore",different time,2014-2019 / 2011-2013,mutual,2026-06-07
COL00986,T018,T107,2,school,SCH011,United World College of South East Asia,different time,2014-2019 / 2020-2025,unverified,2026-06-07
COL00987,T018,T108,1,school,SCH032,Jakarta Intercultural School,same time,2014-2014,unverified,2026-06-07
COL00988,T018,T110,1,school,SCH032,Jakarta Intercultural School,same time,2013-2014,one-sided,2026-06-07
COL00989,T018,T111,4,city,"Denver, United States","Denver, United States",different time,2019-2021 / 2013-2018,unverified,2026-06-07
COL00990,T018,T112,1,school,SCH011,United World College of South East Asia,same time,2016-2018,unverified,2026-06-07
COL00991,T018,T121,5,country,United States,United States,same time,2019-2021,unverified,2026-06-07
COL00992,T018,T122,4,city,"Denver, United States","Denver, United States",different time,2019-2021 / 2012-2017,unverified,2026-06-07
COL00993,T018,T125,3,city,"Singapore, Singapore","Singapore, Singapore",same time,2018-2019,unverified,2026-06-07
COL00994,T018,T126,1,school,SCH022,Graland Country Day School,same time,2019-2021,unverified,2026-06-07
COL00995,T018,T127,2,school,SCH011,United World College of South East Asia,different time,2014-2019 / 2021-2025,unverified,2026-06-07
COL00996,T018,T128,4,city,"Denver, United States","Denver, United States",different time,2019-2021 / 2014-2018,unverified,2026-06-07
COL00997,T018,T131,2,school,SCH032,Jakarta Intercultural School,different time,2009-2014 / 2003-2006,unverified,2026-06-07
COL00998,T018,T132,4,city,"Singapore, Singapore","Singapore, Singapore",different time,2014-2019 / 2009-2011,one-sided,2026-06-07
COL00999,T018,T134,1,school,SCH022,Graland Country Day School,same time,2021-2021,mutual,2026-06-07
COL01000,T018,T135,4,city,"Singapore, Singapore","Singapore, Singapore",different time,2014-2019 / 2003-2007,unverified,2026-06-07
COL01001,T018,T142,1,school,SCH011,United World College of South East Asia,same time,2019-2019,unverified,2026-06-07
COL01002,T019,T020,2,school,SCH034,The American International School of Muscat,different time,2021-2026 / 2014-2016,unverified,2026-06-07
COL01003,T019,T022,6,country,China,China,different time,2013-2015 / 2018-2020,one-sided,2026-06-07
COL01004,T019,T024,1,school,SCH038,United Nations International School of Hanoi,same time,2020-2020,unverified,2026-06-07
COL01005,T019,T025,2,school,SCH018,International School of Beijing,different time,2013-2015 / 2008-2010,one-sided,2026-06-07
COL01006,T019,T031,6,country,China,China,different time,2013-2015 / 2020-2022,unverified,2026-06-07
COL01007,T019,T036,2,school,SCH034,The American International School of Muscat,different time,2021-2026 / 2015-2019,unverified,2026-06-07
COL01008,T019,T038,5,country,China,China,same time,2015-2015,unverified,2026-06-07
COL01009,T019,T041,5,country,China,China,same time,2015-2015,one-sided,2026-06-07
COL01010,T019,T046,2,school,SCH034,The American International School of Muscat,different time,2021-2026 / 2015-2018,unverified,2026-06-07
COL01011,T019,T047,5,country,Vietnam,Vietnam,same time,2019-2020,mutual,2026-06-07
COL01012,T019,T048,1,school,SCH038,United Nations International School of Hanoi,same time,2015-2017,unverified,2026-06-07
COL01013,T019,T049,2,school,SCH034,The American International School of Muscat,different time,2021-2026 / 2016-2018,unverified,2026-06-07
COL01014,T019,T050,5,country,Vietnam,Vietnam,same time,2020-2020,one-sided,2026-06-07
COL01015,T019,T051,2,school,SCH034,The American International School of Muscat,different time,2021-2026 / 2015-2020,unverified,2026-06-07
COL01016,T019,T052,2,school,SCH018,International School of Beijing,different time,2013-2015 / 2019-2023,unverified,2026-06-07
COL01017,T019,T053,1,school,SCH038,United Nations International School of Hanoi,same time,2018-2020,mutual,2026-06-07
COL01018,T019,T054,1,school,SCH018,International School of Beijing,same time,2015-2015,unverified,2026-06-07
COL01019,T019,T056,2,school,SCH018,International School of Beijing,different time,2013-2015 / 2021-2025,mutual,2026-06-07
COL01020,T019,T057,5,country,China,China,same time,2013-2014,unverified,2026-06-07
COL01021,T019,T060,2,school,SCH018,International School of Beijing,different time,2013-2015 / 2021-2024,unverified,2026-06-07
COL01022,T019,T061,6,country,China,China,different time,2013-2015 / 2017-2022,unverified,2026-06-07
COL01023,T019,T066,2,school,SCH018,International School of Beijing,different time,2013-2015 / 2022-2026,unverified,2026-06-07
COL01024,T019,T067,6,country,China,China,different time,2013-2015 / 2017-2021,unverified,2026-06-07
COL01025,T019,T069,1,school,SCH018,International School of Beijing,same time,2013-2014,one-sided,2026-06-07
COL01026,T019,T073,5,country,China,China,same time,2013-2013,unverified,2026-06-07
COL01027,T019,T075,1,school,SCH038,United Nations International School of Hanoi,same time,2015-2017,unverified,2026-06-07
COL01028,T019,T076,1,school,SCH018,International School of Beijing,same time,2013-2015,one-sided,2026-06-07
COL01029,T019,T078,6,country,China,China,different time,2013-2015 / 2021-2025,unverified,2026-06-07
COL01030,T019,T080,6,country,China,China,different time,2013-2015 / 2021-2023,unverified,2026-06-07
COL01031,T019,T086,2,school,SCH018,International School of Beijing,different time,2013-2015 / 2017-2020,mutual,2026-06-07
COL01032,T019,T089,5,country,Vietnam,Vietnam,same time,2015-2016,mutual,2026-06-07
COL01033,T019,T090,6,country,China,China,different time,2013-2015 / 2020-2026,unverified,2026-06-07
COL01034,T019,T091,2,school,SCH018,International School of Beijing,different time,2013-2015 / 2021-2023,mutual,2026-06-07
COL01035,T019,T092,6,country,China,China,different time,2013-2015 / 2016-2018,unverified,2026-06-07
COL01036,T019,T093,6,country,Vietnam,Vietnam,different time,2015-2020 / 2022-2026,unverified,2026-06-07
COL01037,T019,T095,6,country,China,China,different time,2013-2015 / 2017-2022,one-sided,2026-06-07
COL01038,T019,T096,2,school,SCH034,The American International School of Muscat,different time,2021-2026 / 2013-2018,unverified,2026-06-07
COL01039,T019,T101,6,country,China,China,different time,2013-2015 / 2016-2021,unverified,2026-06-07
COL01040,T019,T103,2,school,SCH034,The American International School of Muscat,different time,2021-2026 / 2018-2020,unverified,2026-06-07
COL01041,T019,T105,1,school,SCH018,International School of Beijing,same time,2013-2014,unverified,2026-06-07
COL01042,T019,T106,2,school,SCH018,International School of Beijing,different time,2013-2015 / 2006-2010,unverified,2026-06-07
COL01043,T019,T108,6,country,China,China,different time,2013-2015 / 2016-2020,unverified,2026-06-07
COL01044,T019,T109,6,country,China,China,different time,2013-2015 / 2018-2021,unverified,2026-06-07
COL01045,T019,T110,1,school,SCH038,United Nations International School of Hanoi,same time,2019-2020,unverified,2026-06-07
COL01046,T019,T111,1,school,SCH034,The American International School of Muscat,same time,2021-2022,unverified,2026-06-07
COL01047,T019,T112,6,country,China,China,different time,2013-2015 / 2018-2022,mutual,2026-06-07
COL01048,T019,T114,5,country,China,China,same time,2014-2015,unverified,2026-06-07
COL01049,T019,T115,5,country,China,China,same time,2015-2015,unverified,2026-06-07
COL01050,T019,T116,6,country,China,China,different time,2013-2015 / 2010-2012,mutual,2026-06-07
COL01051,T019,T117,5,country,China,China,same time,2013-2015,unverified,2026-06-07
COL01052,T019,T120,6,country,China,China,different time,2013-2015 / 2019-2023,unverified,2026-06-07
COL01053,T019,T123,6,country,China,China,different time,2013-2015 / 2000-2004,unverified,2026-06-07
COL01054,T019,T125,2,school,SCH018,International School of Beijing,different time,2013-2015 / 2020-2022,mutual,2026-06-07
COL01055,T019,T128,2,school,SCH038,United Nations International School of Hanoi,different time,2015-2020 / 2011-2014,one-sided,2026-06-07
COL01056,T019,T129,6,country,China,China,different time,2013-2015 / 2018-2020,unverified,2026-06-07
COL01057,T019,T130,5,country,Vietnam,Vietnam,same time,2016-2019,one-sided,2026-06-07
COL01058,T019,T131,5,country,China,China,same time,2013-2015,one-sided,2026-06-07
COL01059,T019,T132,2,school,SCH038,United Nations International School of Hanoi,different time,2015-2020 / 1998-2002,unverified,2026-06-07
COL01060,T019,T134,2,school,SCH018,International School of Beijing,different time,2013-2015 / 2018-2020,mutual,2026-06-07
COL01061,T019,T137,6,country,China,China,different time,2013-2015 / 2006-2009,one-sided,2026-06-07
COL01062,T019,T138,6,country,China,China,different time,2013-2015 / 2017-2021,mutual,2026-06-07
COL01063,T019,T139,6,country,China,China,different time,2013-2015 / 2021-2026,mutual,2026-06-07
COL01064,T019,T142,5,country,China,China,same time,2015-2015,unverified,2026-06-07
COL01065,T019,T143,6,country,China,China,different time,2013-2015 / 2007-2012,unverified,2026-06-07
COL01066,T019,T144,6,country,China,China,different time,2013-2015 / 2021-2023,unverified,2026-06-07
COL01067,T019,T145,1,school,SCH038,United Nations International School of Hanoi,same time,2020-2020,unverified,2026-06-07
COL01068,T019,T146,5,country,Vietnam,Vietnam,same time,2019-2020,unverified,2026-06-07
COL01069,T019,T149,5,country,China,China,same time,2014-2015,unverified,2026-06-07
COL01070,T020,T028,4,city,"Cairo, Egypt","Cairo, Egypt",different time,2017-2021 / 2022-2026,unverified,2026-06-07
COL01071,T020,T036,1,school,SCH034,The American International School of Muscat,same time,2015-2016,one-sided,2026-06-07
COL01072,T020,T038,1,school,SCH012,Cairo American College,same time,2021-2021,one-sided,2026-06-07
COL01073,T020,T042,1,school,SCH012,Cairo American College,same time,2017-2019,unverified,2026-06-07
COL01074,T020,T044,1,school,SCH031,International School of Kuala Lumpur,same time,2021-2023,mutual,2026-06-07
COL01075,T020,T045,3,city,"Cairo, Egypt","Cairo, Egypt",same time,2018-2020,one-sided,2026-06-07
COL01076,T020,T046,1,school,SCH034,The American International School of Muscat,same time,2015-2016,one-sided,2026-06-07
COL01077,T020,T049,1,school,SCH034,The American International School of Muscat,same time,2016-2016,unverified,2026-06-07
COL01078,T020,T051,1,school,SCH034,The American International School of Muscat,same time,2015-2016,unverified,2026-06-07
COL01079,T020,T052,2,school,SCH034,The American International School of Muscat,different time,2014-2016 / 2004-2009,one-sided,2026-06-07
COL01080,T020,T053,2,school,SCH031,International School of Kuala Lumpur,different time,2021-2023 / 2024-2026,unverified,2026-06-07
COL01081,T020,T057,1,school,SCH031,International School of Kuala Lumpur,same time,2021-2022,one-sided,2026-06-07
COL01082,T020,T059,2,school,SCH012,Cairo American College,different time,2017-2021 / 2011-2014,unverified,2026-06-07
COL01083,T020,T063,2,school,SCH031,International School of Kuala Lumpur,different time,2021-2023 / 2015-2020,mutual,2026-06-07
COL01084,T020,T065,2,school,SCH031,International School of Kuala Lumpur,different time,2021-2023 / 2010-2012,unverified,2026-06-07
COL01085,T020,T070,2,school,SCH031,International School of Kuala Lumpur,different time,2021-2023 / 2016-2019,one-sided,2026-06-07
COL01086,T020,T071,1,school,SCH012,Cairo American College,same time,2017-2018,unverified,2026-06-07
COL01087,T020,T072,3,city,"Cairo, Egypt","Cairo, Egypt",same time,2017-2021,unverified,2026-06-07
COL01088,T020,T075,1,school,SCH031,International School of Kuala Lumpur,same time,2021-2022,unverified,2026-06-07
COL01089,T020,T076,3,city,"Cairo, Egypt","Cairo, Egypt",same time,2017-2019,unverified,2026-06-07
COL01090,T020,T083,2,school,SCH012,Cairo American College,different time,2017-2021 / 2008-2012,unverified,2026-06-07
COL01091,T020,T086,1,school,SCH012,Cairo American College,same time,2020-2021,unverified,2026-06-07
COL01092,T020,T096,1,school,SCH034,The American International School of Muscat,same time,2014-2016,unverified,2026-06-07
COL01093,T020,T098,1,school,SCH012,Cairo American College,same time,2017-2020,unverified,2026-06-07
COL01094,T020,T099,1,school,SCH031,International School of Kuala Lumpur,same time,2021-2022,unverified,2026-06-07
COL01095,T020,T100,2,school,SCH012,Cairo American College,different time,2017-2021 / 2006-2011,unverified,2026-06-07
COL01096,T020,T103,2,school,SCH034,The American International School of Muscat,different time,2014-2016 / 2018-2020,mutual,2026-06-07
COL01097,T020,T105,2,school,SCH012,Cairo American College,different time,2017-2021 / 2003-2005,unverified,2026-06-07
COL01098,T020,T109,2,school,SCH012,Cairo American College,different time,2017-2021 / 2013-2015,unverified,2026-06-07
COL01099,T020,T111,2,school,SCH034,The American International School of Muscat,different time,2014-2016 / 2018-2022,mutual,2026-06-07
COL01100,T020,T114,2,school,SCH012,Cairo American College,different time,2017-2021 / 2008-2010,unverified,2026-06-07
COL01101,T020,T115,1,school,SCH012,Cairo American College,same time,2020-2021,unverified,2026-06-07
COL01102,T020,T121,1,school,SCH031,International School of Kuala Lumpur,same time,2021-2023,unverified,2026-06-07
COL01103,T020,T127,1,school,SCH012,Cairo American College,same time,2019-2021,mutual,2026-06-07
COL01104,T020,T132,4,city,"Cairo, Egypt","Cairo, Egypt",different time,2017-2021 / 2003-2008,unverified,2026-06-07
COL01105,T020,T135,3,city,"Cairo, Egypt","Cairo, Egypt",same time,2017-2021,unverified,2026-06-07
COL01106,T020,T140,1,school,SCH012,Cairo American College,same time,2021-2021,mutual,2026-06-07
COL01107,T020,T143,1,school,SCH031,International School of Kuala Lumpur,same time,2021-2022,unverified,2026-06-07
COL01108,T020,T145,1,school,SCH034,The American International School of Muscat,same time,2016-2016,unverified,2026-06-07
COL01109,T021,T025,3,city,"Dubai, United Arab Emirates","Dubai, United Arab Emirates",same time,2021-2021,one-sided,2026-06-07
COL01110,T021,T026,3,city,"Dubai, United Arab Emirates","Dubai, United Arab Emirates",same time,2021-2022,unverified,2026-06-07
COL01111,T021,T027,1,school,SCH030,International School of Geneva,same time,2018-2018,unverified,2026-06-07
COL01112,T021,T032,3,city,"Dubai, United Arab Emirates","Dubai, United Arab Emirates",same time,2021-2023,mutual,2026-06-07
COL01113,T021,T033,3,city,"Dubai, United Arab Emirates","Dubai, United Arab Emirates",same time,2021-2023,unverified,2026-06-07
COL01114,T021,T034,3,city,"Dubai, United Arab Emirates","Dubai, United Arab Emirates",same time,2021-2023,mutual,2026-06-07
COL01115,T021,T035,6,country,United Arab Emirates,United Arab Emirates,different time,2021-2023 / 2004-2009,unverified,2026-06-07
COL01116,T021,T037,2,school,SCH003,Dubai International Academy,different time,2021-2023 / 2016-2018,unverified,2026-06-07
COL01117,T021,T038,2,school,SCH003,Dubai International Academy,different time,2021-2023 / 2011-2014,unverified,2026-06-07
COL01118,T021,T039,2,school,SCH030,International School of Geneva,different time,2018-2021 / 2012-2015,unverified,2026-06-07
COL01119,T021,T042,2,school,SCH030,International School of Geneva,different time,2018-2021 / 2010-2014,unverified,2026-06-07
COL01120,T021,T043,1,school,SCH003,Dubai International Academy,same time,2021-2022,one-sided,2026-06-07
COL01121,T021,T046,2,school,SCH030,International School of Geneva,different time,2018-2021 / 2000-2004,unverified,2026-06-07
COL01122,T021,T050,6,country,United Arab Emirates,United Arab Emirates,different time,2021-2023 / 2015-2019,unverified,2026-06-07
COL01123,T021,T054,3,city,"Dubai, United Arab Emirates","Dubai, United Arab Emirates",same time,2021-2022,mutual,2026-06-07
COL01124,T021,T055,3,city,"Dubai, United Arab Emirates","Dubai, United Arab Emirates",same time,2021-2023,one-sided,2026-06-07
COL01125,T021,T056,4,city,"Dubai, United Arab Emirates","Dubai, United Arab Emirates",different time,2021-2023 / 2014-2018,mutual,2026-06-07
COL01126,T021,T058,3,city,"Dubai, United Arab Emirates","Dubai, United Arab Emirates",same time,2021-2022,unverified,2026-06-07
COL01127,T021,T059,4,city,"Dubai, United Arab Emirates","Dubai, United Arab Emirates",different time,2021-2023 / 2015-2020,unverified,2026-06-07
COL01128,T021,T063,5,country,United Arab Emirates,United Arab Emirates,same time,2021-2023,unverified,2026-06-07
COL01129,T021,T066,3,city,"Dubai, United Arab Emirates","Dubai, United Arab Emirates",same time,2021-2022,unverified,2026-06-07
COL01130,T021,T067,5,country,United Arab Emirates,United Arab Emirates,same time,2022-2023,unverified,2026-06-07
COL01131,T021,T068,2,school,SCH030,International School of Geneva,different time,2018-2021 / 2022-2025,unverified,2026-06-07
COL01132,T021,T070,1,school,SCH030,International School of Geneva,same time,2019-2021,unverified,2026-06-07
COL01133,T021,T071,1,school,SCH030,International School of Geneva,same time,2018-2020,unverified,2026-06-07
COL01134,T021,T073,2,school,SCH003,Dubai International Academy,different time,2021-2023 / 2005-2009,unverified,2026-06-07
COL01135,T021,T079,4,city,"Dubai, United Arab Emirates","Dubai, United Arab Emirates",different time,2021-2023 / 2014-2019,unverified,2026-06-07
COL01136,T021,T081,4,city,"Dubai, United Arab Emirates","Dubai, United Arab Emirates",different time,2021-2023 / 2016-2020,unverified,2026-06-07
COL01137,T021,T082,5,country,United Arab Emirates,United Arab Emirates,same time,2021-2022,unverified,2026-06-07
COL01138,T021,T084,6,country,United Arab Emirates,United Arab Emirates,different time,2021-2023 / 2008-2010,mutual,2026-06-07
COL01139,T021,T087,4,city,"Dubai, United Arab Emirates","Dubai, United Arab Emirates",different time,2021-2023 / 2011-2016,unverified,2026-06-07
COL01140,T021,T088,1,school,SCH003,Dubai International Academy,same time,2021-2022,unverified,2026-06-07
COL01141,T021,T089,6,country,United Arab Emirates,United Arab Emirates,different time,2021-2023 / 2016-2018,unverified,2026-06-07
COL01142,T021,T093,2,school,SCH030,International School of Geneva,different time,2018-2021 / 2009-2014,unverified,2026-06-07
COL01143,T021,T094,5,country,United Arab Emirates,United Arab Emirates,same time,2021-2021,unverified,2026-06-07
COL01144,T021,T096,3,city,"Dubai, United Arab Emirates","Dubai, United Arab Emirates",same time,2021-2023,unverified,2026-06-07
COL01145,T021,T097,3,city,"Dubai, United Arab Emirates","Dubai, United Arab Emirates",same time,2021-2023,one-sided,2026-06-07
COL01146,T021,T098,2,school,SCH030,International School of Geneva,different time,2018-2021 / 2007-2010,unverified,2026-06-07
COL01147,T021,T100,2,school,SCH003,Dubai International Academy,different time,2021-2023 / 2014-2019,unverified,2026-06-07
COL01148,T021,T104,3,city,"Dubai, United Arab Emirates","Dubai, United Arab Emirates",same time,2021-2022,unverified,2026-06-07
COL01149,T021,T106,2,school,SCH003,Dubai International Academy,different time,2021-2023 / 2014-2018,unverified,2026-06-07
COL01150,T021,T114,4,city,"Dubai, United Arab Emirates","Dubai, United Arab Emirates",different time,2021-2023 / 2004-2008,mutual,2026-06-07
COL01151,T021,T116,2,school,SCH030,International School of Geneva,different time,2018-2021 / 2012-2017,unverified,2026-06-07
COL01152,T021,T117,3,city,"Dubai, United Arab Emirates","Dubai, United Arab Emirates",same time,2021-2022,unverified,2026-06-07
COL01153,T021,T118,1,school,SCH003,Dubai International Academy,same time,2021-2022,mutual,2026-06-07
COL01154,T021,T122,3,city,"Dubai, United Arab Emirates","Dubai, United Arab Emirates",same time,2021-2023,mutual,2026-06-07
COL01155,T021,T124,4,city,"Dubai, United Arab Emirates","Dubai, United Arab Emirates",different time,2021-2023 / 2013-2016,unverified,2026-06-07
COL01156,T021,T126,6,country,United Arab Emirates,United Arab Emirates,different time,2021-2023 / 2013-2016,unverified,2026-06-07
COL01157,T021,T135,6,country,United Arab Emirates,United Arab Emirates,different time,2021-2023 / 2011-2016,unverified,2026-06-07
COL01158,T021,T140,4,city,"Dubai, United Arab Emirates","Dubai, United Arab Emirates",different time,2021-2023 / 2017-2020,mutual,2026-06-07
COL01159,T021,T144,4,city,"Dubai, United Arab Emirates","Dubai, United Arab Emirates",different time,2021-2023 / 2017-2020,one-sided,2026-06-07
COL01160,T021,T149,1,school,SCH030,International School of Geneva,same time,2018-2021,mutual,2026-06-07
COL01161,T021,T150,1,school,SCH030,International School of Geneva,same time,2019-2021,one-sided,2026-06-07
COL01162,T022,T023,2,school,SCH020,Sandford International School,different time,2003-2008 / 2016-2019,mutual,2026-06-07
COL01163,T022,T025,6,country,China,China,different time,2018-2020 / 2008-2010,unverified,2026-06-07
COL01164,T022,T031,3,city,"Shanghai, China","Shanghai, China",same time,2020-2020,mutual,2026-06-07
COL01165,T022,T034,2,school,SCH020,Sandford International School,different time,2003-2008 / 2017-2021,unverified,2026-06-07
COL01166,T022,T035,2,school,SCH020,Sandford International School,different time,2003-2008 / 2016-2020,unverified,2026-06-07
COL01167,T022,T036,2,school,SCH029,The American School in London,different time,2012-2015 / 2023-2025,unverified,2026-06-07
COL01168,T022,T037,2,school,SCH020,Sandford International School,different time,2003-2008 / 2019-2022,unverified,2026-06-07
COL01169,T022,T038,5,country,China,China,same time,2018-2020,unverified,2026-06-07
COL01170,T022,T039,4,city,"Addis Ababa, Ethiopia","Addis Ababa, Ethiopia",different time,2003-2008 / 2015-2019,unverified,2026-06-07
COL01171,T022,T041,5,country,China,China,same time,2018-2020,unverified,2026-06-07
COL01172,T022,T043,2,school,SCH007,NIST International School,different time,2016-2018 / 2023-2026,mutual,2026-06-07
COL01173,T022,T049,2,school,SCH007,NIST International School,different time,2016-2018 / 2012-2015,unverified,2026-06-07
COL01174,T022,T051,2,school,SCH007,NIST International School,different time,2016-2018 / 2011-2015,unverified,2026-06-07
COL01175,T022,T052,5,country,China,China,same time,2019-2020,unverified,2026-06-07
COL01176,T022,T054,2,school,SCH017,Concordia International School Shanghai,different time,2018-2020 / 2010-2014,unverified,2026-06-07
COL01177,T022,T055,3,city,"Bangkok, Thailand","Bangkok, Thailand",same time,2018-2018,unverified,2026-06-07
COL01178,T022,T056,6,country,China,China,different time,2018-2020 / 2021-2025,unverified,2026-06-07
COL01179,T022,T057,2,school,SCH017,Concordia International School Shanghai,different time,2018-2020 / 2009-2014,unverified,2026-06-07
COL01180,T022,T058,2,school,SCH029,The American School in London,different time,2012-2015 / 2023-2026,unverified,2026-06-07
COL01181,T022,T059,4,city,"Addis Ababa, Ethiopia","Addis Ababa, Ethiopia",different time,2003-2008 / 2021-2023,mutual,2026-06-07
COL01182,T022,T060,6,country,China,China,different time,2018-2020 / 2021-2024,unverified,2026-06-07
COL01183,T022,T061,1,school,SCH025,American School of Bombay,same time,2009-2011,one-sided,2026-06-07
COL01184,T022,T062,3,city,"Bangkok, Thailand","Bangkok, Thailand",same time,2016-2018,unverified,2026-06-07
COL01185,T022,T064,2,school,SCH029,The American School in London,different time,2012-2015 / 2016-2021,unverified,2026-06-07
COL01186,T022,T065,4,city,"Addis Ababa, Ethiopia","Addis Ababa, Ethiopia",different time,2003-2008 / 2013-2017,unverified,2026-06-07
COL01187,T022,T066,6,country,China,China,different time,2018-2020 / 2022-2026,unverified,2026-06-07
COL01188,T022,T067,3,city,"Shanghai, China","Shanghai, China",same time,2018-2020,unverified,2026-06-07
COL01189,T022,T069,4,city,"Shanghai, China","Shanghai, China",different time,2018-2020 / 2021-2026,unverified,2026-06-07
COL01190,T022,T071,4,city,"Bangkok, Thailand","Bangkok, Thailand",different time,2016-2018 / 2012-2015,unverified,2026-06-07
COL01191,T022,T072,4,city,"Bangkok, Thailand","Bangkok, Thailand",different time,2016-2018 / 2010-2014,one-sided,2026-06-07
COL01192,T022,T073,4,city,"Addis Ababa, Ethiopia","Addis Ababa, Ethiopia",different time,2003-2008 / 2013-2017,mutual,2026-06-07
COL01193,T022,T074,1,school,SCH007,NIST International School,same time,2018-2018,unverified,2026-06-07
COL01194,T022,T076,1,school,SCH025,American School of Bombay,same time,2008-2011,mutual,2026-06-07
COL01195,T022,T078,4,city,"Shanghai, China","Shanghai, China",different time,2018-2020 / 2021-2025,unverified,2026-06-07
COL01196,T022,T080,4,city,"Shanghai, China","Shanghai, China",different time,2018-2020 / 2021-2023,mutual,2026-06-07
COL01197,T022,T081,2,school,SCH007,NIST International School,different time,2016-2018 / 2011-2015,unverified,2026-06-07
COL01198,T022,T083,2,school,SCH020,Sandford International School,different time,2003-2008 / 2016-2021,mutual,2026-06-07
COL01199,T022,T084,1,school,SCH029,The American School in London,same time,2015-2015,mutual,2026-06-07
COL01200,T022,T086,5,country,China,China,same time,2018-2020,mutual,2026-06-07
COL01201,T022,T087,5,country,India,India,same time,2008-2010,one-sided,2026-06-07
COL01202,T022,T088,1,school,SCH007,NIST International School,same time,2016-2018,unverified,2026-06-07
COL01203,T022,T090,2,school,SCH025,American School of Bombay,different time,2008-2011 / 2018-2020,mutual,2026-06-07
COL01204,T022,T091,2,school,SCH025,American School of Bombay,different time,2008-2011 / 2019-2021,unverified,2026-06-07
COL01205,T022,T092,4,city,"Bangkok, Thailand","Bangkok, Thailand",different time,2016-2018 / 2019-2023,unverified,2026-06-07
COL01206,T022,T094,4,city,"Bangkok, Thailand","Bangkok, Thailand",different time,2016-2018 / 2021-2026,mutual,2026-06-07
COL01207,T022,T095,1,school,SCH029,The American School in London,same time,2012-2015,unverified,2026-06-07
COL01208,T022,T098,2,school,SCH020,Sandford International School,different time,2003-2008 / 2020-2022,unverified,2026-06-07
COL01209,T022,T099,2,school,SCH025,American School of Bombay,different time,2008-2011 / 2015-2019,unverified,2026-06-07
COL01210,T022,T100,4,city,"Addis Ababa, Ethiopia","Addis Ababa, Ethiopia",different time,2003-2008 / 2012-2014,unverified,2026-06-07
COL01211,T022,T101,1,school,SCH017,Concordia International School Shanghai,same time,2018-2020,unverified,2026-06-07
COL01212,T022,T105,6,country,China,China,different time,2018-2020 / 2009-2014,unverified,2026-06-07
COL01213,T022,T106,6,country,China,China,different time,2018-2020 / 2006-2010,unverified,2026-06-07
COL01214,T022,T107,3,city,"Bangkok, Thailand","Bangkok, Thailand",same time,2016-2018,unverified,2026-06-07
COL01215,T022,T108,3,city,"Shanghai, China","Shanghai, China",same time,2018-2020,mutual,2026-06-07
COL01216,T022,T109,2,school,SCH020,Sandford International School,different time,2003-2008 / 2015-2018,unverified,2026-06-07
COL01217,T022,T110,1,school,SCH007,NIST International School,same time,2017-2018,one-sided,2026-06-07
COL01218,T022,T112,1,school,SCH017,Concordia International School Shanghai,same time,2018-2020,unverified,2026-06-07
COL01219,T022,T113,4,city,"Addis Ababa, Ethiopia","Addis Ababa, Ethiopia",different time,2003-2008 / 2021-2025,unverified,2026-06-07
COL01220,T022,T114,3,city,"Shanghai, China","Shanghai, China",same time,2018-2018,unverified,2026-06-07
COL01221,T022,T115,5,country,India,India,same time,2008-2010,unverified,2026-06-07
COL01222,T022,T116,1,school,SCH007,NIST International School,same time,2017-2018,unverified,2026-06-07
COL01223,T022,T117,6,country,China,China,different time,2018-2020 / 2013-2017,one-sided,2026-06-07
COL01224,T022,T119,4,city,"Bangkok, Thailand","Bangkok, Thailand",different time,2016-2018 / 2022-2026,unverified,2026-06-07
COL01225,T022,T120,3,city,"Shanghai, China","Shanghai, China",same time,2019-2020,one-sided,2026-06-07
COL01226,T022,T122,1,school,SCH020,Sandford International School,same time,2006-2008,unverified,2026-06-07
COL01227,T022,T123,2,school,SCH017,Concordia International School Shanghai,different time,2018-2020 / 2000-2004,unverified,2026-06-07
COL01228,T022,T125,5,country,China,China,same time,2020-2020,unverified,2026-06-07
COL01229,T022,T127,2,school,SCH020,Sandford International School,different time,2003-2008 / 2013-2018,one-sided,2026-06-07
COL01230,T022,T129,4,city,"Bangkok, Thailand","Bangkok, Thailand",different time,2016-2018 / 2020-2026,one-sided,2026-06-07
COL01231,T022,T131,1,school,SCH025,American School of Bombay,same time,2008-2009,unverified,2026-06-07
COL01232,T022,T134,5,country,China,China,same time,2018-2020,one-sided,2026-06-07
COL01233,T022,T135,2,school,SCH007,NIST International School,different time,2016-2018 / 2007-2010,unverified,2026-06-07
COL01234,T022,T137,4,city,"Bangkok, Thailand","Bangkok, Thailand",different time,2016-2018 / 2009-2012,one-sided,2026-06-07
COL01235,T022,T138,3,city,"Bangkok, Thailand","Bangkok, Thailand",same time,2016-2017,unverified,2026-06-07
COL01236,T022,T139,4,city,"Shanghai, China","Shanghai, China",different time,2018-2020 / 2021-2026,unverified,2026-06-07
COL01237,T022,T141,2,school,SCH029,The American School in London,different time,2012-2015 / 2022-2026,mutual,2026-06-07
COL01238,T022,T142,1,school,SCH017,Concordia International School Shanghai,same time,2018-2019,unverified,2026-06-07
COL01239,T022,T143,2,school,SCH017,Concordia International School Shanghai,different time,2018-2020 / 2007-2012,unverified,2026-06-07
COL01240,T022,T144,2,school,SCH017,Concordia International School Shanghai,different time,2018-2020 / 2021-2023,unverified,2026-06-07
COL01241,T022,T145,1,school,SCH025,American School of Bombay,same time,2011-2011,unverified,2026-06-07
COL01242,T022,T148,1,school,SCH025,American School of Bombay,same time,2009-2011,unverified,2026-06-07
COL01243,T022,T149,3,city,"Shanghai, China","Shanghai, China",same time,2018-2018,mutual,2026-06-07
COL01244,T022,T150,2,school,SCH025,American School of Bombay,different time,2008-2011 / 2013-2015,unverified,2026-06-07
COL01245,T023,T025,2,school,SCH028,The American School in Japan,different time,2019-2022 / 2015-2017,one-sided,2026-06-07
COL01246,T023,T034,1,school,SCH020,Sandford International School,same time,2017-2019,unverified,2026-06-07
COL01247,T023,T035,1,school,SCH020,Sandford International School,same time,2016-2019,unverified,2026-06-07
COL01248,T023,T037,1,school,SCH020,Sandford International School,same time,2019-2019,one-sided,2026-06-07
COL01249,T023,T039,3,city,"Addis Ababa, Ethiopia","Addis Ababa, Ethiopia",same time,2016-2019,unverified,2026-06-07
COL01250,T023,T049,2,school,SCH028,The American School in Japan,different time,2019-2022 / 2010-2012,unverified,2026-06-07
COL01251,T023,T051,2,school,SCH028,The American School in Japan,different time,2019-2022 / 2009-2011,unverified,2026-06-07
COL01252,T023,T059,4,city,"Addis Ababa, Ethiopia","Addis Ababa, Ethiopia",different time,2016-2019 / 2021-2023,unverified,2026-06-07
COL01253,T023,T065,3,city,"Addis Ababa, Ethiopia","Addis Ababa, Ethiopia",same time,2016-2017,unverified,2026-06-07
COL01254,T023,T073,3,city,"Addis Ababa, Ethiopia","Addis Ababa, Ethiopia",same time,2016-2017,unverified,2026-06-07
COL01255,T023,T083,1,school,SCH020,Sandford International School,same time,2016-2019,one-sided,2026-06-07
COL01256,T023,T098,2,school,SCH020,Sandford International School,different time,2016-2019 / 2020-2022,unverified,2026-06-07
COL01257,T023,T100,4,city,"Addis Ababa, Ethiopia","Addis Ababa, Ethiopia",different time,2016-2019 / 2012-2014,mutual,2026-06-07
COL01258,T023,T109,1,school,SCH020,Sandford International School,same time,2016-2018,mutual,2026-06-07
COL01259,T023,T113,4,city,"Addis Ababa, Ethiopia","Addis Ababa, Ethiopia",different time,2016-2019 / 2021-2025,mutual,2026-06-07
COL01260,T023,T114,1,school,SCH028,The American School in Japan,same time,2019-2022,unverified,2026-06-07
COL01261,T023,T119,1,school,SCH028,The American School in Japan,same time,2020-2022,mutual,2026-06-07
COL01262,T023,T122,2,school,SCH020,Sandford International School,different time,2016-2019 / 2006-2011,mutual,2026-06-07
COL01263,T023,T123,2,school,SCH028,The American School in Japan,different time,2019-2022 / 2013-2016,unverified,2026-06-07
COL01264,T023,T127,1,school,SCH020,Sandford International School,same time,2016-2018,mutual,2026-06-07
COL01265,T023,T137,1,school,SCH028,The American School in Japan,same time,2019-2021,unverified,2026-06-07
COL01266,T023,T139,1,school,SCH028,The American School in Japan,same time,2019-2021,mutual,2026-06-07
COL01267,T023,T148,1,school,SCH020,Sandford International School,same time,2017-2019,unverified,2026-06-07
COL01268,T023,T150,3,city,"Addis Ababa, Ethiopia","Addis Ababa, Ethiopia",same time,2016-2018,unverified,2026-06-07
COL01269,T024,T047,2,school,SCH035,Graded - The American School of Sao Paulo,different time,2016-2019 / 2010-2012,unverified,2026-06-07
COL01270,T024,T048,2,school,SCH038,United Nations International School of Hanoi,different time,2020-2023 / 2013-2017,unverified,2026-06-07
COL01271,T024,T050,5,country,Vietnam,Vietnam,same time,2020-2023,one-sided,2026-06-07
COL01272,T024,T053,1,school,SCH038,United Nations International School of Hanoi,same time,2020-2023,unverified,2026-06-07
COL01273,T024,T062,2,school,SCH035,Graded - The American School of Sao Paulo,different time,2016-2019 / 2008-2011,unverified,2026-06-07
COL01274,T024,T075,2,school,SCH038,United Nations International School of Hanoi,different time,2020-2023 / 2015-2017,unverified,2026-06-07
COL01275,T024,T076,5,country,Vietnam,Vietnam,same time,2020-2023,unverified,2026-06-07
COL01276,T024,T077,1,school,SCH035,Graded - The American School of Sao Paulo,same time,2016-2019,mutual,2026-06-07
COL01277,T024,T089,6,country,Vietnam,Vietnam,different time,2020-2023 / 2014-2016,unverified,2026-06-07
COL01278,T024,T093,5,country,Vietnam,Vietnam,same time,2022-2023,mutual,2026-06-07
COL01279,T024,T105,1,school,SCH038,United Nations International School of Hanoi,same time,2020-2020,unverified,2026-06-07
COL01280,T024,T110,1,school,SCH038,United Nations International School of Hanoi,same time,2020-2021,unverified,2026-06-07
COL01281,T024,T111,1,school,SCH038,United Nations International School of Hanoi,same time,2022-2023,mutual,2026-06-07
COL01282,T024,T128,2,school,SCH038,United Nations International School of Hanoi,different time,2020-2023 / 2011-2014,mutual,2026-06-07
COL01283,T024,T130,6,country,Vietnam,Vietnam,different time,2020-2023 / 2016-2019,mutual,2026-06-07
COL01284,T024,T132,2,school,SCH038,United Nations International School of Hanoi,different time,2020-2023 / 1998-2002,mutual,2026-06-07
COL01285,T024,T136,2,school,SCH035,Graded - The American School of Sao Paulo,different time,2016-2019 / 2021-2024,unverified,2026-06-07
COL01286,T024,T145,1,school,SCH038,United Nations International School of Hanoi,same time,2020-2022,unverified,2026-06-07
COL01287,T024,T146,5,country,Vietnam,Vietnam,same time,2020-2023,unverified,2026-06-07
COL01288,T025,T026,2,school,SCH001,American School of Dubai,different time,2011-2015 / 2019-2022,one-sided,2026-06-07
COL01289,T025,T027,5,country,United Arab Emirates,United Arab Emirates,same time,2018-2021,one-sided,2026-06-07
COL01290,T025,T031,6,country,China,China,different time,2008-2010 / 2020-2022,unverified,2026-06-07
COL01291,T025,T032,2,school,SCH001,American School of Dubai,different time,2011-2015 / 2021-2026,unverified,2026-06-07
COL01292,T025,T033,3,city,"Dubai, United Arab Emirates","Dubai, United Arab Emirates",same time,2021-2021,unverified,2026-06-07
COL01293,T025,T034,2,school,SCH001,American School of Dubai,different time,2011-2015 / 2021-2023,unverified,2026-06-07
COL01294,T025,T035,6,country,United Arab Emirates,United Arab Emirates,different time,2011-2015 / 2004-2009,unverified,2026-06-07
COL01295,T025,T037,3,city,"Dubai, United Arab Emirates","Dubai, United Arab Emirates",same time,2018-2018,unverified,2026-06-07
COL01296,T025,T038,3,city,"Dubai, United Arab Emirates","Dubai, United Arab Emirates",same time,2011-2014,unverified,2026-06-07
COL01297,T025,T041,6,country,China,China,different time,2008-2010 / 2015-2020,unverified,2026-06-07
COL01298,T025,T042,1,school,SCH001,American School of Dubai,same time,2015-2015,unverified,2026-06-07
COL01299,T025,T043,3,city,"Dubai, United Arab Emirates","Dubai, United Arab Emirates",same time,2018-2021,mutual,2026-06-07
COL01300,T025,T046,4,city,"Dubai, United Arab Emirates","Dubai, United Arab Emirates",different time,2011-2015 / 2005-2010,unverified,2026-06-07
COL01301,T025,T049,2,school,SCH028,The American School in Japan,different time,2015-2017 / 2010-2012,unverified,2026-06-07
COL01302,T025,T050,5,country,United Arab Emirates,United Arab Emirates,same time,2015-2015,unverified,2026-06-07
COL01303,T025,T051,2,school,SCH028,The American School in Japan,different time,2015-2017 / 2009-2011,unverified,2026-06-07
COL01304,T025,T052,2,school,SCH018,International School of Beijing,different time,2008-2010 / 2019-2023,unverified,2026-06-07
COL01305,T025,T054,1,school,SCH004,Dubai American Academy,same time,2018-2021,mutual,2026-06-07
COL01306,T025,T055,2,school,SCH001,American School of Dubai,different time,2011-2015 / 2020-2023,unverified,2026-06-07
COL01307,T025,T056,1,school,SCH001,American School of Dubai,same time,2014-2015,one-sided,2026-06-07
COL01308,T025,T057,5,country,China,China,same time,2008-2009,unverified,2026-06-07
COL01309,T025,T058,3,city,"Dubai, United Arab Emirates","Dubai, United Arab Emirates",same time,2020-2021,mutual,2026-06-07
COL01310,T025,T059,1,school,SCH004,Dubai American Academy,same time,2018-2020,unverified,2026-06-07
COL01311,T025,T060,2,school,SCH018,International School of Beijing,different time,2008-2010 / 2021-2024,unverified,2026-06-07
COL01312,T025,T061,6,country,China,China,different time,2008-2010 / 2017-2022,unverified,2026-06-07
COL01313,T025,T063,5,country,United Arab Emirates,United Arab Emirates,same time,2021-2021,unverified,2026-06-07
COL01314,T025,T066,2,school,SCH018,International School of Beijing,different time,2008-2010 / 2022-2026,unverified,2026-06-07
COL01315,T025,T067,6,country,China,China,different time,2008-2010 / 2017-2021,unverified,2026-06-07
COL01316,T025,T068,5,country,United Arab Emirates,United Arab Emirates,same time,2018-2021,unverified,2026-06-07
COL01317,T025,T069,1,school,SCH018,International School of Beijing,same time,2009-2010,unverified,2026-06-07
COL01318,T025,T071,3,city,"Dubai, United Arab Emirates","Dubai, United Arab Emirates",same time,2011-2012,unverified,2026-06-07
COL01319,T025,T073,4,city,"Dubai, United Arab Emirates","Dubai, United Arab Emirates",different time,2011-2015 / 2005-2009,unverified,2026-06-07
COL01320,T025,T076,2,school,SCH018,International School of Beijing,different time,2008-2010 / 2012-2016,unverified,2026-06-07
COL01321,T025,T078,6,country,China,China,different time,2008-2010 / 2021-2025,unverified,2026-06-07
COL01322,T025,T079,1,school,SCH001,American School of Dubai,same time,2014-2015,mutual,2026-06-07
COL01323,T025,T080,6,country,China,China,different time,2008-2010 / 2021-2023,unverified,2026-06-07
COL01324,T025,T081,3,city,"Dubai, United Arab Emirates","Dubai, United Arab Emirates",same time,2018-2020,mutual,2026-06-07
COL01325,T025,T082,5,country,United Arab Emirates,United Arab Emirates,same time,2018-2021,unverified,2026-06-07
COL01326,T025,T084,6,country,United Arab Emirates,United Arab Emirates,different time,2011-2015 / 2008-2010,unverified,2026-06-07
COL01327,T025,T086,2,school,SCH018,International School of Beijing,different time,2008-2010 / 2017-2020,unverified,2026-06-07
COL01328,T025,T087,3,city,"Dubai, United Arab Emirates","Dubai, United Arab Emirates",same time,2011-2015,unverified,2026-06-07
COL01329,T025,T088,3,city,"Dubai, United Arab Emirates","Dubai, United Arab Emirates",same time,2020-2021,unverified,2026-06-07
COL01330,T025,T089,5,country,United Arab Emirates,United Arab Emirates,same time,2018-2018,unverified,2026-06-07
COL01331,T025,T090,6,country,China,China,different time,2008-2010 / 2020-2026,one-sided,2026-06-07
COL01332,T025,T091,2,school,SCH018,International School of Beijing,different time,2008-2010 / 2021-2023,unverified,2026-06-07
COL01333,T025,T092,6,country,China,China,different time,2008-2010 / 2016-2018,unverified,2026-06-07
COL01334,T025,T094,5,country,United Arab Emirates,United Arab Emirates,same time,2019-2021,one-sided,2026-06-07
COL01335,T025,T095,6,country,China,China,different time,2008-2010 / 2017-2022,unverified,2026-06-07
COL01336,T025,T096,3,city,"Dubai, United Arab Emirates","Dubai, United Arab Emirates",same time,2019-2021,unverified,2026-06-07
COL01337,T025,T097,1,school,SCH004,Dubai American Academy,same time,2021-2021,unverified,2026-06-07
COL01338,T025,T098,6,country,United Arab Emirates,United Arab Emirates,different time,2011-2015 / 2002-2006,mutual,2026-06-07
COL01339,T025,T100,3,city,"Dubai, United Arab Emirates","Dubai, United Arab Emirates",same time,2014-2015,one-sided,2026-06-07
COL01340,T025,T101,6,country,China,China,different time,2008-2010 / 2016-2021,one-sided,2026-06-07
COL01341,T025,T104,3,city,"Dubai, United Arab Emirates","Dubai, United Arab Emirates",same time,2018-2021,one-sided,2026-06-07
COL01342,T025,T105,1,school,SCH018,International School of Beijing,same time,2009-2010,unverified,2026-06-07
COL01343,T025,T106,1,school,SCH018,International School of Beijing,same time,2008-2010,unverified,2026-06-07
COL01344,T025,T108,6,country,China,China,different time,2008-2010 / 2016-2020,unverified,2026-06-07
COL01345,T025,T109,6,country,China,China,different time,2008-2010 / 2018-2021,unverified,2026-06-07
COL01346,T025,T112,6,country,China,China,different time,2008-2010 / 2018-2022,unverified,2026-06-07
COL01347,T025,T114,2,school,SCH028,The American School in Japan,different time,2015-2017 / 2019-2026,one-sided,2026-06-07
COL01348,T025,T115,6,country,China,China,different time,2008-2010 / 2015-2019,unverified,2026-06-07
COL01349,T025,T116,5,country,China,China,same time,2010-2010,unverified,2026-06-07
COL01350,T025,T117,1,school,SCH004,Dubai American Academy,same time,2018-2021,mutual,2026-06-07
COL01351,T025,T118,1,school,SCH001,American School of Dubai,same time,2014-2015,one-sided,2026-06-07
COL01352,T025,T119,2,school,SCH028,The American School in Japan,different time,2015-2017 / 2020-2022,unverified,2026-06-07
COL01353,T025,T120,6,country,China,China,different time,2008-2010 / 2019-2023,mutual,2026-06-07
COL01354,T025,T122,2,school,SCH001,American School of Dubai,different time,2011-2015 / 2021-2026,unverified,2026-06-07
COL01355,T025,T123,1,school,SCH028,The American School in Japan,same time,2015-2016,unverified,2026-06-07
COL01356,T025,T124,2,school,SCH004,Dubai American Academy,different time,2018-2021 / 2013-2016,unverified,2026-06-07
COL01357,T025,T125,2,school,SCH018,International School of Beijing,different time,2008-2010 / 2020-2022,unverified,2026-06-07
COL01358,T025,T126,5,country,United Arab Emirates,United Arab Emirates,same time,2013-2015,unverified,2026-06-07
COL01359,T025,T129,6,country,China,China,different time,2008-2010 / 2018-2020,unverified,2026-06-07
COL01360,T025,T131,5,country,China,China,same time,2010-2010,one-sided,2026-06-07
COL01361,T025,T134,2,school,SCH018,International School of Beijing,different time,2008-2010 / 2018-2020,unverified,2026-06-07
COL01362,T025,T135,5,country,United Arab Emirates,United Arab Emirates,same time,2011-2015,mutual,2026-06-07
COL01363,T025,T137,2,school,SCH028,The American School in Japan,different time,2015-2017 / 2019-2021,one-sided,2026-06-07
COL01364,T025,T138,6,country,China,China,different time,2008-2010 / 2017-2021,unverified,2026-06-07
COL01365,T025,T139,2,school,SCH028,The American School in Japan,different time,2015-2017 / 2018-2021,one-sided,2026-06-07
COL01366,T025,T140,3,city,"Dubai, United Arab Emirates","Dubai, United Arab Emirates",same time,2018-2020,one-sided,2026-06-07
COL01367,T025,T142,6,country,China,China,different time,2008-2010 / 2015-2019,one-sided,2026-06-07
COL01368,T025,T143,5,country,China,China,same time,2008-2010,unverified,2026-06-07
COL01369,T025,T144,1,school,SCH004,Dubai American Academy,same time,2018-2020,unverified,2026-06-07
COL01370,T025,T149,6,country,China,China,different time,2008-2010 / 2014-2018,unverified,2026-06-07
COL01371,T026,T027,5,country,United Arab Emirates,United Arab Emirates,same time,2019-2022,unverified,2026-06-07
COL01372,T026,T032,1,school,SCH001,American School of Dubai,same time,2021-2022,unverified,2026-06-07
COL01373,T026,T033,3,city,"Dubai, United Arab Emirates","Dubai, United Arab Emirates",same time,2021-2022,unverified,2026-06-07
COL01374,T026,T034,1,school,SCH001,American School of Dubai,same time,2021-2022,unverified,2026-06-07
COL01375,T026,T035,6,country,United Arab Emirates,United Arab Emirates,different time,2019-2022 / 2004-2009,unverified,2026-06-07
COL01376,T026,T037,4,city,"Dubai, United Arab Emirates","Dubai, United Arab Emirates",different time,2019-2022 / 2016-2018,mutual,2026-06-07
COL01377,T026,T038,4,city,"Dubai, United Arab Emirates","Dubai, United Arab Emirates",different time,2019-2022 / 2011-2014,one-sided,2026-06-07
COL01378,T026,T042,2,school,SCH001,American School of Dubai,different time,2019-2022 / 2015-2017,unverified,2026-06-07
COL01379,T026,T043,3,city,"Dubai, United Arab Emirates","Dubai, United Arab Emirates",same time,2019-2022,one-sided,2026-06-07
COL01380,T026,T046,4,city,"Dubai, United Arab Emirates","Dubai, United Arab Emirates",different time,2019-2022 / 2005-2010,unverified,2026-06-07
COL01381,T026,T050,5,country,United Arab Emirates,United Arab Emirates,same time,2019-2019,unverified,2026-06-07
COL01382,T026,T054,3,city,"Dubai, United Arab Emirates","Dubai, United Arab Emirates",same time,2019-2022,unverified,2026-06-07
COL01383,T026,T055,1,school,SCH001,American School of Dubai,same time,2020-2022,unverified,2026-06-07
COL01384,T026,T056,2,school,SCH001,American School of Dubai,different time,2019-2022 / 2014-2018,unverified,2026-06-07
COL01385,T026,T058,3,city,"Dubai, United Arab Emirates","Dubai, United Arab Emirates",same time,2020-2022,unverified,2026-06-07
COL01386,T026,T059,3,city,"Dubai, United Arab Emirates","Dubai, United Arab Emirates",same time,2019-2020,unverified,2026-06-07
COL01387,T026,T063,5,country,United Arab Emirates,United Arab Emirates,same time,2021-2022,unverified,2026-06-07
COL01388,T026,T066,3,city,"Dubai, United Arab Emirates","Dubai, United Arab Emirates",same time,2019-2022,unverified,2026-06-07
COL01389,T026,T067,5,country,United Arab Emirates,United Arab Emirates,same time,2022-2022,unverified,2026-06-07
COL01390,T026,T068,5,country,United Arab Emirates,United Arab Emirates,same time,2019-2021,unverified,2026-06-07
COL01391,T026,T071,4,city,"Dubai, United Arab Emirates","Dubai, United Arab Emirates",different time,2019-2022 / 2010-2012,mutual,2026-06-07
COL01392,T026,T073,4,city,"Dubai, United Arab Emirates","Dubai, United Arab Emirates",different time,2019-2022 / 2005-2009,mutual,2026-06-07
COL01393,T026,T079,1,school,SCH001,American School of Dubai,same time,2019-2019,one-sided,2026-06-07
COL01394,T026,T081,3,city,"Dubai, United Arab Emirates","Dubai, United Arab Emirates",same time,2019-2020,mutual,2026-06-07
COL01395,T026,T082,5,country,United Arab Emirates,United Arab Emirates,same time,2019-2022,one-sided,2026-06-07
COL01396,T026,T084,6,country,United Arab Emirates,United Arab Emirates,different time,2019-2022 / 2008-2010,unverified,2026-06-07
COL01397,T026,T087,4,city,"Dubai, United Arab Emirates","Dubai, United Arab Emirates",different time,2019-2022 / 2011-2016,unverified,2026-06-07
COL01398,T026,T088,3,city,"Dubai, United Arab Emirates","Dubai, United Arab Emirates",same time,2020-2022,mutual,2026-06-07
COL01399,T026,T089,6,country,United Arab Emirates,United Arab Emirates,different time,2019-2022 / 2016-2018,one-sided,2026-06-07
COL01400,T026,T094,5,country,United Arab Emirates,United Arab Emirates,same time,2019-2021,mutual,2026-06-07
COL01401,T026,T096,3,city,"Dubai, United Arab Emirates","Dubai, United Arab Emirates",same time,2019-2022,mutual,2026-06-07
COL01402,T026,T097,3,city,"Dubai, United Arab Emirates","Dubai, United Arab Emirates",same time,2021-2022,unverified,2026-06-07
COL01403,T026,T098,6,country,United Arab Emirates,United Arab Emirates,different time,2019-2022 / 2002-2006,unverified,2026-06-07
COL01404,T026,T100,3,city,"Dubai, United Arab Emirates","Dubai, United Arab Emirates",same time,2019-2019,one-sided,2026-06-07
COL01405,T026,T104,3,city,"Dubai, United Arab Emirates","Dubai, United Arab Emirates",same time,2019-2022,unverified,2026-06-07
COL01406,T026,T106,4,city,"Dubai, United Arab Emirates","Dubai, United Arab Emirates",different time,2019-2022 / 2014-2018,unverified,2026-06-07
COL01407,T026,T114,4,city,"Dubai, United Arab Emirates","Dubai, United Arab Emirates",different time,2019-2022 / 2004-2008,unverified,2026-06-07
COL01408,T026,T117,3,city,"Dubai, United Arab Emirates","Dubai, United Arab Emirates",same time,2019-2022,one-sided,2026-06-07
COL01409,T026,T118,2,school,SCH001,American School of Dubai,different time,2019-2022 / 2014-2016,one-sided,2026-06-07
COL01410,T026,T122,1,school,SCH001,American School of Dubai,same time,2021-2022,one-sided,2026-06-07
COL01411,T026,T124,4,city,"Dubai, United Arab Emirates","Dubai, United Arab Emirates",different time,2019-2022 / 2013-2016,mutual,2026-06-07
COL01412,T026,T126,6,country,United Arab Emirates,United Arab Emirates,different time,2019-2022 / 2013-2016,unverified,2026-06-07
COL01413,T026,T135,6,country,United Arab Emirates,United Arab Emirates,different time,2019-2022 / 2011-2016,unverified,2026-06-07
COL01414,T026,T140,3,city,"Dubai, United Arab Emirates","Dubai, United Arab Emirates",same time,2019-2020,one-sided,2026-06-07
COL01415,T026,T144,2,school,SCH001,American School of Dubai,different time,2019-2022 / 2024-2026,one-sided,2026-06-07
COL01416,T027,T032,5,country,United Arab Emirates,United Arab Emirates,same time,2021-2023,unverified,2026-06-07
COL01417,T027,T033,5,country,United Arab Emirates,United Arab Emirates,same time,2021-2023,mutual,2026-06-07
COL01418,T027,T034,5,country,United Arab Emirates,United Arab Emirates,same time,2021-2023,unverified,2026-06-07
COL01419,T027,T035,2,school,SCH005,The British School Al Khubairat,different time,2018-2023 / 2004-2009,mutual,2026-06-07
COL01420,T027,T037,5,country,United Arab Emirates,United Arab Emirates,same time,2018-2018,unverified,2026-06-07
COL01421,T027,T038,6,country,United Arab Emirates,United Arab Emirates,different time,2018-2023 / 2011-2014,unverified,2026-06-07
COL01422,T027,T039,2,school,SCH030,International School of Geneva,different time,2016-2018 / 2012-2015,unverified,2026-06-07
COL01423,T027,T042,1,school,SCH005,The British School Al Khubairat,same time,2019-2023,unverified,2026-06-07
COL01424,T027,T043,5,country,United Arab Emirates,United Arab Emirates,same time,2018-2022,unverified,2026-06-07
COL01425,T027,T046,2,school,SCH030,International School of Geneva,different time,2016-2018 / 2000-2004,unverified,2026-06-07
COL01426,T027,T050,3,city,"Abu Dhabi, United Arab Emirates","Abu Dhabi, United Arab Emirates",same time,2018-2019,unverified,2026-06-07
COL01427,T027,T054,5,country,United Arab Emirates,United Arab Emirates,same time,2018-2022,mutual,2026-06-07
COL01428,T027,T055,5,country,United Arab Emirates,United Arab Emirates,same time,2020-2023,unverified,2026-06-07
COL01429,T027,T056,5,country,United Arab Emirates,United Arab Emirates,same time,2018-2018,unverified,2026-06-07
COL01430,T027,T058,5,country,United Arab Emirates,United Arab Emirates,same time,2020-2022,unverified,2026-06-07
COL01431,T027,T059,5,country,United Arab Emirates,United Arab Emirates,same time,2018-2020,mutual,2026-06-07
COL01432,T027,T063,1,school,SCH005,The British School Al Khubairat,same time,2021-2023,unverified,2026-06-07
COL01433,T027,T066,5,country,United Arab Emirates,United Arab Emirates,same time,2019-2022,unverified,2026-06-07
COL01434,T027,T067,3,city,"Abu Dhabi, United Arab Emirates","Abu Dhabi, United Arab Emirates",same time,2022-2023,unverified,2026-06-07
COL01435,T027,T068,1,school,SCH005,The British School Al Khubairat,same time,2018-2021,unverified,2026-06-07
COL01436,T027,T070,2,school,SCH030,International School of Geneva,different time,2016-2018 / 2019-2021,mutual,2026-06-07
COL01437,T027,T071,1,school,SCH030,International School of Geneva,same time,2018-2018,unverified,2026-06-07
COL01438,T027,T073,6,country,United Arab Emirates,United Arab Emirates,different time,2018-2023 / 2005-2009,one-sided,2026-06-07
COL01439,T027,T079,1,school,SCH005,The British School Al Khubairat,same time,2019-2023,unverified,2026-06-07
COL01440,T027,T081,5,country,United Arab Emirates,United Arab Emirates,same time,2018-2020,one-sided,2026-06-07
COL01441,T027,T082,1,school,SCH005,The British School Al Khubairat,same time,2018-2022,unverified,2026-06-07
COL01442,T027,T084,2,school,SCH005,The British School Al Khubairat,different time,2018-2023 / 2008-2010,unverified,2026-06-07
COL01443,T027,T087,3,city,"Abu Dhabi, United Arab Emirates","Abu Dhabi, United Arab Emirates",same time,2018-2021,mutual,2026-06-07
COL01444,T027,T088,5,country,United Arab Emirates,United Arab Emirates,same time,2020-2022,unverified,2026-06-07
COL01445,T027,T089,1,school,SCH005,The British School Al Khubairat,same time,2018-2018,unverified,2026-06-07
COL01446,T027,T093,2,school,SCH030,International School of Geneva,different time,2016-2018 / 2009-2014,unverified,2026-06-07
COL01447,T027,T094,1,school,SCH005,The British School Al Khubairat,same time,2019-2021,mutual,2026-06-07
COL01448,T027,T096,5,country,United Arab Emirates,United Arab Emirates,same time,2019-2023,unverified,2026-06-07
COL01449,T027,T097,5,country,United Arab Emirates,United Arab Emirates,same time,2021-2023,unverified,2026-06-07
COL01450,T027,T098,2,school,SCH030,International School of Geneva,different time,2016-2018 / 2007-2010,unverified,2026-06-07
COL01451,T027,T100,5,country,United Arab Emirates,United Arab Emirates,same time,2018-2019,unverified,2026-06-07
COL01452,T027,T104,5,country,United Arab Emirates,United Arab Emirates,same time,2018-2022,mutual,2026-06-07
COL01453,T027,T106,5,country,United Arab Emirates,United Arab Emirates,same time,2018-2018,mutual,2026-06-07
COL01454,T027,T114,6,country,United Arab Emirates,United Arab Emirates,different time,2018-2023 / 2004-2008,one-sided,2026-06-07
COL01455,T027,T116,1,school,SCH030,International School of Geneva,same time,2016-2017,one-sided,2026-06-07
COL01456,T027,T117,5,country,United Arab Emirates,United Arab Emirates,same time,2018-2022,unverified,2026-06-07
COL01457,T027,T118,5,country,United Arab Emirates,United Arab Emirates,same time,2018-2022,unverified,2026-06-07
COL01458,T027,T122,5,country,United Arab Emirates,United Arab Emirates,same time,2021-2023,unverified,2026-06-07
COL01459,T027,T124,6,country,United Arab Emirates,United Arab Emirates,different time,2018-2023 / 2013-2016,unverified,2026-06-07
COL01460,T027,T126,2,school,SCH005,The British School Al Khubairat,different time,2018-2023 / 2013-2016,mutual,2026-06-07
COL01461,T027,T135,2,school,SCH005,The British School Al Khubairat,different time,2018-2023 / 2011-2016,unverified,2026-06-07
COL01462,T027,T140,5,country,United Arab Emirates,United Arab Emirates,same time,2018-2020,one-sided,2026-06-07
COL01463,T027,T144,5,country,United Arab Emirates,United Arab Emirates,same time,2018-2020,unverified,2026-06-07
COL01464,T027,T149,1,school,SCH030,International School of Geneva,same time,2018-2018,unverified,2026-06-07
COL01465,T027,T150,2,school,SCH030,International School of Geneva,different time,2016-2018 / 2019-2022,unverified,2026-06-07
COL01466,T028,T037,2,school,SCH033,American School of Doha,different time,2017-2021 / 2022-2024,unverified,2026-06-07
COL01467,T028,T038,3,city,"Cairo, Egypt","Cairo, Egypt",same time,2022-2026,unverified,2026-06-07
COL01468,T028,T042,4,city,"Cairo, Egypt","Cairo, Egypt",different time,2022-2026 / 2017-2019,unverified,2026-06-07
COL01469,T028,T043,1,school,SCH033,American School of Doha,same time,2017-2017,mutual,2026-06-07
COL01470,T028,T045,2,school,SCH013,American International School in Egypt,different time,2022-2026 / 2018-2020,mutual,2026-06-07
COL01471,T028,T046,2,school,SCH013,American International School in Egypt,different time,2022-2026 / 2011-2015,unverified,2026-06-07
COL01472,T028,T047,2,school,SCH033,American School of Doha,different time,2017-2021 / 2012-2015,unverified,2026-06-07
COL01473,T028,T059,4,city,"Cairo, Egypt","Cairo, Egypt",different time,2022-2026 / 2011-2014,mutual,2026-06-07
COL01474,T028,T060,1,school,SCH033,American School of Doha,same time,2017-2021,mutual,2026-06-07
COL01475,T028,T071,4,city,"Cairo, Egypt","Cairo, Egypt",different time,2022-2026 / 2015-2018,mutual,2026-06-07
COL01476,T028,T072,2,school,SCH013,American International School in Egypt,different time,2022-2026 / 2017-2021,mutual,2026-06-07
COL01477,T028,T076,2,school,SCH013,American International School in Egypt,different time,2022-2026 / 2017-2019,unverified,2026-06-07
COL01478,T028,T083,4,city,"Cairo, Egypt","Cairo, Egypt",different time,2022-2026 / 2008-2012,mutual,2026-06-07
COL01479,T028,T086,3,city,"Cairo, Egypt","Cairo, Egypt",same time,2022-2023,unverified,2026-06-07
COL01480,T028,T098,2,school,SCH033,American School of Doha,different time,2017-2021 / 2011-2014,unverified,2026-06-07
COL01481,T028,T100,4,city,"Cairo, Egypt","Cairo, Egypt",different time,2022-2026 / 2006-2011,unverified,2026-06-07
COL01482,T028,T105,4,city,"Cairo, Egypt","Cairo, Egypt",different time,2022-2026 / 2003-2005,mutual,2026-06-07
COL01483,T028,T106,1,school,SCH033,American School of Doha,same time,2018-2021,one-sided,2026-06-07
COL01484,T028,T109,4,city,"Cairo, Egypt","Cairo, Egypt",different time,2022-2026 / 2013-2015,unverified,2026-06-07
COL01485,T028,T114,2,school,SCH013,American International School in Egypt,different time,2022-2026 / 2010-2013,mutual,2026-06-07
COL01486,T028,T115,3,city,"Cairo, Egypt","Cairo, Egypt",same time,2022-2026,one-sided,2026-06-07
COL01487,T028,T121,2,school,SCH033,American School of Doha,different time,2017-2021 / 2005-2010,unverified,2026-06-07
COL01488,T028,T127,4,city,"Cairo, Egypt","Cairo, Egypt",different time,2022-2026 / 2019-2021,unverified,2026-06-07
COL01489,T028,T132,2,school,SCH013,American International School in Egypt,different time,2022-2026 / 2003-2008,unverified,2026-06-07
COL01490,T028,T135,2,school,SCH013,American International School in Egypt,different time,2022-2026 / 2016-2021,one-sided,2026-06-07
COL01491,T028,T140,3,city,"Cairo, Egypt","Cairo, Egypt",same time,2022-2026,unverified,2026-06-07
COL01492,T029,T030,1,school,SCH010,Singapore American School,same time,2022-2026,one-sided,2026-06-07
COL01493,T029,T048,1,school,SCH010,Singapore American School,same time,2022-2022,unverified,2026-06-07
COL01494,T029,T049,4,city,"Singapore, Singapore","Singapore, Singapore",different time,2022-2026 / 2018-2020,unverified,2026-06-07
COL01495,T029,T054,2,school,SCH010,Singapore American School,different time,2022-2026 / 2007-2009,unverified,2026-06-07
COL01496,T029,T056,2,school,SCH010,Singapore American School,different time,2022-2026 / 2018-2020,unverified,2026-06-07
COL01497,T029,T073,2,school,SCH010,Singapore American School,different time,2022-2026 / 2018-2021,unverified,2026-06-07
COL01498,T029,T083,2,school,SCH010,Singapore American School,different time,2022-2026 / 2013-2015,one-sided,2026-06-07
COL01499,T029,T085,2,school,SCH010,Singapore American School,different time,2022-2026 / 2016-2021,unverified,2026-06-07
COL01500,T029,T086,4,city,"Singapore, Singapore","Singapore, Singapore",different time,2022-2026 / 2014-2016,unverified,2026-06-07
COL01501,T029,T093,2,school,SCH010,Singapore American School,different time,2022-2026 / 2018-2021,unverified,2026-06-07
COL01502,T029,T103,3,city,"Singapore, Singapore","Singapore, Singapore",same time,2022-2023,unverified,2026-06-07
COL01503,T029,T106,2,school,SCH010,Singapore American School,different time,2022-2026 / 2011-2013,unverified,2026-06-07
COL01504,T029,T107,3,city,"Singapore, Singapore","Singapore, Singapore",same time,2022-2025,unverified,2026-06-07
COL01505,T029,T112,4,city,"Singapore, Singapore","Singapore, Singapore",different time,2022-2026 / 2016-2018,unverified,2026-06-07
COL01506,T029,T125,2,school,SCH010,Singapore American School,different time,2022-2026 / 2018-2020,unverified,2026-06-07
COL01507,T029,T127,3,city,"Singapore, Singapore","Singapore, Singapore",same time,2022-2025,mutual,2026-06-07
COL01508,T029,T132,2,school,SCH010,Singapore American School,different time,2022-2026 / 2009-2011,unverified,2026-06-07
COL01509,T029,T135,2,school,SCH010,Singapore American School,different time,2022-2026 / 2003-2007,unverified,2026-06-07
COL01510,T029,T142,4,city,"Singapore, Singapore","Singapore, Singapore",different time,2022-2026 / 2019-2021,unverified,2026-06-07
COL01511,T030,T048,1,school,SCH010,Singapore American School,same time,2020-2022,unverified,2026-06-07
COL01512,T030,T049,3,city,"Singapore, Singapore","Singapore, Singapore",same time,2020-2020,unverified,2026-06-07
COL01513,T030,T054,2,school,SCH010,Singapore American School,different time,2020-2026 / 2007-2009,one-sided,2026-06-07
COL01514,T030,T056,1,school,SCH010,Singapore American School,same time,2020-2020,mutual,2026-06-07
COL01515,T030,T073,1,school,SCH010,Singapore American School,same time,2020-2021,unverified,2026-06-07
COL01516,T030,T083,2,school,SCH010,Singapore American School,different time,2020-2026 / 2013-2015,unverified,2026-06-07
COL01517,T030,T085,1,school,SCH010,Singapore American School,same time,2020-2021,unverified,2026-06-07
COL01518,T030,T086,4,city,"Singapore, Singapore","Singapore, Singapore",different time,2020-2026 / 2014-2016,mutual,2026-06-07
COL01519,T030,T093,1,school,SCH010,Singapore American School,same time,2020-2021,unverified,2026-06-07
COL01520,T030,T103,3,city,"Singapore, Singapore","Singapore, Singapore",same time,2021-2023,unverified,2026-06-07
COL01521,T030,T106,2,school,SCH010,Singapore American School,different time,2020-2026 / 2011-2013,unverified,2026-06-07
COL01522,T030,T107,3,city,"Singapore, Singapore","Singapore, Singapore",same time,2020-2025,unverified,2026-06-07
COL01523,T030,T112,4,city,"Singapore, Singapore","Singapore, Singapore",different time,2020-2026 / 2016-2018,unverified,2026-06-07
COL01524,T030,T125,1,school,SCH010,Singapore American School,same time,2020-2020,unverified,2026-06-07
COL01525,T030,T127,3,city,"Singapore, Singapore","Singapore, Singapore",same time,2021-2025,unverified,2026-06-07
COL01526,T030,T132,2,school,SCH010,Singapore American School,different time,2020-2026 / 2009-2011,one-sided,2026-06-07
COL01527,T030,T135,2,school,SCH010,Singapore American School,different time,2020-2026 / 2003-2007,unverified,2026-06-07
COL01528,T030,T142,3,city,"Singapore, Singapore","Singapore, Singapore",same time,2020-2021,mutual,2026-06-07
COL01529,T031,T032,2,school,SCH024,American School of Kuwait,different time,2022-2024 / 2016-2020,unverified,2026-06-07
COL01530,T031,T033,2,school,SCH024,American School of Kuwait,different time,2022-2024 / 2017-2021,one-sided,2026-06-07
COL01531,T031,T036,1,school,SCH024,American School of Kuwait,same time,2022-2023,unverified,2026-06-07
COL01532,T031,T038,5,country,China,China,same time,2020-2020,one-sided,2026-06-07
COL01533,T031,T041,5,country,China,China,same time,2020-2020,one-sided,2026-06-07
COL01534,T031,T052,2,school,SCH024,American School of Kuwait,different time,2022-2024 / 2016-2018,unverified,2026-06-07
COL01535,T031,T054,4,city,"Shanghai, China","Shanghai, China",different time,2020-2022 / 2010-2014,unverified,2026-06-07
COL01536,T031,T056,5,country,China,China,same time,2021-2022,one-sided,2026-06-07
COL01537,T031,T057,2,school,SCH016,Shanghai American School,different time,2020-2022 / 2005-2009,mutual,2026-06-07
COL01538,T031,T060,2,school,SCH024,American School of Kuwait,different time,2022-2024 / 2012-2016,unverified,2026-06-07
COL01539,T031,T061,5,country,China,China,same time,2020-2022,mutual,2026-06-07
COL01540,T031,T066,5,country,China,China,same time,2022-2022,unverified,2026-06-07
COL01541,T031,T067,1,school,SCH016,Shanghai American School,same time,2020-2021,unverified,2026-06-07
COL01542,T031,T068,2,school,SCH024,American School of Kuwait,different time,2022-2024 / 2012-2016,mutual,2026-06-07
COL01543,T031,T069,1,school,SCH016,Shanghai American School,same time,2021-2022,unverified,2026-06-07
COL01544,T031,T073,2,school,SCH016,Shanghai American School,different time,2020-2022 / 2009-2013,unverified,2026-06-07
COL01545,T031,T076,6,country,China,China,different time,2020-2022 / 2012-2016,mutual,2026-06-07
COL01546,T031,T078,1,school,SCH016,Shanghai American School,same time,2021-2022,one-sided,2026-06-07
COL01547,T031,T080,1,school,SCH016,Shanghai American School,same time,2021-2022,unverified,2026-06-07
COL01548,T031,T086,5,country,China,China,same time,2020-2020,unverified,2026-06-07
COL01549,T031,T089,2,school,SCH024,American School of Kuwait,different time,2022-2024 / 2019-2021,mutual,2026-06-07
COL01550,T031,T090,5,country,China,China,same time,2020-2022,one-sided,2026-06-07
COL01551,T031,T091,5,country,China,China,same time,2021-2022,unverified,2026-06-07
COL01552,T031,T092,6,country,China,China,different time,2020-2022 / 2016-2018,mutual,2026-06-07
COL01553,T031,T095,5,country,China,China,same time,2020-2022,unverified,2026-06-07
COL01554,T031,T101,3,city,"Shanghai, China","Shanghai, China",same time,2020-2021,unverified,2026-06-07
COL01555,T031,T105,6,country,China,China,different time,2020-2022 / 2009-2014,unverified,2026-06-07
COL01556,T031,T106,6,country,China,China,different time,2020-2022 / 2006-2010,one-sided,2026-06-07
COL01557,T031,T108,1,school,SCH016,Shanghai American School,same time,2020-2020,unverified,2026-06-07
COL01558,T031,T109,1,school,SCH016,Shanghai American School,same time,2020-2021,mutual,2026-06-07
COL01559,T031,T112,3,city,"Shanghai, China","Shanghai, China",same time,2020-2022,mutual,2026-06-07
COL01560,T031,T114,2,school,SCH016,Shanghai American School,different time,2020-2022 / 2014-2018,mutual,2026-06-07
COL01561,T031,T115,6,country,China,China,different time,2020-2022 / 2015-2019,unverified,2026-06-07
COL01562,T031,T116,6,country,China,China,different time,2020-2022 / 2010-2012,one-sided,2026-06-07
COL01563,T031,T117,6,country,China,China,different time,2020-2022 / 2013-2017,unverified,2026-06-07
COL01564,T031,T120,1,school,SCH016,Shanghai American School,same time,2020-2022,mutual,2026-06-07
COL01565,T031,T122,2,school,SCH024,American School of Kuwait,different time,2022-2024 / 2018-2020,unverified,2026-06-07
COL01566,T031,T123,4,city,"Shanghai, China","Shanghai, China",different time,2020-2022 / 2000-2004,mutual,2026-06-07
COL01567,T031,T125,5,country,China,China,same time,2020-2022,unverified,2026-06-07
COL01568,T031,T129,5,country,China,China,same time,2020-2020,unverified,2026-06-07
COL01569,T031,T131,2,school,SCH016,Shanghai American School,different time,2020-2022 / 2010-2015,unverified,2026-06-07
COL01570,T031,T134,5,country,China,China,same time,2020-2020,unverified,2026-06-07
COL01571,T031,T137,2,school,SCH016,Shanghai American School,different time,2020-2022 / 2006-2009,unverified,2026-06-07
COL01572,T031,T138,5,country,China,China,same time,2020-2021,one-sided,2026-06-07
COL01573,T031,T139,1,school,SCH016,Shanghai American School,same time,2021-2022,mutual,2026-06-07
COL01574,T031,T142,4,city,"Shanghai, China","Shanghai, China",different time,2020-2022 / 2015-2019,one-sided,2026-06-07
COL01575,T031,T143,4,city,"Shanghai, China","Shanghai, China",different time,2020-2022 / 2007-2012,one-sided,2026-06-07
COL01576,T031,T144,3,city,"Shanghai, China","Shanghai, China",same time,2021-2022,unverified,2026-06-07
COL01577,T031,T149,2,school,SCH016,Shanghai American School,different time,2020-2022 / 2014-2018,unverified,2026-06-07
COL01578,T032,T033,1,school,SCH024,American School of Kuwait,same time,2017-2020,unverified,2026-06-07
COL01579,T032,T034,1,school,SCH001,American School of Dubai,same time,2021-2023,mutual,2026-06-07
COL01580,T032,T035,6,country,United Arab Emirates,United Arab Emirates,different time,2021-2026 / 2004-2009,mutual,2026-06-07
COL01581,T032,T036,1,school,SCH024,American School of Kuwait,same time,2020-2020,unverified,2026-06-07
COL01582,T032,T037,4,city,"Dubai, United Arab Emirates","Dubai, United Arab Emirates",different time,2021-2026 / 2016-2018,mutual,2026-06-07
COL01583,T032,T038,4,city,"Dubai, United Arab Emirates","Dubai, United Arab Emirates",different time,2021-2026 / 2011-2014,mutual,2026-06-07
COL01584,T032,T042,2,school,SCH001,American School of Dubai,different time,2021-2026 / 2015-2017,mutual,2026-06-07
COL01585,T032,T043,3,city,"Dubai, United Arab Emirates","Dubai, United Arab Emirates",same time,2021-2022,unverified,2026-06-07
COL01586,T032,T046,4,city,"Dubai, United Arab Emirates","Dubai, United Arab Emirates",different time,2021-2026 / 2005-2010,mutual,2026-06-07
COL01587,T032,T050,6,country,United Arab Emirates,United Arab Emirates,different time,2021-2026 / 2015-2019,unverified,2026-06-07
COL01588,T032,T052,1,school,SCH024,American School of Kuwait,same time,2016-2018,unverified,2026-06-07
COL01589,T032,T054,3,city,"Dubai, United Arab Emirates","Dubai, United Arab Emirates",same time,2021-2022,unverified,2026-06-07
COL01590,T032,T055,1,school,SCH001,American School of Dubai,same time,2021-2023,one-sided,2026-06-07
COL01591,T032,T056,2,school,SCH001,American School of Dubai,different time,2021-2026 / 2014-2018,mutual,2026-06-07
COL01592,T032,T057,1,school,SCH024,American School of Kuwait,same time,2016-2019,unverified,2026-06-07
COL01593,T032,T058,3,city,"Dubai, United Arab Emirates","Dubai, United Arab Emirates",same time,2021-2022,unverified,2026-06-07
COL01594,T032,T059,4,city,"Dubai, United Arab Emirates","Dubai, United Arab Emirates",different time,2021-2026 / 2015-2020,unverified,2026-06-07
COL01595,T032,T060,1,school,SCH024,American School of Kuwait,same time,2016-2016,unverified,2026-06-07
COL01596,T032,T063,5,country,United Arab Emirates,United Arab Emirates,same time,2021-2026,mutual,2026-06-07
COL01597,T032,T066,3,city,"Dubai, United Arab Emirates","Dubai, United Arab Emirates",same time,2021-2022,unverified,2026-06-07
COL01598,T032,T067,5,country,United Arab Emirates,United Arab Emirates,same time,2022-2026,unverified,2026-06-07
COL01599,T032,T068,1,school,SCH024,American School of Kuwait,same time,2016-2016,mutual,2026-06-07
COL01600,T032,T071,4,city,"Dubai, United Arab Emirates","Dubai, United Arab Emirates",different time,2021-2026 / 2010-2012,mutual,2026-06-07
COL01601,T032,T073,4,city,"Dubai, United Arab Emirates","Dubai, United Arab Emirates",different time,2021-2026 / 2005-2009,unverified,2026-06-07
COL01602,T032,T079,2,school,SCH001,American School of Dubai,different time,2021-2026 / 2014-2019,unverified,2026-06-07
COL01603,T032,T081,4,city,"Dubai, United Arab Emirates","Dubai, United Arab Emirates",different time,2021-2026 / 2016-2020,unverified,2026-06-07
COL01604,T032,T082,5,country,United Arab Emirates,United Arab Emirates,same time,2021-2022,unverified,2026-06-07
COL01605,T032,T084,6,country,United Arab Emirates,United Arab Emirates,different time,2021-2026 / 2008-2010,one-sided,2026-06-07
COL01606,T032,T087,4,city,"Dubai, United Arab Emirates","Dubai, United Arab Emirates",different time,2021-2026 / 2011-2016,unverified,2026-06-07
COL01607,T032,T088,3,city,"Dubai, United Arab Emirates","Dubai, United Arab Emirates",same time,2021-2022,unverified,2026-06-07
COL01608,T032,T089,1,school,SCH024,American School of Kuwait,same time,2019-2020,unverified,2026-06-07
COL01609,T032,T094,5,country,United Arab Emirates,United Arab Emirates,same time,2021-2021,unverified,2026-06-07
COL01610,T032,T096,3,city,"Dubai, United Arab Emirates","Dubai, United Arab Emirates",same time,2021-2023,unverified,2026-06-07
COL01611,T032,T097,3,city,"Dubai, United Arab Emirates","Dubai, United Arab Emirates",same time,2021-2025,mutual,2026-06-07
COL01612,T032,T098,6,country,United Arab Emirates,United Arab Emirates,different time,2021-2026 / 2002-2006,unverified,2026-06-07
COL01613,T032,T100,4,city,"Dubai, United Arab Emirates","Dubai, United Arab Emirates",different time,2021-2026 / 2014-2019,unverified,2026-06-07
COL01614,T032,T104,3,city,"Dubai, United Arab Emirates","Dubai, United Arab Emirates",same time,2021-2022,unverified,2026-06-07
COL01615,T032,T106,4,city,"Dubai, United Arab Emirates","Dubai, United Arab Emirates",different time,2021-2026 / 2014-2018,mutual,2026-06-07
COL01616,T032,T114,4,city,"Dubai, United Arab Emirates","Dubai, United Arab Emirates",different time,2021-2026 / 2004-2008,one-sided,2026-06-07
COL01617,T032,T117,3,city,"Dubai, United Arab Emirates","Dubai, United Arab Emirates",same time,2021-2022,unverified,2026-06-07
COL01618,T032,T118,2,school,SCH001,American School of Dubai,different time,2021-2026 / 2014-2016,unverified,2026-06-07
COL01619,T032,T122,1,school,SCH024,American School of Kuwait,same time,2018-2020,unverified,2026-06-07
COL01620,T032,T124,4,city,"Dubai, United Arab Emirates","Dubai, United Arab Emirates",different time,2021-2026 / 2013-2016,unverified,2026-06-07
COL01621,T032,T126,6,country,United Arab Emirates,United Arab Emirates,different time,2021-2026 / 2013-2016,one-sided,2026-06-07
COL01622,T032,T135,6,country,United Arab Emirates,United Arab Emirates,different time,2021-2026 / 2011-2016,unverified,2026-06-07
COL01623,T032,T140,4,city,"Dubai, United Arab Emirates","Dubai, United Arab Emirates",different time,2021-2026 / 2017-2020,unverified,2026-06-07
COL01624,T032,T144,1,school,SCH001,American School of Dubai,same time,2024-2026,unverified,2026-06-07
COL01625,T033,T034,3,city,"Dubai, United Arab Emirates","Dubai, United Arab Emirates",same time,2021-2023,unverified,2026-06-07
COL01626,T033,T035,6,country,United Arab Emirates,United Arab Emirates,different time,2021-2026 / 2004-2009,unverified,2026-06-07
COL01627,T033,T036,1,school,SCH024,American School of Kuwait,same time,2020-2021,unverified,2026-06-07
COL01628,T033,T037,4,city,"Dubai, United Arab Emirates","Dubai, United Arab Emirates",different time,2021-2026 / 2016-2018,unverified,2026-06-07
COL01629,T033,T038,4,city,"Dubai, United Arab Emirates","Dubai, United Arab Emirates",different time,2021-2026 / 2011-2014,unverified,2026-06-07
COL01630,T033,T042,4,city,"Dubai, United Arab Emirates","Dubai, United Arab Emirates",different time,2021-2026 / 2015-2017,unverified,2026-06-07
COL01631,T033,T043,3,city,"Dubai, United Arab Emirates","Dubai, United Arab Emirates",same time,2021-2022,unverified,2026-06-07
COL01632,T033,T046,2,school,SCH002,GEMS World Academy Dubai,different time,2021-2026 / 2005-2010,unverified,2026-06-07
COL01633,T033,T050,6,country,United Arab Emirates,United Arab Emirates,different time,2021-2026 / 2015-2019,one-sided,2026-06-07
COL01634,T033,T052,1,school,SCH024,American School of Kuwait,same time,2017-2018,one-sided,2026-06-07
COL01635,T033,T054,3,city,"Dubai, United Arab Emirates","Dubai, United Arab Emirates",same time,2021-2022,unverified,2026-06-07
COL01636,T033,T055,3,city,"Dubai, United Arab Emirates","Dubai, United Arab Emirates",same time,2021-2023,unverified,2026-06-07
COL01637,T033,T056,4,city,"Dubai, United Arab Emirates","Dubai, United Arab Emirates",different time,2021-2026 / 2014-2018,unverified,2026-06-07
COL01638,T033,T057,1,school,SCH024,American School of Kuwait,same time,2017-2019,unverified,2026-06-07
COL01639,T033,T058,1,school,SCH002,GEMS World Academy Dubai,same time,2021-2022,unverified,2026-06-07
COL01640,T033,T059,4,city,"Dubai, United Arab Emirates","Dubai, United Arab Emirates",different time,2021-2026 / 2015-2020,unverified,2026-06-07
COL01641,T033,T060,2,school,SCH024,American School of Kuwait,different time,2017-2021 / 2012-2016,mutual,2026-06-07
COL01642,T033,T063,5,country,United Arab Emirates,United Arab Emirates,same time,2021-2026,unverified,2026-06-07
COL01643,T033,T066,1,school,SCH002,GEMS World Academy Dubai,same time,2021-2022,unverified,2026-06-07
COL01644,T033,T067,5,country,United Arab Emirates,United Arab Emirates,same time,2022-2026,unverified,2026-06-07
COL01645,T033,T068,2,school,SCH024,American School of Kuwait,different time,2017-2021 / 2012-2016,unverified,2026-06-07
COL01646,T033,T071,4,city,"Dubai, United Arab Emirates","Dubai, United Arab Emirates",different time,2021-2026 / 2010-2012,mutual,2026-06-07
COL01647,T033,T073,4,city,"Dubai, United Arab Emirates","Dubai, United Arab Emirates",different time,2021-2026 / 2005-2009,unverified,2026-06-07
COL01648,T033,T079,4,city,"Dubai, United Arab Emirates","Dubai, United Arab Emirates",different time,2021-2026 / 2014-2019,one-sided,2026-06-07
COL01649,T033,T081,2,school,SCH002,GEMS World Academy Dubai,different time,2021-2026 / 2016-2020,unverified,2026-06-07
COL01650,T033,T082,5,country,United Arab Emirates,United Arab Emirates,same time,2021-2022,unverified,2026-06-07
COL01651,T033,T084,6,country,United Arab Emirates,United Arab Emirates,different time,2021-2026 / 2008-2010,mutual,2026-06-07
COL01652,T033,T087,2,school,SCH002,GEMS World Academy Dubai,different time,2021-2026 / 2011-2016,mutual,2026-06-07
COL01653,T033,T088,3,city,"Dubai, United Arab Emirates","Dubai, United Arab Emirates",same time,2021-2022,unverified,2026-06-07
COL01654,T033,T089,1,school,SCH024,American School of Kuwait,same time,2019-2021,unverified,2026-06-07
COL01655,T033,T094,5,country,United Arab Emirates,United Arab Emirates,same time,2021-2021,mutual,2026-06-07
COL01656,T033,T096,1,school,SCH002,GEMS World Academy Dubai,same time,2021-2023,mutual,2026-06-07
COL01657,T033,T097,3,city,"Dubai, United Arab Emirates","Dubai, United Arab Emirates",same time,2021-2025,unverified,2026-06-07
COL01658,T033,T098,6,country,United Arab Emirates,United Arab Emirates,different time,2021-2026 / 2002-2006,unverified,2026-06-07
COL01659,T033,T100,4,city,"Dubai, United Arab Emirates","Dubai, United Arab Emirates",different time,2021-2026 / 2014-2019,unverified,2026-06-07
COL01660,T033,T104,1,school,SCH002,GEMS World Academy Dubai,same time,2021-2022,mutual,2026-06-07
COL01661,T033,T106,4,city,"Dubai, United Arab Emirates","Dubai, United Arab Emirates",different time,2021-2026 / 2014-2018,unverified,2026-06-07
COL01662,T033,T114,4,city,"Dubai, United Arab Emirates","Dubai, United Arab Emirates",different time,2021-2026 / 2004-2008,mutual,2026-06-07
COL01663,T033,T117,3,city,"Dubai, United Arab Emirates","Dubai, United Arab Emirates",same time,2021-2022,mutual,2026-06-07
COL01664,T033,T118,2,school,SCH002,GEMS World Academy Dubai,different time,2021-2026 / 2011-2013,unverified,2026-06-07
COL01665,T033,T122,1,school,SCH024,American School of Kuwait,same time,2018-2020,unverified,2026-06-07
COL01666,T033,T124,4,city,"Dubai, United Arab Emirates","Dubai, United Arab Emirates",different time,2021-2026 / 2013-2016,unverified,2026-06-07
COL01667,T033,T126,6,country,United Arab Emirates,United Arab Emirates,different time,2021-2026 / 2013-2016,unverified,2026-06-07
COL01668,T033,T135,6,country,United Arab Emirates,United Arab Emirates,different time,2021-2026 / 2011-2016,one-sided,2026-06-07
COL01669,T033,T140,2,school,SCH002,GEMS World Academy Dubai,different time,2021-2026 / 2017-2020,unverified,2026-06-07
COL01670,T033,T144,3,city,"Dubai, United Arab Emirates","Dubai, United Arab Emirates",same time,2024-2026,unverified,2026-06-07
COL01671,T034,T035,1,school,SCH020,Sandford International School,same time,2017-2020,one-sided,2026-06-07
COL01672,T034,T036,5,country,India,India,same time,2012-2014,mutual,2026-06-07
COL01673,T034,T037,1,school,SCH020,Sandford International School,same time,2019-2021,unverified,2026-06-07
COL01674,T034,T038,4,city,"Dubai, United Arab Emirates","Dubai, United Arab Emirates",different time,2021-2023 / 2011-2014,unverified,2026-06-07
COL01675,T034,T039,3,city,"Addis Ababa, Ethiopia","Addis Ababa, Ethiopia",same time,2017-2019,unverified,2026-06-07
COL01676,T034,T042,2,school,SCH001,American School of Dubai,different time,2021-2023 / 2015-2017,one-sided,2026-06-07
COL01677,T034,T043,3,city,"Dubai, United Arab Emirates","Dubai, United Arab Emirates",same time,2021-2022,unverified,2026-06-07
COL01678,T034,T046,4,city,"Dubai, United Arab Emirates","Dubai, United Arab Emirates",different time,2021-2023 / 2005-2010,unverified,2026-06-07
COL01679,T034,T049,3,city,"Bangkok, Thailand","Bangkok, Thailand",same time,2012-2012,unverified,2026-06-07
COL01680,T034,T050,6,country,United Arab Emirates,United Arab Emirates,different time,2021-2023 / 2015-2019,unverified,2026-06-07
COL01681,T034,T051,3,city,"Bangkok, Thailand","Bangkok, Thailand",same time,2011-2012,unverified,2026-06-07
COL01682,T034,T054,3,city,"Dubai, United Arab Emirates","Dubai, United Arab Emirates",same time,2021-2022,unverified,2026-06-07
COL01683,T034,T055,1,school,SCH001,American School of Dubai,same time,2021-2023,unverified,2026-06-07
COL01684,T034,T056,2,school,SCH001,American School of Dubai,different time,2021-2023 / 2014-2018,mutual,2026-06-07
COL01685,T034,T058,3,city,"Dubai, United Arab Emirates","Dubai, United Arab Emirates",same time,2021-2022,unverified,2026-06-07
COL01686,T034,T059,3,city,"Addis Ababa, Ethiopia","Addis Ababa, Ethiopia",same time,2021-2021,mutual,2026-06-07
COL01687,T034,T061,1,school,SCH025,American School of Bombay,same time,2012-2013,unverified,2026-06-07
COL01688,T034,T062,4,city,"Bangkok, Thailand","Bangkok, Thailand",different time,2007-2012 / 2016-2021,unverified,2026-06-07
COL01689,T034,T063,5,country,United Arab Emirates,United Arab Emirates,same time,2021-2023,unverified,2026-06-07
COL01690,T034,T065,3,city,"Addis Ababa, Ethiopia","Addis Ababa, Ethiopia",same time,2017-2017,unverified,2026-06-07
COL01691,T034,T066,3,city,"Dubai, United Arab Emirates","Dubai, United Arab Emirates",same time,2021-2022,mutual,2026-06-07
COL01692,T034,T067,5,country,United Arab Emirates,United Arab Emirates,same time,2022-2023,unverified,2026-06-07
COL01693,T034,T068,5,country,United Arab Emirates,United Arab Emirates,same time,2021-2021,unverified,2026-06-07
COL01694,T034,T071,3,city,"Bangkok, Thailand","Bangkok, Thailand",same time,2012-2012,unverified,2026-06-07
COL01695,T034,T072,3,city,"Bangkok, Thailand","Bangkok, Thailand",same time,2010-2012,unverified,2026-06-07
COL01696,T034,T073,3,city,"Addis Ababa, Ethiopia","Addis Ababa, Ethiopia",same time,2017-2017,unverified,2026-06-07
COL01697,T034,T074,3,city,"Bangkok, Thailand","Bangkok, Thailand",same time,2011-2012,one-sided,2026-06-07
COL01698,T034,T076,2,school,SCH025,American School of Bombay,different time,2012-2017 / 2008-2011,unverified,2026-06-07
COL01699,T034,T079,2,school,SCH001,American School of Dubai,different time,2021-2023 / 2014-2019,unverified,2026-06-07
COL01700,T034,T081,3,city,"Bangkok, Thailand","Bangkok, Thailand",same time,2011-2012,unverified,2026-06-07
COL01701,T034,T082,5,country,United Arab Emirates,United Arab Emirates,same time,2021-2022,unverified,2026-06-07
COL01702,T034,T083,1,school,SCH020,Sandford International School,same time,2017-2021,mutual,2026-06-07
COL01703,T034,T084,4,city,"Bangkok, Thailand","Bangkok, Thailand",different time,2007-2012 / 2018-2023,unverified,2026-06-07
COL01704,T034,T087,4,city,"Dubai, United Arab Emirates","Dubai, United Arab Emirates",different time,2021-2023 / 2011-2016,unverified,2026-06-07
COL01705,T034,T088,3,city,"Dubai, United Arab Emirates","Dubai, United Arab Emirates",same time,2021-2022,unverified,2026-06-07
COL01706,T034,T089,6,country,United Arab Emirates,United Arab Emirates,different time,2021-2023 / 2016-2018,mutual,2026-06-07
COL01707,T034,T090,2,school,SCH025,American School of Bombay,different time,2012-2017 / 2018-2020,unverified,2026-06-07
COL01708,T034,T091,2,school,SCH025,American School of Bombay,different time,2012-2017 / 2019-2021,unverified,2026-06-07
COL01709,T034,T092,4,city,"Bangkok, Thailand","Bangkok, Thailand",different time,2007-2012 / 2019-2023,mutual,2026-06-07
COL01710,T034,T094,2,school,SCH009,Bangkok Patana School,different time,2007-2012 / 2021-2026,unverified,2026-06-07
COL01711,T034,T096,3,city,"Dubai, United Arab Emirates","Dubai, United Arab Emirates",same time,2021-2023,one-sided,2026-06-07
COL01712,T034,T097,3,city,"Dubai, United Arab Emirates","Dubai, United Arab Emirates",same time,2021-2023,unverified,2026-06-07
COL01713,T034,T098,1,school,SCH020,Sandford International School,same time,2020-2021,unverified,2026-06-07
COL01714,T034,T099,1,school,SCH025,American School of Bombay,same time,2015-2017,unverified,2026-06-07
COL01715,T034,T100,2,school,SCH009,Bangkok Patana School,different time,2007-2012 / 2019-2022,unverified,2026-06-07
COL01716,T034,T104,3,city,"Dubai, United Arab Emirates","Dubai, United Arab Emirates",same time,2021-2022,unverified,2026-06-07
COL01717,T034,T106,4,city,"Dubai, United Arab Emirates","Dubai, United Arab Emirates",different time,2021-2023 / 2014-2018,unverified,2026-06-07
COL01718,T034,T107,2,school,SCH009,Bangkok Patana School,different time,2007-2012 / 2016-2020,unverified,2026-06-07
COL01719,T034,T108,3,city,"Bangkok, Thailand","Bangkok, Thailand",same time,2012-2012,unverified,2026-06-07
COL01720,T034,T109,1,school,SCH020,Sandford International School,same time,2017-2018,mutual,2026-06-07
COL01721,T034,T110,4,city,"Bangkok, Thailand","Bangkok, Thailand",different time,2007-2012 / 2017-2019,unverified,2026-06-07
COL01722,T034,T113,3,city,"Addis Ababa, Ethiopia","Addis Ababa, Ethiopia",same time,2021-2021,mutual,2026-06-07
COL01723,T034,T114,4,city,"Dubai, United Arab Emirates","Dubai, United Arab Emirates",different time,2021-2023 / 2004-2008,mutual,2026-06-07
COL01724,T034,T115,6,country,India,India,different time,2012-2017 / 2007-2010,unverified,2026-06-07
COL01725,T034,T116,4,city,"Bangkok, Thailand","Bangkok, Thailand",different time,2007-2012 / 2017-2020,unverified,2026-06-07
COL01726,T034,T117,3,city,"Dubai, United Arab Emirates","Dubai, United Arab Emirates",same time,2021-2022,mutual,2026-06-07
COL01727,T034,T118,2,school,SCH001,American School of Dubai,different time,2021-2023 / 2014-2016,unverified,2026-06-07
COL01728,T034,T119,4,city,"Bangkok, Thailand","Bangkok, Thailand",different time,2007-2012 / 2022-2026,unverified,2026-06-07
COL01729,T034,T122,1,school,SCH001,American School of Dubai,same time,2021-2023,unverified,2026-06-07
COL01730,T034,T123,3,city,"Bangkok, Thailand","Bangkok, Thailand",same time,2007-2008,unverified,2026-06-07
COL01731,T034,T124,4,city,"Dubai, United Arab Emirates","Dubai, United Arab Emirates",different time,2021-2023 / 2013-2016,unverified,2026-06-07
COL01732,T034,T126,6,country,United Arab Emirates,United Arab Emirates,different time,2021-2023 / 2013-2016,one-sided,2026-06-07
COL01733,T034,T127,1,school,SCH020,Sandford International School,same time,2017-2018,unverified,2026-06-07
COL01734,T034,T129,2,school,SCH009,Bangkok Patana School,different time,2007-2012 / 2020-2026,unverified,2026-06-07
COL01735,T034,T131,2,school,SCH025,American School of Bombay,different time,2012-2017 / 2007-2009,unverified,2026-06-07
COL01736,T034,T134,5,country,India,India,same time,2014-2017,unverified,2026-06-07
COL01737,T034,T135,3,city,"Bangkok, Thailand","Bangkok, Thailand",same time,2007-2010,unverified,2026-06-07
COL01738,T034,T137,3,city,"Bangkok, Thailand","Bangkok, Thailand",same time,2009-2012,one-sided,2026-06-07
COL01739,T034,T138,1,school,SCH009,Bangkok Patana School,same time,2012-2012,unverified,2026-06-07
COL01740,T034,T140,4,city,"Dubai, United Arab Emirates","Dubai, United Arab Emirates",different time,2021-2023 / 2017-2020,unverified,2026-06-07
COL01741,T034,T142,3,city,"Bangkok, Thailand","Bangkok, Thailand",same time,2009-2012,unverified,2026-06-07
COL01742,T034,T143,2,school,SCH009,Bangkok Patana School,different time,2007-2012 / 2013-2018,unverified,2026-06-07
COL01743,T034,T144,2,school,SCH001,American School of Dubai,different time,2021-2023 / 2024-2026,mutual,2026-06-07
COL01744,T034,T145,1,school,SCH025,American School of Bombay,same time,2012-2015,unverified,2026-06-07
COL01745,T034,T148,1,school,SCH025,American School of Bombay,same time,2012-2013,unverified,2026-06-07
COL01746,T034,T150,1,school,SCH025,American School of Bombay,same time,2013-2015,unverified,2026-06-07
COL01747,T035,T037,1,school,SCH020,Sandford International School,same time,2019-2020,mutual,2026-06-07
COL01748,T035,T038,6,country,United Arab Emirates,United Arab Emirates,different time,2004-2009 / 2011-2014,mutual,2026-06-07
COL01749,T035,T039,3,city,"Addis Ababa, Ethiopia","Addis Ababa, Ethiopia",same time,2016-2019,unverified,2026-06-07
COL01750,T035,T040,4,city,"Denver, United States","Denver, United States",different time,2010-2014 / 2019-2022,unverified,2026-06-07
COL01751,T035,T042,2,school,SCH005,The British School Al Khubairat,different time,2004-2009 / 2019-2024,one-sided,2026-06-07
COL01752,T035,T043,4,city,"Bangkok, Thailand","Bangkok, Thailand",different time,2000-2003 / 2023-2026,unverified,2026-06-07
COL01753,T035,T046,4,city,"Abu Dhabi, United Arab Emirates","Abu Dhabi, United Arab Emirates",different time,2004-2009 / 2018-2021,unverified,2026-06-07
COL01754,T035,T047,2,school,SCH022,Graland Country Day School,different time,2010-2014 / 2015-2018,unverified,2026-06-07
COL01755,T035,T049,4,city,"Bangkok, Thailand","Bangkok, Thailand",different time,2000-2003 / 2012-2015,one-sided,2026-06-07
COL01756,T035,T050,4,city,"Abu Dhabi, United Arab Emirates","Abu Dhabi, United Arab Emirates",different time,2004-2009 / 2015-2019,unverified,2026-06-07
COL01757,T035,T051,2,school,SCH022,Graland Country Day School,different time,2010-2014 / 2006-2009,unverified,2026-06-07
COL01758,T035,T052,3,city,"Denver, United States","Denver, United States",same time,2012-2014,unverified,2026-06-07
COL01759,T035,T054,6,country,United Arab Emirates,United Arab Emirates,different time,2004-2009 / 2018-2022,unverified,2026-06-07
COL01760,T035,T055,2,school,SCH008,International School Bangkok,different time,2000-2003 / 2018-2020,unverified,2026-06-07
COL01761,T035,T056,6,country,United Arab Emirates,United Arab Emirates,different time,2004-2009 / 2014-2018,mutual,2026-06-07
COL01762,T035,T057,2,school,SCH022,Graland Country Day School,different time,2010-2014 / 2001-2004,mutual,2026-06-07
COL01763,T035,T058,6,country,United Arab Emirates,United Arab Emirates,different time,2004-2009 / 2020-2022,unverified,2026-06-07
COL01764,T035,T059,4,city,"Addis Ababa, Ethiopia","Addis Ababa, Ethiopia",different time,2016-2020 / 2021-2023,unverified,2026-06-07
COL01765,T035,T061,2,school,SCH008,International School Bangkok,different time,2000-2003 / 2014-2017,unverified,2026-06-07
COL01766,T035,T062,2,school,SCH008,International School Bangkok,different time,2000-2003 / 2016-2021,unverified,2026-06-07
COL01767,T035,T063,2,school,SCH005,The British School Al Khubairat,different time,2004-2009 / 2021-2026,unverified,2026-06-07
COL01768,T035,T064,2,school,SCH022,Graland Country Day School,different time,2010-2014 / 2021-2026,mutual,2026-06-07
COL01769,T035,T065,2,school,SCH022,Graland Country Day School,different time,2010-2014 / 2018-2020,mutual,2026-06-07
COL01770,T035,T066,6,country,United Arab Emirates,United Arab Emirates,different time,2004-2009 / 2019-2022,unverified,2026-06-07
COL01771,T035,T067,4,city,"Abu Dhabi, United Arab Emirates","Abu Dhabi, United Arab Emirates",different time,2004-2009 / 2022-2026,unverified,2026-06-07
COL01772,T035,T068,2,school,SCH005,The British School Al Khubairat,different time,2004-2009 / 2016-2021,unverified,2026-06-07
COL01773,T035,T071,2,school,SCH008,International School Bangkok,different time,2000-2003 / 2012-2015,unverified,2026-06-07
COL01774,T035,T072,2,school,SCH008,International School Bangkok,different time,2000-2003 / 2010-2014,unverified,2026-06-07
COL01775,T035,T073,3,city,"Addis Ababa, Ethiopia","Addis Ababa, Ethiopia",same time,2016-2017,unverified,2026-06-07
COL01776,T035,T074,2,school,SCH008,International School Bangkok,different time,2000-2003 / 2011-2015,unverified,2026-06-07
COL01777,T035,T078,4,city,"Denver, United States","Denver, United States",different time,2010-2014 / 2017-2020,unverified,2026-06-07
COL01778,T035,T079,2,school,SCH005,The British School Al Khubairat,different time,2004-2009 / 2019-2026,unverified,2026-06-07
COL01779,T035,T081,4,city,"Bangkok, Thailand","Bangkok, Thailand",different time,2000-2003 / 2011-2015,unverified,2026-06-07
COL01780,T035,T082,2,school,SCH005,The British School Al Khubairat,different time,2004-2009 / 2018-2022,unverified,2026-06-07
COL01781,T035,T083,1,school,SCH020,Sandford International School,same time,2016-2020,unverified,2026-06-07
COL01782,T035,T084,1,school,SCH005,The British School Al Khubairat,same time,2008-2009,unverified,2026-06-07
COL01783,T035,T087,4,city,"Abu Dhabi, United Arab Emirates","Abu Dhabi, United Arab Emirates",different time,2004-2009 / 2017-2021,one-sided,2026-06-07
COL01784,T035,T088,4,city,"Bangkok, Thailand","Bangkok, Thailand",different time,2000-2003 / 2016-2019,one-sided,2026-06-07
COL01785,T035,T089,2,school,SCH005,The British School Al Khubairat,different time,2004-2009 / 2016-2018,mutual,2026-06-07
COL01786,T035,T091,5,country,United States,United States,same time,2014-2014,unverified,2026-06-07
COL01787,T035,T092,2,school,SCH008,International School Bangkok,different time,2000-2003 / 2019-2023,mutual,2026-06-07
COL01788,T035,T094,2,school,SCH005,The British School Al Khubairat,different time,2004-2009 / 2019-2021,unverified,2026-06-07
COL01789,T035,T095,2,school,SCH027,International School of Kenya,different time,2014-2016 / 2007-2011,unverified,2026-06-07
COL01790,T035,T096,6,country,United Arab Emirates,United Arab Emirates,different time,2004-2009 / 2019-2023,unverified,2026-06-07
COL01791,T035,T097,6,country,United Arab Emirates,United Arab Emirates,different time,2004-2009 / 2021-2025,unverified,2026-06-07
COL01792,T035,T098,1,school,SCH005,The British School Al Khubairat,same time,2004-2006,unverified,2026-06-07
COL01793,T035,T100,4,city,"Bangkok, Thailand","Bangkok, Thailand",different time,2000-2003 / 2019-2022,unverified,2026-06-07
COL01794,T035,T104,6,country,United Arab Emirates,United Arab Emirates,different time,2004-2009 / 2017-2022,unverified,2026-06-07
COL01795,T035,T105,6,country,United States,United States,different time,2010-2014 / 2000-2003,unverified,2026-06-07
COL01796,T035,T106,6,country,United Arab Emirates,United Arab Emirates,different time,2004-2009 / 2014-2018,unverified,2026-06-07
COL01797,T035,T107,3,city,"Denver, United States","Denver, United States",same time,2010-2014,mutual,2026-06-07
COL01798,T035,T108,2,school,SCH008,International School Bangkok,different time,2000-2003 / 2012-2014,unverified,2026-06-07
COL01799,T035,T109,1,school,SCH020,Sandford International School,same time,2016-2018,unverified,2026-06-07
COL01800,T035,T110,4,city,"Bangkok, Thailand","Bangkok, Thailand",different time,2000-2003 / 2017-2019,unverified,2026-06-07
COL01801,T035,T111,3,city,"Denver, United States","Denver, United States",same time,2013-2014,unverified,2026-06-07
COL01802,T035,T113,4,city,"Addis Ababa, Ethiopia","Addis Ababa, Ethiopia",different time,2016-2020 / 2021-2025,one-sided,2026-06-07
COL01803,T035,T114,5,country,United Arab Emirates,United Arab Emirates,same time,2004-2008,unverified,2026-06-07
COL01804,T035,T116,4,city,"Bangkok, Thailand","Bangkok, Thailand",different time,2000-2003 / 2017-2020,one-sided,2026-06-07
COL01805,T035,T117,6,country,United Arab Emirates,United Arab Emirates,different time,2004-2009 / 2017-2022,one-sided,2026-06-07
COL01806,T035,T118,6,country,United Arab Emirates,United Arab Emirates,different time,2004-2009 / 2011-2013,unverified,2026-06-07
COL01807,T035,T119,2,school,SCH008,International School Bangkok,different time,2000-2003 / 2022-2026,unverified,2026-06-07
COL01808,T035,T121,6,country,United States,United States,different time,2010-2014 / 2016-2021,unverified,2026-06-07
COL01809,T035,T122,2,school,SCH020,Sandford International School,different time,2016-2020 / 2006-2011,mutual,2026-06-07
COL01810,T035,T123,2,school,SCH008,International School Bangkok,different time,2000-2003 / 2004-2008,mutual,2026-06-07
COL01811,T035,T124,6,country,United Arab Emirates,United Arab Emirates,different time,2004-2009 / 2013-2016,mutual,2026-06-07
COL01812,T035,T126,2,school,SCH005,The British School Al Khubairat,different time,2004-2009 / 2013-2016,unverified,2026-06-07
COL01813,T035,T127,1,school,SCH020,Sandford International School,same time,2016-2018,unverified,2026-06-07
COL01814,T035,T128,3,city,"Denver, United States","Denver, United States",same time,2014-2014,one-sided,2026-06-07
COL01815,T035,T129,4,city,"Bangkok, Thailand","Bangkok, Thailand",different time,2000-2003 / 2020-2026,unverified,2026-06-07
COL01816,T035,T131,4,city,"Bangkok, Thailand","Bangkok, Thailand",different time,2000-2003 / 2016-2020,unverified,2026-06-07
COL01817,T035,T132,3,city,"Denver, United States","Denver, United States",same time,2011-2014,mutual,2026-06-07
COL01818,T035,T133,2,school,SCH027,International School of Kenya,different time,2014-2016 / 2019-2023,unverified,2026-06-07
COL01819,T035,T134,2,school,SCH022,Graland Country Day School,different time,2010-2014 / 2021-2026,unverified,2026-06-07
COL01820,T035,T135,2,school,SCH005,The British School Al Khubairat,different time,2004-2009 / 2011-2016,mutual,2026-06-07
COL01821,T035,T137,1,school,SCH027,International School of Kenya,same time,2014-2016,mutual,2026-06-07
COL01822,T035,T138,4,city,"Bangkok, Thailand","Bangkok, Thailand",different time,2000-2003 / 2012-2017,unverified,2026-06-07
COL01823,T035,T140,6,country,United Arab Emirates,United Arab Emirates,different time,2004-2009 / 2017-2020,unverified,2026-06-07
COL01824,T035,T142,4,city,"Bangkok, Thailand","Bangkok, Thailand",different time,2000-2003 / 2009-2014,unverified,2026-06-07
COL01825,T035,T143,4,city,"Bangkok, Thailand","Bangkok, Thailand",different time,2000-2003 / 2013-2018,unverified,2026-06-07
COL01826,T035,T144,6,country,United Arab Emirates,United Arab Emirates,different time,2004-2009 / 2017-2020,unverified,2026-06-07
COL01827,T035,T147,2,school,SCH027,International School of Kenya,different time,2014-2016 / 2019-2023,unverified,2026-06-07
COL01828,T035,T148,1,school,SCH020,Sandford International School,same time,2017-2020,one-sided,2026-06-07
COL01829,T035,T150,3,city,"Addis Ababa, Ethiopia","Addis Ababa, Ethiopia",same time,2016-2018,unverified,2026-06-07
COL01830,T036,T046,1,school,SCH034,The American International School of Muscat,same time,2015-2018,one-sided,2026-06-07
COL01831,T036,T049,1,school,SCH034,The American International School of Muscat,same time,2016-2018,mutual,2026-06-07
COL01832,T036,T051,1,school,SCH034,The American International School of Muscat,same time,2015-2019,one-sided,2026-06-07
COL01833,T036,T052,2,school,SCH034,The American International School of Muscat,different time,2015-2019 / 2004-2009,unverified,2026-06-07
COL01834,T036,T057,2,school,SCH024,American School of Kuwait,different time,2020-2023 / 2015-2019,unverified,2026-06-07
COL01835,T036,T058,1,school,SCH029,The American School in London,same time,2023-2025,unverified,2026-06-07
COL01836,T036,T060,2,school,SCH024,American School of Kuwait,different time,2020-2023 / 2012-2016,one-sided,2026-06-07
COL01837,T036,T061,5,country,India,India,same time,2012-2013,unverified,2026-06-07
COL01838,T036,T064,2,school,SCH029,The American School in London,different time,2023-2025 / 2016-2021,one-sided,2026-06-07
COL01839,T036,T068,2,school,SCH024,American School of Kuwait,different time,2020-2023 / 2012-2016,unverified,2026-06-07
COL01840,T036,T076,6,country,India,India,different time,2012-2014 / 2008-2011,unverified,2026-06-07
COL01841,T036,T081,2,school,SCH026,American Embassy School New Delhi,different time,2012-2014 / 2021-2026,unverified,2026-06-07
COL01842,T036,T083,6,country,India,India,different time,2012-2014 / 2021-2026,one-sided,2026-06-07
COL01843,T036,T084,2,school,SCH029,The American School in London,different time,2023-2025 / 2015-2017,mutual,2026-06-07
COL01844,T036,T087,2,school,SCH026,American Embassy School New Delhi,different time,2012-2014 / 2007-2010,mutual,2026-06-07
COL01845,T036,T089,1,school,SCH024,American School of Kuwait,same time,2020-2021,unverified,2026-06-07
COL01846,T036,T090,6,country,India,India,different time,2012-2014 / 2018-2020,unverified,2026-06-07
COL01847,T036,T091,6,country,India,India,different time,2012-2014 / 2019-2021,mutual,2026-06-07
COL01848,T036,T095,2,school,SCH029,The American School in London,different time,2023-2025 / 2011-2015,unverified,2026-06-07
COL01849,T036,T096,1,school,SCH034,The American International School of Muscat,same time,2015-2018,one-sided,2026-06-07
COL01850,T036,T099,6,country,India,India,different time,2012-2014 / 2015-2019,unverified,2026-06-07
COL01851,T036,T103,1,school,SCH034,The American International School of Muscat,same time,2018-2019,unverified,2026-06-07
COL01852,T036,T111,1,school,SCH034,The American International School of Muscat,same time,2018-2019,unverified,2026-06-07
COL01853,T036,T115,2,school,SCH026,American Embassy School New Delhi,different time,2012-2014 / 2007-2010,unverified,2026-06-07
COL01854,T036,T119,2,school,SCH026,American Embassy School New Delhi,different time,2012-2014 / 2016-2019,one-sided,2026-06-07
COL01855,T036,T122,1,school,SCH024,American School of Kuwait,same time,2020-2020,unverified,2026-06-07
COL01856,T036,T131,6,country,India,India,different time,2012-2014 / 2007-2009,mutual,2026-06-07
COL01857,T036,T134,1,school,SCH026,American Embassy School New Delhi,same time,2014-2014,one-sided,2026-06-07
COL01858,T036,T141,1,school,SCH029,The American School in London,same time,2023-2025,unverified,2026-06-07
COL01859,T036,T145,1,school,SCH034,The American International School of Muscat,same time,2016-2018,unverified,2026-06-07
COL01860,T036,T148,5,country,India,India,same time,2012-2013,unverified,2026-06-07
COL01861,T036,T150,5,country,India,India,same time,2013-2014,one-sided,2026-06-07
COL01862,T037,T038,2,school,SCH003,Dubai International Academy,different time,2016-2018 / 2011-2014,mutual,2026-06-07
COL01863,T037,T039,3,city,"Addis Ababa, Ethiopia","Addis Ababa, Ethiopia",same time,2019-2019,mutual,2026-06-07
COL01864,T037,T042,3,city,"Dubai, United Arab Emirates","Dubai, United Arab Emirates",same time,2016-2017,unverified,2026-06-07
COL01865,T037,T043,1,school,SCH003,Dubai International Academy,same time,2018-2018,mutual,2026-06-07
COL01866,T037,T046,4,city,"Dubai, United Arab Emirates","Dubai, United Arab Emirates",different time,2016-2018 / 2005-2010,unverified,2026-06-07
COL01867,T037,T047,2,school,SCH033,American School of Doha,different time,2022-2024 / 2012-2015,unverified,2026-06-07
COL01868,T037,T050,5,country,United Arab Emirates,United Arab Emirates,same time,2016-2018,unverified,2026-06-07
COL01869,T037,T054,3,city,"Dubai, United Arab Emirates","Dubai, United Arab Emirates",same time,2018-2018,unverified,2026-06-07
COL01870,T037,T055,4,city,"Dubai, United Arab Emirates","Dubai, United Arab Emirates",different time,2016-2018 / 2020-2023,unverified,2026-06-07
COL01871,T037,T056,3,city,"Dubai, United Arab Emirates","Dubai, United Arab Emirates",same time,2016-2018,unverified,2026-06-07
COL01872,T037,T058,4,city,"Dubai, United Arab Emirates","Dubai, United Arab Emirates",different time,2016-2018 / 2020-2022,unverified,2026-06-07
COL01873,T037,T059,3,city,"Dubai, United Arab Emirates","Dubai, United Arab Emirates",same time,2016-2018,unverified,2026-06-07
COL01874,T037,T060,2,school,SCH033,American School of Doha,different time,2022-2024 / 2016-2021,one-sided,2026-06-07
COL01875,T037,T063,6,country,United Arab Emirates,United Arab Emirates,different time,2016-2018 / 2021-2026,mutual,2026-06-07
COL01876,T037,T065,4,city,"Addis Ababa, Ethiopia","Addis Ababa, Ethiopia",different time,2019-2022 / 2013-2017,one-sided,2026-06-07
COL01877,T037,T066,4,city,"Dubai, United Arab Emirates","Dubai, United Arab Emirates",different time,2016-2018 / 2019-2022,one-sided,2026-06-07
COL01878,T037,T067,6,country,United Arab Emirates,United Arab Emirates,different time,2016-2018 / 2022-2026,mutual,2026-06-07
COL01879,T037,T068,5,country,United Arab Emirates,United Arab Emirates,same time,2016-2018,unverified,2026-06-07
COL01880,T037,T071,2,school,SCH003,Dubai International Academy,different time,2016-2018 / 2010-2012,mutual,2026-06-07
COL01881,T037,T073,2,school,SCH003,Dubai International Academy,different time,2016-2018 / 2005-2009,unverified,2026-06-07
COL01882,T037,T079,3,city,"Dubai, United Arab Emirates","Dubai, United Arab Emirates",same time,2016-2018,unverified,2026-06-07
COL01883,T037,T081,3,city,"Dubai, United Arab Emirates","Dubai, United Arab Emirates",same time,2016-2018,unverified,2026-06-07
COL01884,T037,T082,5,country,United Arab Emirates,United Arab Emirates,same time,2018-2018,unverified,2026-06-07
COL01885,T037,T083,1,school,SCH020,Sandford International School,same time,2019-2021,one-sided,2026-06-07
COL01886,T037,T084,6,country,United Arab Emirates,United Arab Emirates,different time,2016-2018 / 2008-2010,unverified,2026-06-07
COL01887,T037,T087,3,city,"Dubai, United Arab Emirates","Dubai, United Arab Emirates",same time,2016-2016,unverified,2026-06-07
COL01888,T037,T088,2,school,SCH003,Dubai International Academy,different time,2016-2018 / 2020-2022,mutual,2026-06-07
COL01889,T037,T089,5,country,United Arab Emirates,United Arab Emirates,same time,2016-2018,unverified,2026-06-07
COL01890,T037,T094,6,country,United Arab Emirates,United Arab Emirates,different time,2016-2018 / 2019-2021,unverified,2026-06-07
COL01891,T037,T096,4,city,"Dubai, United Arab Emirates","Dubai, United Arab Emirates",different time,2016-2018 / 2019-2023,mutual,2026-06-07
COL01892,T037,T097,4,city,"Dubai, United Arab Emirates","Dubai, United Arab Emirates",different time,2016-2018 / 2021-2025,unverified,2026-06-07
COL01893,T037,T098,1,school,SCH020,Sandford International School,same time,2020-2022,unverified,2026-06-07
COL01894,T037,T100,1,school,SCH003,Dubai International Academy,same time,2016-2018,unverified,2026-06-07
COL01895,T037,T104,3,city,"Dubai, United Arab Emirates","Dubai, United Arab Emirates",same time,2017-2018,unverified,2026-06-07
COL01896,T037,T106,1,school,SCH003,Dubai International Academy,same time,2016-2018,unverified,2026-06-07
COL01897,T037,T109,2,school,SCH020,Sandford International School,different time,2019-2022 / 2015-2018,unverified,2026-06-07
COL01898,T037,T113,3,city,"Addis Ababa, Ethiopia","Addis Ababa, Ethiopia",same time,2021-2022,unverified,2026-06-07
COL01899,T037,T114,4,city,"Dubai, United Arab Emirates","Dubai, United Arab Emirates",different time,2016-2018 / 2004-2008,mutual,2026-06-07
COL01900,T037,T117,3,city,"Dubai, United Arab Emirates","Dubai, United Arab Emirates",same time,2017-2018,unverified,2026-06-07
COL01901,T037,T118,1,school,SCH003,Dubai International Academy,same time,2017-2018,unverified,2026-06-07
COL01902,T037,T121,2,school,SCH033,American School of Doha,different time,2022-2024 / 2005-2010,unverified,2026-06-07
COL01903,T037,T122,2,school,SCH020,Sandford International School,different time,2019-2022 / 2006-2011,mutual,2026-06-07
COL01904,T037,T123,4,city,"Addis Ababa, Ethiopia","Addis Ababa, Ethiopia",different time,2019-2022 / 2008-2013,unverified,2026-06-07
COL01905,T037,T124,3,city,"Dubai, United Arab Emirates","Dubai, United Arab Emirates",same time,2016-2016,unverified,2026-06-07
COL01906,T037,T126,5,country,United Arab Emirates,United Arab Emirates,same time,2016-2016,unverified,2026-06-07
COL01907,T037,T127,2,school,SCH020,Sandford International School,different time,2019-2022 / 2013-2018,one-sided,2026-06-07
COL01908,T037,T135,5,country,United Arab Emirates,United Arab Emirates,same time,2016-2016,mutual,2026-06-07
COL01909,T037,T140,3,city,"Dubai, United Arab Emirates","Dubai, United Arab Emirates",same time,2017-2018,unverified,2026-06-07
COL01910,T037,T144,3,city,"Dubai, United Arab Emirates","Dubai, United Arab Emirates",same time,2017-2018,mutual,2026-06-07
COL01911,T037,T148,1,school,SCH020,Sandford International School,same time,2019-2022,mutual,2026-06-07
COL01912,T037,T150,4,city,"Addis Ababa, Ethiopia","Addis Ababa, Ethiopia",different time,2019-2022 / 2015-2018,unverified,2026-06-07
COL01913,T038,T041,2,school,SCH015,Canadian International School of Hong Kong,different time,2015-2020 / 2021-2023,unverified,2026-06-07
COL01914,T038,T042,2,school,SCH012,Cairo American College,different time,2021-2026 / 2017-2019,unverified,2026-06-07
COL01915,T038,T043,2,school,SCH003,Dubai International Academy,different time,2011-2014 / 2018-2022,unverified,2026-06-07
COL01916,T038,T045,4,city,"Cairo, Egypt","Cairo, Egypt",different time,2021-2026 / 2018-2020,unverified,2026-06-07
COL01917,T038,T046,4,city,"Dubai, United Arab Emirates","Dubai, United Arab Emirates",different time,2011-2014 / 2005-2010,unverified,2026-06-07
COL01918,T038,T050,6,country,United Arab Emirates,United Arab Emirates,different time,2011-2014 / 2015-2019,unverified,2026-06-07
COL01919,T038,T052,5,country,China,China,same time,2019-2020,unverified,2026-06-07
COL01920,T038,T054,4,city,"Dubai, United Arab Emirates","Dubai, United Arab Emirates",different time,2011-2014 / 2018-2022,one-sided,2026-06-07
COL01921,T038,T055,4,city,"Dubai, United Arab Emirates","Dubai, United Arab Emirates",different time,2011-2014 / 2020-2023,unverified,2026-06-07
COL01922,T038,T056,3,city,"Dubai, United Arab Emirates","Dubai, United Arab Emirates",same time,2014-2014,unverified,2026-06-07
COL01923,T038,T057,6,country,China,China,different time,2015-2020 / 2005-2009,one-sided,2026-06-07
COL01924,T038,T058,4,city,"Dubai, United Arab Emirates","Dubai, United Arab Emirates",different time,2011-2014 / 2020-2022,mutual,2026-06-07
COL01925,T038,T059,2,school,SCH012,Cairo American College,different time,2021-2026 / 2011-2014,unverified,2026-06-07
COL01926,T038,T060,6,country,China,China,different time,2015-2020 / 2021-2024,unverified,2026-06-07
COL01927,T038,T061,3,city,"Hong Kong, China","Hong Kong, China",same time,2017-2020,mutual,2026-06-07
COL01928,T038,T063,6,country,United Arab Emirates,United Arab Emirates,different time,2011-2014 / 2021-2026,unverified,2026-06-07
COL01929,T038,T066,4,city,"Dubai, United Arab Emirates","Dubai, United Arab Emirates",different time,2011-2014 / 2019-2022,mutual,2026-06-07
COL01930,T038,T067,5,country,China,China,same time,2017-2020,one-sided,2026-06-07
COL01931,T038,T068,6,country,United Arab Emirates,United Arab Emirates,different time,2011-2014 / 2016-2021,one-sided,2026-06-07
COL01932,T038,T069,6,country,China,China,different time,2015-2020 / 2009-2014,mutual,2026-06-07
COL01933,T038,T071,1,school,SCH003,Dubai International Academy,same time,2011-2012,one-sided,2026-06-07
COL01934,T038,T072,3,city,"Cairo, Egypt","Cairo, Egypt",same time,2021-2021,mutual,2026-06-07
COL01935,T038,T073,2,school,SCH003,Dubai International Academy,different time,2011-2014 / 2005-2009,mutual,2026-06-07
COL01936,T038,T076,4,city,"Cairo, Egypt","Cairo, Egypt",different time,2021-2026 / 2017-2019,unverified,2026-06-07
COL01937,T038,T078,6,country,China,China,different time,2015-2020 / 2021-2025,unverified,2026-06-07
COL01938,T038,T079,3,city,"Dubai, United Arab Emirates","Dubai, United Arab Emirates",same time,2014-2014,unverified,2026-06-07
COL01939,T038,T080,6,country,China,China,different time,2015-2020 / 2021-2023,unverified,2026-06-07
COL01940,T038,T081,4,city,"Dubai, United Arab Emirates","Dubai, United Arab Emirates",different time,2011-2014 / 2016-2020,unverified,2026-06-07
COL01941,T038,T082,6,country,United Arab Emirates,United Arab Emirates,different time,2011-2014 / 2018-2022,unverified,2026-06-07
COL01942,T038,T083,2,school,SCH012,Cairo American College,different time,2021-2026 / 2008-2012,unverified,2026-06-07
COL01943,T038,T084,6,country,United Arab Emirates,United Arab Emirates,different time,2011-2014 / 2008-2010,unverified,2026-06-07
COL01944,T038,T086,1,school,SCH012,Cairo American College,same time,2021-2023,unverified,2026-06-07
COL01945,T038,T087,3,city,"Dubai, United Arab Emirates","Dubai, United Arab Emirates",same time,2011-2014,unverified,2026-06-07
COL01946,T038,T088,2,school,SCH003,Dubai International Academy,different time,2011-2014 / 2020-2022,unverified,2026-06-07
COL01947,T038,T089,6,country,United Arab Emirates,United Arab Emirates,different time,2011-2014 / 2016-2018,mutual,2026-06-07
COL01948,T038,T090,1,school,SCH015,Canadian International School of Hong Kong,same time,2020-2020,unverified,2026-06-07
COL01949,T038,T091,6,country,China,China,different time,2015-2020 / 2021-2023,one-sided,2026-06-07
COL01950,T038,T092,1,school,SCH015,Canadian International School of Hong Kong,same time,2016-2018,unverified,2026-06-07
COL01951,T038,T094,6,country,United Arab Emirates,United Arab Emirates,different time,2011-2014 / 2019-2021,unverified,2026-06-07
COL01952,T038,T095,3,city,"Hong Kong, China","Hong Kong, China",same time,2017-2020,unverified,2026-06-07
COL01953,T038,T096,4,city,"Dubai, United Arab Emirates","Dubai, United Arab Emirates",different time,2011-2014 / 2019-2023,unverified,2026-06-07
COL01954,T038,T097,4,city,"Dubai, United Arab Emirates","Dubai, United Arab Emirates",different time,2011-2014 / 2021-2025,unverified,2026-06-07
COL01955,T038,T098,2,school,SCH012,Cairo American College,different time,2021-2026 / 2015-2020,unverified,2026-06-07
COL01956,T038,T100,1,school,SCH003,Dubai International Academy,same time,2014-2014,unverified,2026-06-07
COL01957,T038,T101,5,country,China,China,same time,2016-2020,mutual,2026-06-07
COL01958,T038,T104,4,city,"Dubai, United Arab Emirates","Dubai, United Arab Emirates",different time,2011-2014 / 2017-2022,unverified,2026-06-07
COL01959,T038,T105,2,school,SCH012,Cairo American College,different time,2021-2026 / 2003-2005,one-sided,2026-06-07
COL01960,T038,T106,1,school,SCH003,Dubai International Academy,same time,2014-2014,one-sided,2026-06-07
COL01961,T038,T108,5,country,China,China,same time,2016-2020,unverified,2026-06-07
COL01962,T038,T109,2,school,SCH012,Cairo American College,different time,2021-2026 / 2013-2015,unverified,2026-06-07
COL01963,T038,T112,5,country,China,China,same time,2018-2020,unverified,2026-06-07
COL01964,T038,T114,2,school,SCH012,Cairo American College,different time,2021-2026 / 2008-2010,unverified,2026-06-07
COL01965,T038,T115,1,school,SCH015,Canadian International School of Hong Kong,same time,2015-2019,unverified,2026-06-07
COL01966,T038,T116,4,city,"Hong Kong, China","Hong Kong, China",different time,2015-2020 / 2010-2012,unverified,2026-06-07
COL01967,T038,T117,1,school,SCH015,Canadian International School of Hong Kong,same time,2015-2017,unverified,2026-06-07
COL01968,T038,T118,2,school,SCH003,Dubai International Academy,different time,2011-2014 / 2017-2022,unverified,2026-06-07
COL01969,T038,T120,5,country,China,China,same time,2019-2020,unverified,2026-06-07
COL01970,T038,T121,4,city,"Cairo, Egypt","Cairo, Egypt",different time,2021-2026 / 2011-2016,one-sided,2026-06-07
COL01971,T038,T122,4,city,"Dubai, United Arab Emirates","Dubai, United Arab Emirates",different time,2011-2014 / 2021-2026,unverified,2026-06-07
COL01972,T038,T123,6,country,China,China,different time,2015-2020 / 2000-2004,unverified,2026-06-07
COL01973,T038,T124,3,city,"Dubai, United Arab Emirates","Dubai, United Arab Emirates",same time,2013-2014,one-sided,2026-06-07
COL01974,T038,T125,5,country,China,China,same time,2020-2020,unverified,2026-06-07
COL01975,T038,T126,5,country,United Arab Emirates,United Arab Emirates,same time,2013-2014,unverified,2026-06-07
COL01976,T038,T127,1,school,SCH012,Cairo American College,same time,2021-2021,unverified,2026-06-07
COL01977,T038,T129,1,school,SCH015,Canadian International School of Hong Kong,same time,2018-2020,mutual,2026-06-07
COL01978,T038,T131,5,country,China,China,same time,2015-2015,unverified,2026-06-07
COL01979,T038,T132,4,city,"Cairo, Egypt","Cairo, Egypt",different time,2021-2026 / 2003-2008,unverified,2026-06-07
COL01980,T038,T134,5,country,China,China,same time,2018-2020,unverified,2026-06-07
COL01981,T038,T135,3,city,"Cairo, Egypt","Cairo, Egypt",same time,2021-2021,unverified,2026-06-07
COL01982,T038,T137,6,country,China,China,different time,2015-2020 / 2006-2009,unverified,2026-06-07
COL01983,T038,T138,3,city,"Hong Kong, China","Hong Kong, China",same time,2017-2020,mutual,2026-06-07
COL01984,T038,T139,6,country,China,China,different time,2015-2020 / 2021-2026,unverified,2026-06-07
COL01985,T038,T140,1,school,SCH012,Cairo American College,same time,2021-2026,one-sided,2026-06-07
COL01986,T038,T142,5,country,China,China,same time,2015-2019,one-sided,2026-06-07
COL01987,T038,T143,6,country,China,China,different time,2015-2020 / 2007-2012,mutual,2026-06-07
COL01988,T038,T144,4,city,"Dubai, United Arab Emirates","Dubai, United Arab Emirates",different time,2011-2014 / 2017-2020,unverified,2026-06-07
COL01989,T038,T149,5,country,China,China,same time,2015-2018,one-sided,2026-06-07
COL01990,T039,T040,1,school,SCH021,Denver International School,same time,2019-2022,unverified,2026-06-07
COL01991,T039,T042,1,school,SCH030,International School of Geneva,same time,2012-2014,one-sided,2026-06-07
COL01992,T039,T046,2,school,SCH030,International School of Geneva,different time,2012-2015 / 2000-2004,mutual,2026-06-07
COL01993,T039,T047,4,city,"Denver, United States","Denver, United States",different time,2019-2023 / 2015-2018,unverified,2026-06-07
COL01994,T039,T051,4,city,"Denver, United States","Denver, United States",different time,2019-2023 / 2006-2009,unverified,2026-06-07
COL01995,T039,T052,2,school,SCH021,Denver International School,different time,2019-2023 / 2012-2015,mutual,2026-06-07
COL01996,T039,T057,4,city,"Denver, United States","Denver, United States",different time,2019-2023 / 2001-2004,unverified,2026-06-07
COL01997,T039,T059,2,school,SCH019,International Community School of Addis Ababa,different time,2015-2019 / 2021-2023,unverified,2026-06-07
COL01998,T039,T064,3,city,"Denver, United States","Denver, United States",same time,2021-2023,unverified,2026-06-07
COL01999,T039,T065,1,school,SCH019,International Community School of Addis Ababa,same time,2015-2017,one-sided,2026-06-07
COL02000,T039,T068,2,school,SCH030,International School of Geneva,different time,2012-2015 / 2022-2025,one-sided,2026-06-07
COL02001,T039,T070,2,school,SCH030,International School of Geneva,different time,2012-2015 / 2019-2021,one-sided,2026-06-07
COL02002,T039,T071,2,school,SCH030,International School of Geneva,different time,2012-2015 / 2018-2020,unverified,2026-06-07
COL02003,T039,T072,6,country,United States,United States,different time,2019-2023 / 2014-2016,mutual,2026-06-07
COL02004,T039,T073,1,school,SCH019,International Community School of Addis Ababa,same time,2015-2017,unverified,2026-06-07
COL02005,T039,T078,1,school,SCH021,Denver International School,same time,2019-2020,mutual,2026-06-07
COL02006,T039,T082,6,country,United States,United States,different time,2019-2023 / 2013-2017,unverified,2026-06-07
COL02007,T039,T083,3,city,"Addis Ababa, Ethiopia","Addis Ababa, Ethiopia",same time,2016-2019,unverified,2026-06-07
COL02008,T039,T091,6,country,United States,United States,different time,2019-2023 / 2014-2018,unverified,2026-06-07
COL02009,T039,T092,2,school,SCH021,Denver International School,different time,2019-2023 / 2013-2015,unverified,2026-06-07
COL02010,T039,T093,1,school,SCH030,International School of Geneva,same time,2012-2014,mutual,2026-06-07
COL02011,T039,T095,6,country,United States,United States,different time,2019-2023 / 2015-2017,unverified,2026-06-07
COL02012,T039,T098,2,school,SCH030,International School of Geneva,different time,2012-2015 / 2007-2010,mutual,2026-06-07
COL02013,T039,T100,2,school,SCH019,International Community School of Addis Ababa,different time,2015-2019 / 2012-2014,unverified,2026-06-07
COL02014,T039,T105,6,country,United States,United States,different time,2019-2023 / 2000-2003,unverified,2026-06-07
COL02015,T039,T107,2,school,SCH021,Denver International School,different time,2019-2023 / 2010-2015,unverified,2026-06-07
COL02016,T039,T109,3,city,"Addis Ababa, Ethiopia","Addis Ababa, Ethiopia",same time,2015-2018,mutual,2026-06-07
COL02017,T039,T111,2,school,SCH021,Denver International School,different time,2019-2023 / 2013-2018,unverified,2026-06-07
COL02018,T039,T113,2,school,SCH019,International Community School of Addis Ababa,different time,2015-2019 / 2021-2025,unverified,2026-06-07
COL02019,T039,T116,1,school,SCH030,International School of Geneva,same time,2012-2015,unverified,2026-06-07
COL02020,T039,T121,5,country,United States,United States,same time,2019-2021,unverified,2026-06-07
COL02021,T039,T122,2,school,SCH021,Denver International School,different time,2019-2023 / 2012-2017,unverified,2026-06-07
COL02022,T039,T123,2,school,SCH019,International Community School of Addis Ababa,different time,2015-2019 / 2008-2013,unverified,2026-06-07
COL02023,T039,T126,3,city,"Denver, United States","Denver, United States",same time,2019-2021,unverified,2026-06-07
COL02024,T039,T127,3,city,"Addis Ababa, Ethiopia","Addis Ababa, Ethiopia",same time,2015-2018,mutual,2026-06-07
COL02025,T039,T128,2,school,SCH021,Denver International School,different time,2019-2023 / 2014-2018,unverified,2026-06-07
COL02026,T039,T131,5,country,United States,United States,same time,2020-2023,unverified,2026-06-07
COL02027,T039,T132,2,school,SCH021,Denver International School,different time,2019-2023 / 2011-2016,unverified,2026-06-07
COL02028,T039,T134,3,city,"Denver, United States","Denver, United States",same time,2021-2023,unverified,2026-06-07
COL02029,T039,T148,3,city,"Addis Ababa, Ethiopia","Addis Ababa, Ethiopia",same time,2017-2019,mutual,2026-06-07
COL02030,T039,T149,2,school,SCH030,International School of Geneva,different time,2012-2015 / 2018-2022,unverified,2026-06-07
COL02031,T039,T150,1,school,SCH019,International Community School of Addis Ababa,same time,2015-2018,unverified,2026-06-07
COL02032,T040,T042,6,country,United States,United States,different time,2019-2022 / 2004-2009,unverified,2026-06-07
COL02033,T040,T047,4,city,"Denver, United States","Denver, United States",different time,2019-2022 / 2015-2018,unverified,2026-06-07
COL02034,T040,T051,4,city,"Denver, United States","Denver, United States",different time,2019-2022 / 2006-2009,mutual,2026-06-07
COL02035,T040,T052,2,school,SCH021,Denver International School,different time,2019-2022 / 2012-2015,unverified,2026-06-07
COL02036,T040,T057,4,city,"Denver, United States","Denver, United States",different time,2019-2022 / 2001-2004,unverified,2026-06-07
COL02037,T040,T059,6,country,United States,United States,different time,2019-2022 / 2009-2011,unverified,2026-06-07
COL02038,T040,T064,3,city,"Denver, United States","Denver, United States",same time,2021-2022,unverified,2026-06-07
COL02039,T040,T065,3,city,"Denver, United States","Denver, United States",same time,2019-2020,unverified,2026-06-07
COL02040,T040,T072,6,country,United States,United States,different time,2019-2022 / 2014-2016,unverified,2026-06-07
COL02041,T040,T078,1,school,SCH021,Denver International School,same time,2019-2020,unverified,2026-06-07
COL02042,T040,T082,6,country,United States,United States,different time,2019-2022 / 2013-2017,one-sided,2026-06-07
COL02043,T040,T091,6,country,United States,United States,different time,2019-2022 / 2014-2018,unverified,2026-06-07
COL02044,T040,T092,2,school,SCH021,Denver International School,different time,2019-2022 / 2013-2015,mutual,2026-06-07
COL02045,T040,T095,6,country,United States,United States,different time,2019-2022 / 2015-2017,unverified,2026-06-07
COL02046,T040,T105,6,country,United States,United States,different time,2019-2022 / 2000-2003,mutual,2026-06-07
COL02047,T040,T107,2,school,SCH021,Denver International School,different time,2019-2022 / 2010-2015,unverified,2026-06-07
COL02048,T040,T111,2,school,SCH021,Denver International School,different time,2019-2022 / 2013-2018,unverified,2026-06-07
COL02049,T040,T121,5,country,United States,United States,same time,2019-2021,unverified,2026-06-07
COL02050,T040,T122,2,school,SCH021,Denver International School,different time,2019-2022 / 2012-2017,mutual,2026-06-07
COL02051,T040,T126,3,city,"Denver, United States","Denver, United States",same time,2019-2021,mutual,2026-06-07
COL02052,T040,T128,2,school,SCH021,Denver International School,different time,2019-2022 / 2014-2018,unverified,2026-06-07
COL02053,T040,T131,5,country,United States,United States,same time,2020-2022,unverified,2026-06-07
COL02054,T040,T132,2,school,SCH021,Denver International School,different time,2019-2022 / 2011-2016,unverified,2026-06-07
COL02055,T040,T134,3,city,"Denver, United States","Denver, United States",same time,2021-2022,unverified,2026-06-07
COL02056,T041,T052,5,country,China,China,same time,2019-2020,unverified,2026-06-07
COL02057,T041,T054,5,country,China,China,same time,2015-2017,unverified,2026-06-07
COL02058,T041,T056,5,country,China,China,same time,2021-2023,unverified,2026-06-07
COL02059,T041,T057,6,country,China,China,different time,2015-2020 / 2005-2009,one-sided,2026-06-07
COL02060,T041,T060,5,country,China,China,same time,2021-2023,unverified,2026-06-07
COL02061,T041,T061,1,school,SCH014,Hong Kong International School,same time,2017-2020,unverified,2026-06-07
COL02062,T041,T066,5,country,China,China,same time,2022-2023,unverified,2026-06-07
COL02063,T041,T067,5,country,China,China,same time,2017-2020,unverified,2026-06-07
COL02064,T041,T069,5,country,China,China,same time,2021-2023,unverified,2026-06-07
COL02065,T041,T073,6,country,China,China,different time,2015-2020 / 2009-2013,unverified,2026-06-07
COL02066,T041,T076,5,country,China,China,same time,2015-2016,one-sided,2026-06-07
COL02067,T041,T078,5,country,China,China,same time,2021-2023,unverified,2026-06-07
COL02068,T041,T080,5,country,China,China,same time,2021-2023,unverified,2026-06-07
COL02069,T041,T086,5,country,China,China,same time,2017-2020,unverified,2026-06-07
COL02070,T041,T090,1,school,SCH015,Canadian International School of Hong Kong,same time,2021-2023,unverified,2026-06-07
COL02071,T041,T091,5,country,China,China,same time,2021-2023,unverified,2026-06-07
COL02072,T041,T092,2,school,SCH015,Canadian International School of Hong Kong,different time,2021-2023 / 2016-2018,unverified,2026-06-07
COL02073,T041,T095,1,school,SCH014,Hong Kong International School,same time,2017-2020,one-sided,2026-06-07
COL02074,T041,T101,5,country,China,China,same time,2016-2020,unverified,2026-06-07
COL02075,T041,T105,6,country,China,China,different time,2015-2020 / 2009-2014,unverified,2026-06-07
COL02076,T041,T106,6,country,China,China,different time,2015-2020 / 2006-2010,unverified,2026-06-07
COL02077,T041,T108,5,country,China,China,same time,2016-2020,unverified,2026-06-07
COL02078,T041,T109,5,country,China,China,same time,2018-2020,unverified,2026-06-07
COL02079,T041,T112,5,country,China,China,same time,2018-2020,mutual,2026-06-07
COL02080,T041,T114,5,country,China,China,same time,2015-2018,mutual,2026-06-07
COL02081,T041,T115,2,school,SCH015,Canadian International School of Hong Kong,different time,2021-2023 / 2015-2019,unverified,2026-06-07
COL02082,T041,T116,2,school,SCH014,Hong Kong International School,different time,2015-2020 / 2010-2012,unverified,2026-06-07
COL02083,T041,T117,2,school,SCH015,Canadian International School of Hong Kong,different time,2021-2023 / 2013-2017,unverified,2026-06-07
COL02084,T041,T120,5,country,China,China,same time,2019-2020,mutual,2026-06-07
COL02085,T041,T123,6,country,China,China,different time,2015-2020 / 2000-2004,one-sided,2026-06-07
COL02086,T041,T125,5,country,China,China,same time,2020-2020,unverified,2026-06-07
COL02087,T041,T129,2,school,SCH015,Canadian International School of Hong Kong,different time,2021-2023 / 2018-2020,one-sided,2026-06-07
COL02088,T041,T131,5,country,China,China,same time,2015-2015,unverified,2026-06-07
COL02089,T041,T134,5,country,China,China,same time,2018-2020,unverified,2026-06-07
COL02090,T041,T137,6,country,China,China,different time,2015-2020 / 2006-2009,unverified,2026-06-07
COL02091,T041,T138,1,school,SCH014,Hong Kong International School,same time,2017-2020,unverified,2026-06-07
COL02092,T041,T139,5,country,China,China,same time,2021-2023,one-sided,2026-06-07
COL02093,T041,T142,5,country,China,China,same time,2015-2019,one-sided,2026-06-07
COL02094,T041,T143,6,country,China,China,different time,2015-2020 / 2007-2012,mutual,2026-06-07
COL02095,T041,T144,5,country,China,China,same time,2021-2023,unverified,2026-06-07
COL02096,T041,T149,5,country,China,China,same time,2015-2018,unverified,2026-06-07
COL02097,T042,T043,4,city,"Dubai, United Arab Emirates","Dubai, United Arab Emirates",different time,2015-2017 / 2018-2022,unverified,2026-06-07
COL02098,T042,T045,3,city,"Cairo, Egypt","Cairo, Egypt",same time,2018-2019,unverified,2026-06-07
COL02099,T042,T046,2,school,SCH030,International School of Geneva,different time,2010-2014 / 2000-2004,unverified,2026-06-07
COL02100,T042,T047,6,country,United States,United States,different time,2004-2009 / 2015-2018,unverified,2026-06-07
COL02101,T042,T050,3,city,"Abu Dhabi, United Arab Emirates","Abu Dhabi, United Arab Emirates",same time,2019-2019,one-sided,2026-06-07
COL02102,T042,T051,5,country,United States,United States,same time,2006-2009,unverified,2026-06-07
COL02103,T042,T052,2,school,SCH023,Washington International School,different time,2004-2009 / 2010-2012,mutual,2026-06-07
COL02104,T042,T054,4,city,"Dubai, United Arab Emirates","Dubai, United Arab Emirates",different time,2015-2017 / 2018-2022,unverified,2026-06-07
COL02105,T042,T055,2,school,SCH001,American School of Dubai,different time,2015-2017 / 2020-2023,mutual,2026-06-07
COL02106,T042,T056,1,school,SCH001,American School of Dubai,same time,2015-2017,one-sided,2026-06-07
COL02107,T042,T057,5,country,United States,United States,same time,2004-2004,mutual,2026-06-07
COL02108,T042,T058,4,city,"Dubai, United Arab Emirates","Dubai, United Arab Emirates",different time,2015-2017 / 2020-2022,one-sided,2026-06-07
COL02109,T042,T059,1,school,SCH023,Washington International School,same time,2009-2009,one-sided,2026-06-07
COL02110,T042,T063,1,school,SCH005,The British School Al Khubairat,same time,2021-2024,unverified,2026-06-07
COL02111,T042,T064,6,country,United States,United States,different time,2004-2009 / 2021-2026,unverified,2026-06-07
COL02112,T042,T065,6,country,United States,United States,different time,2004-2009 / 2018-2020,unverified,2026-06-07
COL02113,T042,T066,4,city,"Dubai, United Arab Emirates","Dubai, United Arab Emirates",different time,2015-2017 / 2019-2022,unverified,2026-06-07
COL02114,T042,T067,3,city,"Abu Dhabi, United Arab Emirates","Abu Dhabi, United Arab Emirates",same time,2022-2024,unverified,2026-06-07
COL02115,T042,T068,1,school,SCH005,The British School Al Khubairat,same time,2019-2021,unverified,2026-06-07
COL02116,T042,T070,2,school,SCH030,International School of Geneva,different time,2010-2014 / 2019-2021,unverified,2026-06-07
COL02117,T042,T071,1,school,SCH012,Cairo American College,same time,2017-2018,unverified,2026-06-07
COL02118,T042,T072,2,school,SCH023,Washington International School,different time,2004-2009 / 2014-2016,unverified,2026-06-07
COL02119,T042,T073,4,city,"Dubai, United Arab Emirates","Dubai, United Arab Emirates",different time,2015-2017 / 2005-2009,unverified,2026-06-07
COL02120,T042,T076,3,city,"Cairo, Egypt","Cairo, Egypt",same time,2017-2019,unverified,2026-06-07
COL02121,T042,T078,6,country,United States,United States,different time,2004-2009 / 2017-2020,unverified,2026-06-07
COL02122,T042,T079,1,school,SCH001,American School of Dubai,same time,2015-2017,unverified,2026-06-07
COL02123,T042,T081,3,city,"Dubai, United Arab Emirates","Dubai, United Arab Emirates",same time,2016-2017,unverified,2026-06-07
COL02124,T042,T082,1,school,SCH005,The British School Al Khubairat,same time,2019-2022,unverified,2026-06-07
COL02125,T042,T083,2,school,SCH012,Cairo American College,different time,2017-2019 / 2008-2012,unverified,2026-06-07
COL02126,T042,T084,2,school,SCH005,The British School Al Khubairat,different time,2019-2024 / 2008-2010,unverified,2026-06-07
COL02127,T042,T086,2,school,SCH012,Cairo American College,different time,2017-2019 / 2020-2023,unverified,2026-06-07
COL02128,T042,T087,3,city,"Dubai, United Arab Emirates","Dubai, United Arab Emirates",same time,2015-2016,unverified,2026-06-07
COL02129,T042,T088,4,city,"Dubai, United Arab Emirates","Dubai, United Arab Emirates",different time,2015-2017 / 2020-2022,unverified,2026-06-07
COL02130,T042,T089,2,school,SCH005,The British School Al Khubairat,different time,2019-2024 / 2016-2018,unverified,2026-06-07
COL02131,T042,T091,2,school,SCH023,Washington International School,different time,2004-2009 / 2014-2018,one-sided,2026-06-07
COL02132,T042,T092,6,country,United States,United States,different time,2004-2009 / 2013-2015,unverified,2026-06-07
COL02133,T042,T093,1,school,SCH030,International School of Geneva,same time,2010-2014,mutual,2026-06-07
COL02134,T042,T094,1,school,SCH005,The British School Al Khubairat,same time,2019-2021,unverified,2026-06-07
COL02135,T042,T095,2,school,SCH023,Washington International School,different time,2004-2009 / 2015-2017,one-sided,2026-06-07
COL02136,T042,T096,4,city,"Dubai, United Arab Emirates","Dubai, United Arab Emirates",different time,2015-2017 / 2019-2023,one-sided,2026-06-07
COL02137,T042,T097,4,city,"Dubai, United Arab Emirates","Dubai, United Arab Emirates",different time,2015-2017 / 2021-2025,unverified,2026-06-07
COL02138,T042,T098,1,school,SCH030,International School of Geneva,same time,2010-2010,one-sided,2026-06-07
COL02139,T042,T100,2,school,SCH012,Cairo American College,different time,2017-2019 / 2006-2011,one-sided,2026-06-07
COL02140,T042,T104,3,city,"Dubai, United Arab Emirates","Dubai, United Arab Emirates",same time,2017-2017,one-sided,2026-06-07
COL02141,T042,T105,2,school,SCH023,Washington International School,different time,2004-2009 / 2000-2003,mutual,2026-06-07
COL02142,T042,T106,3,city,"Dubai, United Arab Emirates","Dubai, United Arab Emirates",same time,2015-2017,unverified,2026-06-07
COL02143,T042,T107,6,country,United States,United States,different time,2004-2009 / 2010-2015,unverified,2026-06-07
COL02144,T042,T109,2,school,SCH012,Cairo American College,different time,2017-2019 / 2013-2015,unverified,2026-06-07
COL02145,T042,T111,6,country,United States,United States,different time,2004-2009 / 2013-2018,unverified,2026-06-07
COL02146,T042,T114,2,school,SCH012,Cairo American College,different time,2017-2019 / 2008-2010,one-sided,2026-06-07
COL02147,T042,T115,2,school,SCH012,Cairo American College,different time,2017-2019 / 2020-2026,mutual,2026-06-07
COL02148,T042,T116,1,school,SCH030,International School of Geneva,same time,2012-2014,one-sided,2026-06-07
COL02149,T042,T117,3,city,"Dubai, United Arab Emirates","Dubai, United Arab Emirates",same time,2017-2017,mutual,2026-06-07
COL02150,T042,T118,1,school,SCH001,American School of Dubai,same time,2015-2016,unverified,2026-06-07
COL02151,T042,T121,2,school,SCH023,Washington International School,different time,2004-2009 / 2016-2021,unverified,2026-06-07
COL02152,T042,T122,2,school,SCH001,American School of Dubai,different time,2015-2017 / 2021-2026,unverified,2026-06-07
COL02153,T042,T124,3,city,"Dubai, United Arab Emirates","Dubai, United Arab Emirates",same time,2015-2016,mutual,2026-06-07
COL02154,T042,T126,2,school,SCH005,The British School Al Khubairat,different time,2019-2024 / 2013-2016,one-sided,2026-06-07
COL02155,T042,T127,1,school,SCH012,Cairo American College,same time,2019-2019,mutual,2026-06-07
COL02156,T042,T128,6,country,United States,United States,different time,2004-2009 / 2014-2018,unverified,2026-06-07
COL02157,T042,T131,2,school,SCH023,Washington International School,different time,2004-2009 / 2020-2023,unverified,2026-06-07
COL02158,T042,T132,4,city,"Cairo, Egypt","Cairo, Egypt",different time,2017-2019 / 2003-2008,one-sided,2026-06-07
COL02159,T042,T134,6,country,United States,United States,different time,2004-2009 / 2021-2026,one-sided,2026-06-07
COL02160,T042,T135,2,school,SCH005,The British School Al Khubairat,different time,2019-2024 / 2011-2016,one-sided,2026-06-07
COL02161,T042,T140,2,school,SCH012,Cairo American College,different time,2017-2019 / 2021-2026,one-sided,2026-06-07
COL02162,T042,T144,2,school,SCH001,American School of Dubai,different time,2015-2017 / 2024-2026,unverified,2026-06-07
COL02163,T042,T149,2,school,SCH030,International School of Geneva,different time,2010-2014 / 2018-2022,unverified,2026-06-07
COL02164,T042,T150,2,school,SCH030,International School of Geneva,different time,2010-2014 / 2019-2022,unverified,2026-06-07
COL02165,T043,T046,4,city,"Dubai, United Arab Emirates","Dubai, United Arab Emirates",different time,2018-2022 / 2005-2010,one-sided,2026-06-07
COL02166,T043,T047,1,school,SCH033,American School of Doha,same time,2013-2015,unverified,2026-06-07
COL02167,T043,T049,2,school,SCH007,NIST International School,different time,2023-2026 / 2012-2015,mutual,2026-06-07
COL02168,T043,T050,5,country,United Arab Emirates,United Arab Emirates,same time,2018-2019,one-sided,2026-06-07
COL02169,T043,T051,2,school,SCH007,NIST International School,different time,2023-2026 / 2011-2015,unverified,2026-06-07
COL02170,T043,T054,3,city,"Dubai, United Arab Emirates","Dubai, United Arab Emirates",same time,2018-2022,unverified,2026-06-07
COL02171,T043,T055,3,city,"Dubai, United Arab Emirates","Dubai, United Arab Emirates",same time,2020-2022,mutual,2026-06-07
COL02172,T043,T056,3,city,"Dubai, United Arab Emirates","Dubai, United Arab Emirates",same time,2018-2018,unverified,2026-06-07
COL02173,T043,T058,3,city,"Dubai, United Arab Emirates","Dubai, United Arab Emirates",same time,2020-2022,mutual,2026-06-07
COL02174,T043,T059,3,city,"Dubai, United Arab Emirates","Dubai, United Arab Emirates",same time,2018-2020,unverified,2026-06-07
COL02175,T043,T060,1,school,SCH033,American School of Doha,same time,2016-2017,one-sided,2026-06-07
COL02176,T043,T061,4,city,"Bangkok, Thailand","Bangkok, Thailand",different time,2023-2026 / 2014-2017,unverified,2026-06-07
COL02177,T043,T062,4,city,"Bangkok, Thailand","Bangkok, Thailand",different time,2023-2026 / 2016-2021,unverified,2026-06-07
COL02178,T043,T063,5,country,United Arab Emirates,United Arab Emirates,same time,2021-2022,unverified,2026-06-07
COL02179,T043,T066,3,city,"Dubai, United Arab Emirates","Dubai, United Arab Emirates",same time,2019-2022,one-sided,2026-06-07
COL02180,T043,T067,5,country,United Arab Emirates,United Arab Emirates,same time,2022-2022,unverified,2026-06-07
COL02181,T043,T068,5,country,United Arab Emirates,United Arab Emirates,same time,2018-2021,unverified,2026-06-07
COL02182,T043,T071,2,school,SCH003,Dubai International Academy,different time,2018-2022 / 2010-2012,mutual,2026-06-07
COL02183,T043,T072,4,city,"Bangkok, Thailand","Bangkok, Thailand",different time,2023-2026 / 2010-2014,unverified,2026-06-07
COL02184,T043,T073,2,school,SCH003,Dubai International Academy,different time,2018-2022 / 2005-2009,unverified,2026-06-07
COL02185,T043,T074,2,school,SCH007,NIST International School,different time,2023-2026 / 2018-2022,unverified,2026-06-07
COL02186,T043,T079,3,city,"Dubai, United Arab Emirates","Dubai, United Arab Emirates",same time,2018-2019,unverified,2026-06-07
COL02187,T043,T081,2,school,SCH007,NIST International School,different time,2023-2026 / 2011-2015,mutual,2026-06-07
COL02188,T043,T082,5,country,United Arab Emirates,United Arab Emirates,same time,2018-2022,unverified,2026-06-07
COL02189,T043,T084,3,city,"Bangkok, Thailand","Bangkok, Thailand",same time,2023-2023,unverified,2026-06-07
COL02190,T043,T087,4,city,"Dubai, United Arab Emirates","Dubai, United Arab Emirates",different time,2018-2022 / 2011-2016,unverified,2026-06-07
COL02191,T043,T088,1,school,SCH003,Dubai International Academy,same time,2020-2022,unverified,2026-06-07
COL02192,T043,T089,5,country,United Arab Emirates,United Arab Emirates,same time,2018-2018,unverified,2026-06-07
COL02193,T043,T092,3,city,"Bangkok, Thailand","Bangkok, Thailand",same time,2023-2023,mutual,2026-06-07
COL02194,T043,T094,3,city,"Bangkok, Thailand","Bangkok, Thailand",same time,2023-2026,unverified,2026-06-07
COL02195,T043,T096,3,city,"Dubai, United Arab Emirates","Dubai, United Arab Emirates",same time,2019-2022,unverified,2026-06-07
COL02196,T043,T097,3,city,"Dubai, United Arab Emirates","Dubai, United Arab Emirates",same time,2021-2022,mutual,2026-06-07
COL02197,T043,T098,1,school,SCH033,American School of Doha,same time,2013-2014,mutual,2026-06-07
COL02198,T043,T100,1,school,SCH003,Dubai International Academy,same time,2018-2019,unverified,2026-06-07
COL02199,T043,T104,3,city,"Dubai, United Arab Emirates","Dubai, United Arab Emirates",same time,2018-2022,unverified,2026-06-07
COL02200,T043,T106,1,school,SCH003,Dubai International Academy,same time,2018-2018,unverified,2026-06-07
COL02201,T043,T107,4,city,"Bangkok, Thailand","Bangkok, Thailand",different time,2023-2026 / 2016-2020,mutual,2026-06-07
COL02202,T043,T108,4,city,"Bangkok, Thailand","Bangkok, Thailand",different time,2023-2026 / 2012-2014,mutual,2026-06-07
COL02203,T043,T110,2,school,SCH007,NIST International School,different time,2023-2026 / 2017-2019,one-sided,2026-06-07
COL02204,T043,T114,4,city,"Dubai, United Arab Emirates","Dubai, United Arab Emirates",different time,2018-2022 / 2004-2008,unverified,2026-06-07
COL02205,T043,T116,2,school,SCH007,NIST International School,different time,2023-2026 / 2017-2020,one-sided,2026-06-07
COL02206,T043,T117,3,city,"Dubai, United Arab Emirates","Dubai, United Arab Emirates",same time,2018-2022,unverified,2026-06-07
COL02207,T043,T118,1,school,SCH003,Dubai International Academy,same time,2018-2022,unverified,2026-06-07
COL02208,T043,T119,3,city,"Bangkok, Thailand","Bangkok, Thailand",same time,2023-2026,unverified,2026-06-07
COL02209,T043,T121,2,school,SCH033,American School of Doha,different time,2013-2017 / 2005-2010,unverified,2026-06-07
COL02210,T043,T122,3,city,"Dubai, United Arab Emirates","Dubai, United Arab Emirates",same time,2021-2022,unverified,2026-06-07
COL02211,T043,T123,4,city,"Bangkok, Thailand","Bangkok, Thailand",different time,2023-2026 / 2004-2008,unverified,2026-06-07
COL02212,T043,T124,4,city,"Dubai, United Arab Emirates","Dubai, United Arab Emirates",different time,2018-2022 / 2013-2016,unverified,2026-06-07
COL02213,T043,T126,6,country,United Arab Emirates,United Arab Emirates,different time,2018-2022 / 2013-2016,unverified,2026-06-07
COL02214,T043,T129,3,city,"Bangkok, Thailand","Bangkok, Thailand",same time,2023-2026,mutual,2026-06-07
COL02215,T043,T131,2,school,SCH007,NIST International School,different time,2023-2026 / 2016-2020,unverified,2026-06-07
COL02216,T043,T135,2,school,SCH007,NIST International School,different time,2023-2026 / 2007-2010,unverified,2026-06-07
COL02217,T043,T137,4,city,"Bangkok, Thailand","Bangkok, Thailand",different time,2023-2026 / 2009-2012,one-sided,2026-06-07
COL02218,T043,T138,4,city,"Bangkok, Thailand","Bangkok, Thailand",different time,2023-2026 / 2012-2017,unverified,2026-06-07
COL02219,T043,T140,3,city,"Dubai, United Arab Emirates","Dubai, United Arab Emirates",same time,2018-2020,unverified,2026-06-07
COL02220,T043,T142,2,school,SCH007,NIST International School,different time,2023-2026 / 2009-2014,mutual,2026-06-07
COL02221,T043,T143,4,city,"Bangkok, Thailand","Bangkok, Thailand",different time,2023-2026 / 2013-2018,unverified,2026-06-07
COL02222,T043,T144,3,city,"Dubai, United Arab Emirates","Dubai, United Arab Emirates",same time,2018-2020,unverified,2026-06-07
COL02223,T044,T053,1,school,SCH031,International School of Kuala Lumpur,same time,2024-2024,unverified,2026-06-07
COL02224,T044,T057,1,school,SCH031,International School of Kuala Lumpur,same time,2020-2022,mutual,2026-06-07
COL02225,T044,T063,1,school,SCH031,International School of Kuala Lumpur,same time,2020-2020,mutual,2026-06-07
COL02226,T044,T065,2,school,SCH031,International School of Kuala Lumpur,different time,2020-2024 / 2010-2012,one-sided,2026-06-07
COL02227,T044,T070,2,school,SCH031,International School of Kuala Lumpur,different time,2020-2024 / 2016-2019,mutual,2026-06-07
COL02228,T044,T075,1,school,SCH031,International School of Kuala Lumpur,same time,2020-2022,unverified,2026-06-07
COL02229,T044,T099,1,school,SCH031,International School of Kuala Lumpur,same time,2020-2022,unverified,2026-06-07
COL02230,T044,T105,2,school,SCH031,International School of Kuala Lumpur,different time,2020-2024 / 2005-2008,mutual,2026-06-07
COL02231,T044,T115,2,school,SCH031,International School of Kuala Lumpur,different time,2020-2024 / 2010-2014,mutual,2026-06-07
COL02232,T044,T121,1,school,SCH031,International School of Kuala Lumpur,same time,2021-2024,unverified,2026-06-07
COL02233,T044,T143,1,school,SCH031,International School of Kuala Lumpur,same time,2020-2022,unverified,2026-06-07
COL02234,T045,T046,2,school,SCH013,American International School in Egypt,different time,2018-2020 / 2011-2015,unverified,2026-06-07
COL02235,T045,T059,4,city,"Cairo, Egypt","Cairo, Egypt",different time,2018-2020 / 2011-2014,one-sided,2026-06-07
COL02236,T045,T071,3,city,"Cairo, Egypt","Cairo, Egypt",same time,2018-2018,unverified,2026-06-07
COL02237,T045,T072,1,school,SCH013,American International School in Egypt,same time,2018-2020,unverified,2026-06-07
COL02238,T045,T074,2,school,SCH036,American International School of Lagos,different time,2021-2026 / 2015-2018,unverified,2026-06-07
COL02239,T045,T076,1,school,SCH013,American International School in Egypt,same time,2018-2019,unverified,2026-06-07
COL02240,T045,T077,1,school,SCH036,American International School of Lagos,same time,2021-2024,mutual,2026-06-07
COL02241,T045,T080,1,school,SCH036,American International School of Lagos,same time,2021-2021,unverified,2026-06-07
COL02242,T045,T083,4,city,"Cairo, Egypt","Cairo, Egypt",different time,2018-2020 / 2008-2012,unverified,2026-06-07
COL02243,T045,T084,2,school,SCH036,American International School of Lagos,different time,2021-2026 / 2011-2015,mutual,2026-06-07
COL02244,T045,T085,1,school,SCH036,American International School of Lagos,same time,2022-2026,mutual,2026-06-07
COL02245,T045,T086,3,city,"Cairo, Egypt","Cairo, Egypt",same time,2020-2020,unverified,2026-06-07
COL02246,T045,T098,3,city,"Cairo, Egypt","Cairo, Egypt",same time,2018-2020,one-sided,2026-06-07
COL02247,T045,T100,4,city,"Cairo, Egypt","Cairo, Egypt",different time,2018-2020 / 2006-2011,unverified,2026-06-07
COL02248,T045,T102,2,school,SCH036,American International School of Lagos,different time,2021-2026 / 2013-2018,unverified,2026-06-07
COL02249,T045,T105,4,city,"Cairo, Egypt","Cairo, Egypt",different time,2018-2020 / 2003-2005,mutual,2026-06-07
COL02250,T045,T109,4,city,"Cairo, Egypt","Cairo, Egypt",different time,2018-2020 / 2013-2015,mutual,2026-06-07
COL02251,T045,T114,2,school,SCH013,American International School in Egypt,different time,2018-2020 / 2010-2013,unverified,2026-06-07
COL02252,T045,T115,3,city,"Cairo, Egypt","Cairo, Egypt",same time,2020-2020,one-sided,2026-06-07
COL02253,T045,T121,2,school,SCH013,American International School in Egypt,different time,2018-2020 / 2011-2016,unverified,2026-06-07
COL02254,T045,T123,2,school,SCH036,American International School of Lagos,different time,2021-2026 / 2016-2019,unverified,2026-06-07
COL02255,T045,T124,1,school,SCH036,American International School of Lagos,same time,2021-2022,unverified,2026-06-07
COL02256,T045,T127,3,city,"Cairo, Egypt","Cairo, Egypt",same time,2019-2020,one-sided,2026-06-07
COL02257,T045,T130,1,school,SCH036,American International School of Lagos,same time,2021-2025,unverified,2026-06-07
COL02258,T045,T132,2,school,SCH013,American International School in Egypt,different time,2018-2020 / 2003-2008,unverified,2026-06-07
COL02259,T045,T135,1,school,SCH013,American International School in Egypt,same time,2018-2020,unverified,2026-06-07
COL02260,T045,T140,4,city,"Cairo, Egypt","Cairo, Egypt",different time,2018-2020 / 2021-2026,unverified,2026-06-07
COL02261,T045,T141,1,school,SCH036,American International School of Lagos,same time,2021-2021,unverified,2026-06-07
COL02262,T045,T145,2,school,SCH036,American International School of Lagos,different time,2021-2026 / 2018-2020,unverified,2026-06-07
COL02263,T045,T148,2,school,SCH036,American International School of Lagos,different time,2021-2026 / 2013-2017,unverified,2026-06-07
COL02264,T046,T049,1,school,SCH034,The American International School of Muscat,same time,2016-2018,unverified,2026-06-07
COL02265,T046,T050,1,school,SCH006,American Community School of Abu Dhabi,same time,2018-2019,unverified,2026-06-07
COL02266,T046,T051,1,school,SCH034,The American International School of Muscat,same time,2015-2018,unverified,2026-06-07
COL02267,T046,T052,2,school,SCH034,The American International School of Muscat,different time,2015-2018 / 2004-2009,unverified,2026-06-07
COL02268,T046,T054,4,city,"Dubai, United Arab Emirates","Dubai, United Arab Emirates",different time,2005-2010 / 2018-2022,unverified,2026-06-07
COL02269,T046,T055,4,city,"Dubai, United Arab Emirates","Dubai, United Arab Emirates",different time,2005-2010 / 2020-2023,one-sided,2026-06-07
COL02270,T046,T056,4,city,"Dubai, United Arab Emirates","Dubai, United Arab Emirates",different time,2005-2010 / 2014-2018,unverified,2026-06-07
COL02271,T046,T058,2,school,SCH002,GEMS World Academy Dubai,different time,2005-2010 / 2020-2022,unverified,2026-06-07
COL02272,T046,T059,3,city,"Cairo, Egypt","Cairo, Egypt",same time,2011-2014,unverified,2026-06-07
COL02273,T046,T063,3,city,"Abu Dhabi, United Arab Emirates","Abu Dhabi, United Arab Emirates",same time,2021-2021,unverified,2026-06-07
COL02274,T046,T066,2,school,SCH002,GEMS World Academy Dubai,different time,2005-2010 / 2019-2022,unverified,2026-06-07
COL02275,T046,T067,2,school,SCH006,American Community School of Abu Dhabi,different time,2018-2021 / 2022-2026,unverified,2026-06-07
COL02276,T046,T068,2,school,SCH030,International School of Geneva,different time,2000-2004 / 2022-2025,unverified,2026-06-07
COL02277,T046,T070,2,school,SCH030,International School of Geneva,different time,2000-2004 / 2019-2021,one-sided,2026-06-07
COL02278,T046,T071,2,school,SCH030,International School of Geneva,different time,2000-2004 / 2018-2020,one-sided,2026-06-07
COL02279,T046,T072,2,school,SCH013,American International School in Egypt,different time,2011-2015 / 2017-2021,unverified,2026-06-07
COL02280,T046,T073,3,city,"Dubai, United Arab Emirates","Dubai, United Arab Emirates",same time,2005-2009,unverified,2026-06-07
COL02281,T046,T076,2,school,SCH013,American International School in Egypt,different time,2011-2015 / 2017-2019,unverified,2026-06-07
COL02282,T046,T079,3,city,"Abu Dhabi, United Arab Emirates","Abu Dhabi, United Arab Emirates",same time,2019-2021,mutual,2026-06-07
COL02283,T046,T081,2,school,SCH002,GEMS World Academy Dubai,different time,2005-2010 / 2016-2020,unverified,2026-06-07
COL02284,T046,T082,3,city,"Abu Dhabi, United Arab Emirates","Abu Dhabi, United Arab Emirates",same time,2018-2021,mutual,2026-06-07
COL02285,T046,T083,3,city,"Cairo, Egypt","Cairo, Egypt",same time,2011-2012,unverified,2026-06-07
COL02286,T046,T084,4,city,"Abu Dhabi, United Arab Emirates","Abu Dhabi, United Arab Emirates",different time,2018-2021 / 2008-2010,unverified,2026-06-07
COL02287,T046,T086,4,city,"Cairo, Egypt","Cairo, Egypt",different time,2011-2015 / 2020-2023,unverified,2026-06-07
COL02288,T046,T087,1,school,SCH006,American Community School of Abu Dhabi,same time,2018-2021,unverified,2026-06-07
COL02289,T046,T088,4,city,"Dubai, United Arab Emirates","Dubai, United Arab Emirates",different time,2005-2010 / 2020-2022,mutual,2026-06-07
COL02290,T046,T089,3,city,"Abu Dhabi, United Arab Emirates","Abu Dhabi, United Arab Emirates",same time,2018-2018,unverified,2026-06-07
COL02291,T046,T093,2,school,SCH030,International School of Geneva,different time,2000-2004 / 2009-2014,mutual,2026-06-07
COL02292,T046,T094,3,city,"Abu Dhabi, United Arab Emirates","Abu Dhabi, United Arab Emirates",same time,2019-2021,mutual,2026-06-07
COL02293,T046,T096,1,school,SCH034,The American International School of Muscat,same time,2015-2018,mutual,2026-06-07
COL02294,T046,T097,4,city,"Dubai, United Arab Emirates","Dubai, United Arab Emirates",different time,2005-2010 / 2021-2025,mutual,2026-06-07
COL02295,T046,T098,2,school,SCH030,International School of Geneva,different time,2000-2004 / 2007-2010,unverified,2026-06-07
COL02296,T046,T100,3,city,"Cairo, Egypt","Cairo, Egypt",same time,2011-2011,unverified,2026-06-07
COL02297,T046,T103,1,school,SCH034,The American International School of Muscat,same time,2018-2018,unverified,2026-06-07
COL02298,T046,T104,2,school,SCH002,GEMS World Academy Dubai,different time,2005-2010 / 2017-2022,one-sided,2026-06-07
COL02299,T046,T105,4,city,"Cairo, Egypt","Cairo, Egypt",different time,2011-2015 / 2003-2005,mutual,2026-06-07
COL02300,T046,T106,4,city,"Dubai, United Arab Emirates","Dubai, United Arab Emirates",different time,2005-2010 / 2014-2018,unverified,2026-06-07
COL02301,T046,T109,3,city,"Cairo, Egypt","Cairo, Egypt",same time,2013-2015,unverified,2026-06-07
COL02302,T046,T111,1,school,SCH034,The American International School of Muscat,same time,2018-2018,unverified,2026-06-07
COL02303,T046,T114,1,school,SCH013,American International School in Egypt,same time,2011-2013,unverified,2026-06-07
COL02304,T046,T115,4,city,"Cairo, Egypt","Cairo, Egypt",different time,2011-2015 / 2020-2026,unverified,2026-06-07
COL02305,T046,T116,2,school,SCH030,International School of Geneva,different time,2000-2004 / 2012-2017,unverified,2026-06-07
COL02306,T046,T117,4,city,"Dubai, United Arab Emirates","Dubai, United Arab Emirates",different time,2005-2010 / 2017-2022,mutual,2026-06-07
COL02307,T046,T118,2,school,SCH002,GEMS World Academy Dubai,different time,2005-2010 / 2011-2013,unverified,2026-06-07
COL02308,T046,T121,1,school,SCH013,American International School in Egypt,same time,2011-2015,unverified,2026-06-07
COL02309,T046,T122,4,city,"Dubai, United Arab Emirates","Dubai, United Arab Emirates",different time,2005-2010 / 2021-2026,unverified,2026-06-07
COL02310,T046,T124,4,city,"Dubai, United Arab Emirates","Dubai, United Arab Emirates",different time,2005-2010 / 2013-2016,unverified,2026-06-07
COL02311,T046,T126,4,city,"Abu Dhabi, United Arab Emirates","Abu Dhabi, United Arab Emirates",different time,2018-2021 / 2013-2016,unverified,2026-06-07
COL02312,T046,T127,4,city,"Cairo, Egypt","Cairo, Egypt",different time,2011-2015 / 2019-2021,unverified,2026-06-07
COL02313,T046,T132,2,school,SCH013,American International School in Egypt,different time,2011-2015 / 2003-2008,unverified,2026-06-07
COL02314,T046,T135,2,school,SCH013,American International School in Egypt,different time,2011-2015 / 2016-2021,unverified,2026-06-07
COL02315,T046,T140,2,school,SCH002,GEMS World Academy Dubai,different time,2005-2010 / 2017-2020,unverified,2026-06-07
COL02316,T046,T144,4,city,"Dubai, United Arab Emirates","Dubai, United Arab Emirates",different time,2005-2010 / 2017-2020,unverified,2026-06-07
COL02317,T046,T145,1,school,SCH034,The American International School of Muscat,same time,2016-2018,unverified,2026-06-07
COL02318,T046,T149,2,school,SCH030,International School of Geneva,different time,2000-2004 / 2018-2022,unverified,2026-06-07
COL02319,T046,T150,2,school,SCH030,International School of Geneva,different time,2000-2004 / 2019-2022,unverified,2026-06-07
COL02320,T047,T048,6,country,Vietnam,Vietnam,different time,2019-2022 / 2013-2017,unverified,2026-06-07
COL02321,T047,T050,1,school,SCH039,International School Ho Chi Minh City,same time,2020-2022,unverified,2026-06-07
COL02322,T047,T051,2,school,SCH022,Graland Country Day School,different time,2015-2018 / 2006-2009,mutual,2026-06-07
COL02323,T047,T052,3,city,"Denver, United States","Denver, United States",same time,2015-2015,unverified,2026-06-07
COL02324,T047,T053,5,country,Vietnam,Vietnam,same time,2019-2022,unverified,2026-06-07
COL02325,T047,T057,2,school,SCH022,Graland Country Day School,different time,2015-2018 / 2001-2004,unverified,2026-06-07
COL02326,T047,T059,6,country,United States,United States,different time,2015-2018 / 2009-2011,unverified,2026-06-07
COL02327,T047,T060,2,school,SCH033,American School of Doha,different time,2012-2015 / 2016-2021,mutual,2026-06-07
COL02328,T047,T062,1,school,SCH035,Graded - The American School of Sao Paulo,same time,2010-2011,unverified,2026-06-07
COL02329,T047,T064,2,school,SCH022,Graland Country Day School,different time,2015-2018 / 2021-2026,mutual,2026-06-07
COL02330,T047,T065,1,school,SCH022,Graland Country Day School,same time,2018-2018,unverified,2026-06-07
COL02331,T047,T072,5,country,United States,United States,same time,2015-2016,mutual,2026-06-07
COL02332,T047,T075,6,country,Vietnam,Vietnam,different time,2019-2022 / 2015-2017,one-sided,2026-06-07
COL02333,T047,T076,1,school,SCH039,International School Ho Chi Minh City,same time,2020-2022,unverified,2026-06-07
COL02334,T047,T077,2,school,SCH035,Graded - The American School of Sao Paulo,different time,2010-2012 / 2015-2020,unverified,2026-06-07
COL02335,T047,T078,3,city,"Denver, United States","Denver, United States",same time,2017-2018,one-sided,2026-06-07
COL02336,T047,T082,5,country,United States,United States,same time,2015-2017,unverified,2026-06-07
COL02337,T047,T089,2,school,SCH039,International School Ho Chi Minh City,different time,2019-2022 / 2014-2016,unverified,2026-06-07
COL02338,T047,T091,5,country,United States,United States,same time,2015-2018,mutual,2026-06-07
COL02339,T047,T092,3,city,"Denver, United States","Denver, United States",same time,2015-2015,unverified,2026-06-07
COL02340,T047,T093,1,school,SCH039,International School Ho Chi Minh City,same time,2022-2022,unverified,2026-06-07
COL02341,T047,T095,5,country,United States,United States,same time,2015-2017,unverified,2026-06-07
COL02342,T047,T098,1,school,SCH033,American School of Doha,same time,2012-2014,unverified,2026-06-07
COL02343,T047,T105,5,country,Vietnam,Vietnam,same time,2019-2020,unverified,2026-06-07
COL02344,T047,T106,2,school,SCH033,American School of Doha,different time,2012-2015 / 2018-2022,unverified,2026-06-07
COL02345,T047,T107,3,city,"Denver, United States","Denver, United States",same time,2015-2015,unverified,2026-06-07
COL02346,T047,T110,5,country,Vietnam,Vietnam,same time,2019-2021,unverified,2026-06-07
COL02347,T047,T111,3,city,"Denver, United States","Denver, United States",same time,2015-2018,unverified,2026-06-07
COL02348,T047,T121,2,school,SCH033,American School of Doha,different time,2012-2015 / 2005-2010,unverified,2026-06-07
COL02349,T047,T122,3,city,"Denver, United States","Denver, United States",same time,2015-2017,unverified,2026-06-07
COL02350,T047,T126,1,school,SCH022,Graland Country Day School,same time,2016-2018,one-sided,2026-06-07
COL02351,T047,T128,1,school,SCH039,International School Ho Chi Minh City,same time,2019-2021,unverified,2026-06-07
COL02352,T047,T130,1,school,SCH039,International School Ho Chi Minh City,same time,2019-2019,unverified,2026-06-07
COL02353,T047,T131,6,country,United States,United States,different time,2015-2018 / 2020-2023,unverified,2026-06-07
COL02354,T047,T132,1,school,SCH039,International School Ho Chi Minh City,same time,2019-2021,mutual,2026-06-07
COL02355,T047,T134,2,school,SCH022,Graland Country Day School,different time,2015-2018 / 2021-2026,unverified,2026-06-07
COL02356,T047,T136,2,school,SCH035,Graded - The American School of Sao Paulo,different time,2010-2012 / 2021-2024,unverified,2026-06-07
COL02357,T047,T145,5,country,Vietnam,Vietnam,same time,2020-2022,unverified,2026-06-07
COL02358,T047,T146,1,school,SCH039,International School Ho Chi Minh City,same time,2019-2022,mutual,2026-06-07
COL02359,T048,T049,3,city,"Singapore, Singapore","Singapore, Singapore",same time,2018-2020,one-sided,2026-06-07
COL02360,T048,T050,6,country,Vietnam,Vietnam,different time,2013-2017 / 2020-2023,one-sided,2026-06-07
COL02361,T048,T053,2,school,SCH038,United Nations International School of Hanoi,different time,2013-2017 / 2018-2023,unverified,2026-06-07
COL02362,T048,T054,2,school,SCH010,Singapore American School,different time,2017-2022 / 2007-2009,unverified,2026-06-07
COL02363,T048,T056,1,school,SCH010,Singapore American School,same time,2018-2020,one-sided,2026-06-07
COL02364,T048,T073,1,school,SCH010,Singapore American School,same time,2018-2021,unverified,2026-06-07
COL02365,T048,T075,1,school,SCH038,United Nations International School of Hanoi,same time,2015-2017,unverified,2026-06-07
COL02366,T048,T076,6,country,Vietnam,Vietnam,different time,2013-2017 / 2020-2025,one-sided,2026-06-07
COL02367,T048,T083,2,school,SCH010,Singapore American School,different time,2017-2022 / 2013-2015,unverified,2026-06-07
COL02368,T048,T085,1,school,SCH010,Singapore American School,same time,2017-2021,mutual,2026-06-07
COL02369,T048,T086,4,city,"Singapore, Singapore","Singapore, Singapore",different time,2017-2022 / 2014-2016,mutual,2026-06-07
COL02370,T048,T089,5,country,Vietnam,Vietnam,same time,2014-2016,mutual,2026-06-07
COL02371,T048,T093,1,school,SCH010,Singapore American School,same time,2018-2021,unverified,2026-06-07
COL02372,T048,T103,3,city,"Singapore, Singapore","Singapore, Singapore",same time,2021-2022,unverified,2026-06-07
COL02373,T048,T105,1,school,SCH038,United Nations International School of Hanoi,same time,2015-2017,unverified,2026-06-07
COL02374,T048,T106,2,school,SCH010,Singapore American School,different time,2017-2022 / 2011-2013,unverified,2026-06-07
COL02375,T048,T107,3,city,"Singapore, Singapore","Singapore, Singapore",same time,2020-2022,unverified,2026-06-07
COL02376,T048,T110,2,school,SCH038,United Nations International School of Hanoi,different time,2013-2017 / 2019-2021,unverified,2026-06-07
COL02377,T048,T111,2,school,SCH038,United Nations International School of Hanoi,different time,2013-2017 / 2022-2026,unverified,2026-06-07
COL02378,T048,T112,3,city,"Singapore, Singapore","Singapore, Singapore",same time,2017-2018,unverified,2026-06-07
COL02379,T048,T125,1,school,SCH010,Singapore American School,same time,2018-2020,one-sided,2026-06-07
COL02380,T048,T127,3,city,"Singapore, Singapore","Singapore, Singapore",same time,2021-2022,unverified,2026-06-07
COL02381,T048,T128,1,school,SCH038,United Nations International School of Hanoi,same time,2013-2014,one-sided,2026-06-07
COL02382,T048,T130,5,country,Vietnam,Vietnam,same time,2016-2017,mutual,2026-06-07
COL02383,T048,T132,2,school,SCH038,United Nations International School of Hanoi,different time,2013-2017 / 1998-2002,unverified,2026-06-07
COL02384,T048,T135,2,school,SCH010,Singapore American School,different time,2017-2022 / 2003-2007,unverified,2026-06-07
COL02385,T048,T142,3,city,"Singapore, Singapore","Singapore, Singapore",same time,2019-2021,mutual,2026-06-07
COL02386,T048,T145,2,school,SCH038,United Nations International School of Hanoi,different time,2013-2017 / 2020-2022,mutual,2026-06-07
COL02387,T048,T146,6,country,Vietnam,Vietnam,different time,2013-2017 / 2019-2026,unverified,2026-06-07
COL02388,T049,T051,1,school,SCH028,The American School in Japan,same time,2010-2011,mutual,2026-06-07
COL02389,T049,T052,2,school,SCH034,The American International School of Muscat,different time,2016-2018 / 2004-2009,unverified,2026-06-07
COL02390,T049,T054,4,city,"Singapore, Singapore","Singapore, Singapore",different time,2018-2020 / 2007-2009,mutual,2026-06-07
COL02391,T049,T055,4,city,"Bangkok, Thailand","Bangkok, Thailand",different time,2012-2015 / 2018-2020,mutual,2026-06-07
COL02392,T049,T056,3,city,"Singapore, Singapore","Singapore, Singapore",same time,2018-2020,unverified,2026-06-07
COL02393,T049,T061,3,city,"Bangkok, Thailand","Bangkok, Thailand",same time,2014-2015,unverified,2026-06-07
COL02394,T049,T062,4,city,"Bangkok, Thailand","Bangkok, Thailand",different time,2012-2015 / 2016-2021,mutual,2026-06-07
COL02395,T049,T071,3,city,"Bangkok, Thailand","Bangkok, Thailand",same time,2012-2015,unverified,2026-06-07
COL02396,T049,T072,3,city,"Bangkok, Thailand","Bangkok, Thailand",same time,2012-2014,unverified,2026-06-07
COL02397,T049,T073,3,city,"Singapore, Singapore","Singapore, Singapore",same time,2018-2020,mutual,2026-06-07
COL02398,T049,T074,2,school,SCH007,NIST International School,different time,2012-2015 / 2018-2022,unverified,2026-06-07
COL02399,T049,T081,1,school,SCH007,NIST International School,same time,2012-2015,mutual,2026-06-07
COL02400,T049,T083,4,city,"Singapore, Singapore","Singapore, Singapore",different time,2018-2020 / 2013-2015,mutual,2026-06-07
COL02401,T049,T084,4,city,"Bangkok, Thailand","Bangkok, Thailand",different time,2012-2015 / 2018-2023,unverified,2026-06-07
COL02402,T049,T085,3,city,"Singapore, Singapore","Singapore, Singapore",same time,2018-2020,one-sided,2026-06-07
COL02403,T049,T086,2,school,SCH011,United World College of South East Asia,different time,2018-2020 / 2014-2016,unverified,2026-06-07
COL02404,T049,T088,2,school,SCH007,NIST International School,different time,2012-2015 / 2016-2019,unverified,2026-06-07
COL02405,T049,T092,4,city,"Bangkok, Thailand","Bangkok, Thailand",different time,2012-2015 / 2019-2023,one-sided,2026-06-07
COL02406,T049,T093,3,city,"Singapore, Singapore","Singapore, Singapore",same time,2018-2020,unverified,2026-06-07
COL02407,T049,T094,4,city,"Bangkok, Thailand","Bangkok, Thailand",different time,2012-2015 / 2021-2026,mutual,2026-06-07
COL02408,T049,T096,1,school,SCH034,The American International School of Muscat,same time,2016-2018,unverified,2026-06-07
COL02409,T049,T100,4,city,"Bangkok, Thailand","Bangkok, Thailand",different time,2012-2015 / 2019-2022,unverified,2026-06-07
COL02410,T049,T103,1,school,SCH034,The American International School of Muscat,same time,2018-2018,one-sided,2026-06-07
COL02411,T049,T106,4,city,"Singapore, Singapore","Singapore, Singapore",different time,2018-2020 / 2011-2013,unverified,2026-06-07
COL02412,T049,T107,1,school,SCH011,United World College of South East Asia,same time,2020-2020,mutual,2026-06-07
COL02413,T049,T108,3,city,"Bangkok, Thailand","Bangkok, Thailand",same time,2012-2014,unverified,2026-06-07
COL02414,T049,T110,2,school,SCH007,NIST International School,different time,2012-2015 / 2017-2019,mutual,2026-06-07
COL02415,T049,T111,1,school,SCH034,The American International School of Muscat,same time,2018-2018,unverified,2026-06-07
COL02416,T049,T112,1,school,SCH011,United World College of South East Asia,same time,2018-2018,unverified,2026-06-07
COL02417,T049,T114,2,school,SCH028,The American School in Japan,different time,2010-2012 / 2019-2026,unverified,2026-06-07
COL02418,T049,T116,2,school,SCH007,NIST International School,different time,2012-2015 / 2017-2020,unverified,2026-06-07
COL02419,T049,T119,2,school,SCH028,The American School in Japan,different time,2010-2012 / 2020-2022,unverified,2026-06-07
COL02420,T049,T123,2,school,SCH028,The American School in Japan,different time,2010-2012 / 2013-2016,unverified,2026-06-07
COL02421,T049,T125,3,city,"Singapore, Singapore","Singapore, Singapore",same time,2018-2020,unverified,2026-06-07
COL02422,T049,T127,2,school,SCH011,United World College of South East Asia,different time,2018-2020 / 2021-2025,one-sided,2026-06-07
COL02423,T049,T129,4,city,"Bangkok, Thailand","Bangkok, Thailand",different time,2012-2015 / 2020-2026,unverified,2026-06-07
COL02424,T049,T131,2,school,SCH007,NIST International School,different time,2012-2015 / 2016-2020,unverified,2026-06-07
COL02425,T049,T132,4,city,"Singapore, Singapore","Singapore, Singapore",different time,2018-2020 / 2009-2011,mutual,2026-06-07
COL02426,T049,T135,2,school,SCH007,NIST International School,different time,2012-2015 / 2007-2010,unverified,2026-06-07
COL02427,T049,T137,2,school,SCH028,The American School in Japan,different time,2010-2012 / 2019-2021,one-sided,2026-06-07
COL02428,T049,T138,3,city,"Bangkok, Thailand","Bangkok, Thailand",same time,2012-2015,mutual,2026-06-07
COL02429,T049,T139,2,school,SCH028,The American School in Japan,different time,2010-2012 / 2018-2021,one-sided,2026-06-07
COL02430,T049,T142,1,school,SCH007,NIST International School,same time,2012-2014,unverified,2026-06-07
COL02431,T049,T143,3,city,"Bangkok, Thailand","Bangkok, Thailand",same time,2013-2015,unverified,2026-06-07
COL02432,T049,T145,1,school,SCH034,The American International School of Muscat,same time,2016-2018,unverified,2026-06-07
COL02433,T050,T053,5,country,Vietnam,Vietnam,same time,2020-2023,mutual,2026-06-07
COL02434,T050,T054,5,country,United Arab Emirates,United Arab Emirates,same time,2018-2019,unverified,2026-06-07
COL02435,T050,T055,6,country,United Arab Emirates,United Arab Emirates,different time,2015-2019 / 2020-2023,unverified,2026-06-07
COL02436,T050,T056,5,country,United Arab Emirates,United Arab Emirates,same time,2015-2018,mutual,2026-06-07
COL02437,T050,T058,6,country,United Arab Emirates,United Arab Emirates,different time,2015-2019 / 2020-2022,unverified,2026-06-07
COL02438,T050,T059,5,country,United Arab Emirates,United Arab Emirates,same time,2015-2019,mutual,2026-06-07
COL02439,T050,T063,4,city,"Abu Dhabi, United Arab Emirates","Abu Dhabi, United Arab Emirates",different time,2015-2019 / 2021-2026,mutual,2026-06-07
COL02440,T050,T066,5,country,United Arab Emirates,United Arab Emirates,same time,2019-2019,one-sided,2026-06-07
COL02441,T050,T067,2,school,SCH006,American Community School of Abu Dhabi,different time,2015-2019 / 2022-2026,unverified,2026-06-07
COL02442,T050,T068,3,city,"Abu Dhabi, United Arab Emirates","Abu Dhabi, United Arab Emirates",same time,2016-2019,unverified,2026-06-07
COL02443,T050,T071,6,country,United Arab Emirates,United Arab Emirates,different time,2015-2019 / 2010-2012,unverified,2026-06-07
COL02444,T050,T073,6,country,United Arab Emirates,United Arab Emirates,different time,2015-2019 / 2005-2009,mutual,2026-06-07
COL02445,T050,T075,6,country,Vietnam,Vietnam,different time,2020-2023 / 2015-2017,unverified,2026-06-07
COL02446,T050,T076,1,school,SCH039,International School Ho Chi Minh City,same time,2020-2023,mutual,2026-06-07
COL02447,T050,T079,3,city,"Abu Dhabi, United Arab Emirates","Abu Dhabi, United Arab Emirates",same time,2019-2019,mutual,2026-06-07
COL02448,T050,T081,5,country,United Arab Emirates,United Arab Emirates,same time,2016-2019,unverified,2026-06-07
COL02449,T050,T082,3,city,"Abu Dhabi, United Arab Emirates","Abu Dhabi, United Arab Emirates",same time,2018-2019,unverified,2026-06-07
COL02450,T050,T084,4,city,"Abu Dhabi, United Arab Emirates","Abu Dhabi, United Arab Emirates",different time,2015-2019 / 2008-2010,unverified,2026-06-07
COL02451,T050,T087,1,school,SCH006,American Community School of Abu Dhabi,same time,2017-2019,unverified,2026-06-07
COL02452,T050,T088,6,country,United Arab Emirates,United Arab Emirates,different time,2015-2019 / 2020-2022,unverified,2026-06-07
COL02453,T050,T089,2,school,SCH039,International School Ho Chi Minh City,different time,2020-2023 / 2014-2016,unverified,2026-06-07
COL02454,T050,T093,1,school,SCH039,International School Ho Chi Minh City,same time,2022-2023,one-sided,2026-06-07
COL02455,T050,T094,3,city,"Abu Dhabi, United Arab Emirates","Abu Dhabi, United Arab Emirates",same time,2019-2019,unverified,2026-06-07
COL02456,T050,T096,5,country,United Arab Emirates,United Arab Emirates,same time,2019-2019,unverified,2026-06-07
COL02457,T050,T097,6,country,United Arab Emirates,United Arab Emirates,different time,2015-2019 / 2021-2025,unverified,2026-06-07
COL02458,T050,T098,4,city,"Abu Dhabi, United Arab Emirates","Abu Dhabi, United Arab Emirates",different time,2015-2019 / 2002-2006,unverified,2026-06-07
COL02459,T050,T100,5,country,United Arab Emirates,United Arab Emirates,same time,2015-2019,mutual,2026-06-07
COL02460,T050,T104,5,country,United Arab Emirates,United Arab Emirates,same time,2017-2019,unverified,2026-06-07
COL02461,T050,T105,5,country,Vietnam,Vietnam,same time,2020-2020,one-sided,2026-06-07
COL02462,T050,T106,5,country,United Arab Emirates,United Arab Emirates,same time,2015-2018,one-sided,2026-06-07
COL02463,T050,T110,5,country,Vietnam,Vietnam,same time,2020-2021,unverified,2026-06-07
COL02464,T050,T111,5,country,Vietnam,Vietnam,same time,2022-2023,unverified,2026-06-07
COL02465,T050,T114,6,country,United Arab Emirates,United Arab Emirates,different time,2015-2019 / 2004-2008,mutual,2026-06-07
COL02466,T050,T117,5,country,United Arab Emirates,United Arab Emirates,same time,2017-2019,unverified,2026-06-07
COL02467,T050,T118,5,country,United Arab Emirates,United Arab Emirates,same time,2015-2016,unverified,2026-06-07
COL02468,T050,T122,6,country,United Arab Emirates,United Arab Emirates,different time,2015-2019 / 2021-2026,one-sided,2026-06-07
COL02469,T050,T124,5,country,United Arab Emirates,United Arab Emirates,same time,2015-2016,one-sided,2026-06-07
COL02470,T050,T126,3,city,"Abu Dhabi, United Arab Emirates","Abu Dhabi, United Arab Emirates",same time,2015-2016,mutual,2026-06-07
COL02471,T050,T128,1,school,SCH039,International School Ho Chi Minh City,same time,2020-2021,unverified,2026-06-07
COL02472,T050,T130,2,school,SCH039,International School Ho Chi Minh City,different time,2020-2023 / 2016-2019,unverified,2026-06-07
COL02473,T050,T132,1,school,SCH039,International School Ho Chi Minh City,same time,2020-2021,mutual,2026-06-07
COL02474,T050,T135,3,city,"Abu Dhabi, United Arab Emirates","Abu Dhabi, United Arab Emirates",same time,2015-2016,one-sided,2026-06-07
COL02475,T050,T140,5,country,United Arab Emirates,United Arab Emirates,same time,2017-2019,unverified,2026-06-07
COL02476,T050,T144,5,country,United Arab Emirates,United Arab Emirates,same time,2017-2019,unverified,2026-06-07
COL02477,T050,T145,5,country,Vietnam,Vietnam,same time,2020-2022,mutual,2026-06-07
COL02478,T050,T146,1,school,SCH039,International School Ho Chi Minh City,same time,2020-2023,one-sided,2026-06-07
COL02479,T051,T052,2,school,SCH034,The American International School of Muscat,different time,2015-2020 / 2004-2009,unverified,2026-06-07
COL02480,T051,T055,4,city,"Bangkok, Thailand","Bangkok, Thailand",different time,2011-2015 / 2018-2020,unverified,2026-06-07
COL02481,T051,T057,2,school,SCH022,Graland Country Day School,different time,2006-2009 / 2001-2004,unverified,2026-06-07
COL02482,T051,T059,5,country,United States,United States,same time,2009-2009,unverified,2026-06-07
COL02483,T051,T061,3,city,"Bangkok, Thailand","Bangkok, Thailand",same time,2014-2015,unverified,2026-06-07
COL02484,T051,T062,4,city,"Bangkok, Thailand","Bangkok, Thailand",different time,2011-2015 / 2016-2021,unverified,2026-06-07
COL02485,T051,T064,2,school,SCH022,Graland Country Day School,different time,2006-2009 / 2021-2026,one-sided,2026-06-07
COL02486,T051,T065,2,school,SCH022,Graland Country Day School,different time,2006-2009 / 2018-2020,mutual,2026-06-07
COL02487,T051,T071,3,city,"Bangkok, Thailand","Bangkok, Thailand",same time,2012-2015,unverified,2026-06-07
COL02488,T051,T072,3,city,"Bangkok, Thailand","Bangkok, Thailand",same time,2011-2014,unverified,2026-06-07
COL02489,T051,T074,2,school,SCH007,NIST International School,different time,2011-2015 / 2018-2022,unverified,2026-06-07
COL02490,T051,T078,4,city,"Denver, United States","Denver, United States",different time,2006-2009 / 2017-2020,unverified,2026-06-07
COL02491,T051,T081,1,school,SCH007,NIST International School,same time,2011-2015,unverified,2026-06-07
COL02492,T051,T082,6,country,United States,United States,different time,2006-2009 / 2013-2017,unverified,2026-06-07
COL02493,T051,T084,4,city,"Bangkok, Thailand","Bangkok, Thailand",different time,2011-2015 / 2018-2023,mutual,2026-06-07
COL02494,T051,T088,2,school,SCH007,NIST International School,different time,2011-2015 / 2016-2019,mutual,2026-06-07
COL02495,T051,T091,6,country,United States,United States,different time,2006-2009 / 2014-2018,unverified,2026-06-07
COL02496,T051,T092,4,city,"Denver, United States","Denver, United States",different time,2006-2009 / 2013-2015,unverified,2026-06-07
COL02497,T051,T094,4,city,"Bangkok, Thailand","Bangkok, Thailand",different time,2011-2015 / 2021-2026,unverified,2026-06-07
COL02498,T051,T095,6,country,United States,United States,different time,2006-2009 / 2015-2017,unverified,2026-06-07
COL02499,T051,T096,1,school,SCH034,The American International School of Muscat,same time,2015-2018,unverified,2026-06-07
COL02500,T051,T100,4,city,"Bangkok, Thailand","Bangkok, Thailand",different time,2011-2015 / 2019-2022,unverified,2026-06-07
COL02501,T051,T103,1,school,SCH034,The American International School of Muscat,same time,2018-2020,unverified,2026-06-07
COL02502,T051,T105,6,country,United States,United States,different time,2006-2009 / 2000-2003,unverified,2026-06-07
COL02503,T051,T107,4,city,"Denver, United States","Denver, United States",different time,2006-2009 / 2010-2015,one-sided,2026-06-07
COL02504,T051,T108,3,city,"Bangkok, Thailand","Bangkok, Thailand",same time,2012-2014,unverified,2026-06-07
COL02505,T051,T110,2,school,SCH007,NIST International School,different time,2011-2015 / 2017-2019,unverified,2026-06-07
COL02506,T051,T111,1,school,SCH034,The American International School of Muscat,same time,2018-2020,unverified,2026-06-07
COL02507,T051,T114,2,school,SCH028,The American School in Japan,different time,2009-2011 / 2019-2026,unverified,2026-06-07
COL02508,T051,T116,2,school,SCH007,NIST International School,different time,2011-2015 / 2017-2020,mutual,2026-06-07
COL02509,T051,T119,2,school,SCH028,The American School in Japan,different time,2009-2011 / 2020-2022,unverified,2026-06-07
COL02510,T051,T121,6,country,United States,United States,different time,2006-2009 / 2016-2021,unverified,2026-06-07
COL02511,T051,T122,4,city,"Denver, United States","Denver, United States",different time,2006-2009 / 2012-2017,unverified,2026-06-07
COL02512,T051,T123,2,school,SCH028,The American School in Japan,different time,2009-2011 / 2013-2016,unverified,2026-06-07
COL02513,T051,T126,2,school,SCH022,Graland Country Day School,different time,2006-2009 / 2016-2021,unverified,2026-06-07
COL02514,T051,T128,4,city,"Denver, United States","Denver, United States",different time,2006-2009 / 2014-2018,unverified,2026-06-07
COL02515,T051,T129,4,city,"Bangkok, Thailand","Bangkok, Thailand",different time,2011-2015 / 2020-2026,one-sided,2026-06-07
COL02516,T051,T131,2,school,SCH007,NIST International School,different time,2011-2015 / 2016-2020,mutual,2026-06-07
COL02517,T051,T132,4,city,"Denver, United States","Denver, United States",different time,2006-2009 / 2011-2016,unverified,2026-06-07
COL02518,T051,T134,2,school,SCH022,Graland Country Day School,different time,2006-2009 / 2021-2026,unverified,2026-06-07
COL02519,T051,T135,2,school,SCH007,NIST International School,different time,2011-2015 / 2007-2010,unverified,2026-06-07
COL02520,T051,T137,2,school,SCH028,The American School in Japan,different time,2009-2011 / 2019-2021,unverified,2026-06-07
COL02521,T051,T138,3,city,"Bangkok, Thailand","Bangkok, Thailand",same time,2012-2015,unverified,2026-06-07
COL02522,T051,T139,2,school,SCH028,The American School in Japan,different time,2009-2011 / 2018-2021,unverified,2026-06-07
COL02523,T051,T142,1,school,SCH007,NIST International School,same time,2011-2014,one-sided,2026-06-07
COL02524,T051,T143,3,city,"Bangkok, Thailand","Bangkok, Thailand",same time,2013-2015,unverified,2026-06-07
COL02525,T051,T145,1,school,SCH034,The American International School of Muscat,same time,2016-2018,unverified,2026-06-07
COL02526,T052,T054,2,school,SCH018,International School of Beijing,different time,2019-2023 / 2015-2017,unverified,2026-06-07
COL02527,T052,T056,1,school,SCH018,International School of Beijing,same time,2021-2023,mutual,2026-06-07
COL02528,T052,T057,1,school,SCH024,American School of Kuwait,same time,2016-2018,unverified,2026-06-07
COL02529,T052,T059,1,school,SCH023,Washington International School,same time,2010-2011,one-sided,2026-06-07
COL02530,T052,T060,1,school,SCH024,American School of Kuwait,same time,2016-2016,unverified,2026-06-07
COL02531,T052,T061,5,country,China,China,same time,2019-2022,one-sided,2026-06-07
COL02532,T052,T064,4,city,"Denver, United States","Denver, United States",different time,2012-2015 / 2021-2026,unverified,2026-06-07
COL02533,T052,T065,4,city,"Denver, United States","Denver, United States",different time,2012-2015 / 2018-2020,unverified,2026-06-07
COL02534,T052,T066,1,school,SCH018,International School of Beijing,same time,2022-2023,unverified,2026-06-07
COL02535,T052,T067,5,country,China,China,same time,2019-2021,unverified,2026-06-07
COL02536,T052,T068,1,school,SCH024,American School of Kuwait,same time,2016-2016,unverified,2026-06-07
COL02537,T052,T069,2,school,SCH018,International School of Beijing,different time,2019-2023 / 2009-2014,unverified,2026-06-07
COL02538,T052,T072,2,school,SCH023,Washington International School,different time,2010-2012 / 2014-2016,unverified,2026-06-07
COL02539,T052,T073,6,country,China,China,different time,2019-2023 / 2009-2013,unverified,2026-06-07
COL02540,T052,T076,2,school,SCH018,International School of Beijing,different time,2019-2023 / 2012-2016,unverified,2026-06-07
COL02541,T052,T078,2,school,SCH021,Denver International School,different time,2012-2015 / 2017-2020,unverified,2026-06-07
COL02542,T052,T080,5,country,China,China,same time,2021-2023,one-sided,2026-06-07
COL02543,T052,T082,2,school,SCH023,Washington International School,different time,2010-2012 / 2013-2017,mutual,2026-06-07
COL02544,T052,T086,1,school,SCH018,International School of Beijing,same time,2019-2020,mutual,2026-06-07
COL02545,T052,T089,2,school,SCH024,American School of Kuwait,different time,2016-2018 / 2019-2021,mutual,2026-06-07
COL02546,T052,T090,5,country,China,China,same time,2020-2023,unverified,2026-06-07
COL02547,T052,T091,1,school,SCH018,International School of Beijing,same time,2021-2023,unverified,2026-06-07
COL02548,T052,T092,1,school,SCH021,Denver International School,same time,2013-2015,mutual,2026-06-07
COL02549,T052,T095,2,school,SCH023,Washington International School,different time,2010-2012 / 2015-2017,mutual,2026-06-07
COL02550,T052,T096,2,school,SCH034,The American International School of Muscat,different time,2004-2009 / 2013-2018,unverified,2026-06-07
COL02551,T052,T101,5,country,China,China,same time,2019-2021,unverified,2026-06-07
COL02552,T052,T103,2,school,SCH034,The American International School of Muscat,different time,2004-2009 / 2018-2020,unverified,2026-06-07
COL02553,T052,T105,2,school,SCH023,Washington International School,different time,2010-2012 / 2000-2003,unverified,2026-06-07
COL02554,T052,T106,2,school,SCH018,International School of Beijing,different time,2019-2023 / 2006-2010,unverified,2026-06-07
COL02555,T052,T107,1,school,SCH021,Denver International School,same time,2012-2015,unverified,2026-06-07
COL02556,T052,T108,5,country,China,China,same time,2019-2020,one-sided,2026-06-07
COL02557,T052,T109,5,country,China,China,same time,2019-2021,unverified,2026-06-07
COL02558,T052,T111,1,school,SCH021,Denver International School,same time,2013-2015,unverified,2026-06-07
COL02559,T052,T112,5,country,China,China,same time,2019-2022,unverified,2026-06-07
COL02560,T052,T114,6,country,China,China,different time,2019-2023 / 2014-2018,unverified,2026-06-07
COL02561,T052,T115,5,country,China,China,same time,2019-2019,unverified,2026-06-07
COL02562,T052,T116,6,country,China,China,different time,2019-2023 / 2010-2012,unverified,2026-06-07
COL02563,T052,T117,6,country,China,China,different time,2019-2023 / 2013-2017,one-sided,2026-06-07
COL02564,T052,T120,5,country,China,China,same time,2019-2023,unverified,2026-06-07
COL02565,T052,T121,2,school,SCH023,Washington International School,different time,2010-2012 / 2016-2021,mutual,2026-06-07
COL02566,T052,T122,1,school,SCH021,Denver International School,same time,2012-2015,mutual,2026-06-07
COL02567,T052,T123,6,country,China,China,different time,2019-2023 / 2000-2004,unverified,2026-06-07
COL02568,T052,T125,1,school,SCH018,International School of Beijing,same time,2020-2022,unverified,2026-06-07
COL02569,T052,T126,4,city,"Denver, United States","Denver, United States",different time,2012-2015 / 2016-2021,unverified,2026-06-07
COL02570,T052,T128,1,school,SCH021,Denver International School,same time,2014-2015,unverified,2026-06-07
COL02571,T052,T129,5,country,China,China,same time,2019-2020,unverified,2026-06-07
COL02572,T052,T131,2,school,SCH023,Washington International School,different time,2010-2012 / 2020-2023,unverified,2026-06-07
COL02573,T052,T132,1,school,SCH021,Denver International School,same time,2012-2015,unverified,2026-06-07
COL02574,T052,T134,1,school,SCH018,International School of Beijing,same time,2019-2020,one-sided,2026-06-07
COL02575,T052,T137,6,country,China,China,different time,2019-2023 / 2006-2009,mutual,2026-06-07
COL02576,T052,T138,5,country,China,China,same time,2019-2021,one-sided,2026-06-07
COL02577,T052,T139,5,country,China,China,same time,2021-2023,unverified,2026-06-07
COL02578,T052,T142,5,country,China,China,same time,2019-2019,unverified,2026-06-07
COL02579,T052,T143,6,country,China,China,different time,2019-2023 / 2007-2012,unverified,2026-06-07
COL02580,T052,T144,5,country,China,China,same time,2021-2023,mutual,2026-06-07
COL02581,T052,T145,2,school,SCH034,The American International School of Muscat,different time,2004-2009 / 2016-2018,unverified,2026-06-07
COL02582,T052,T149,6,country,China,China,different time,2019-2023 / 2014-2018,mutual,2026-06-07
COL02583,T053,T057,2,school,SCH031,International School of Kuala Lumpur,different time,2024-2026 / 2020-2022,mutual,2026-06-07
COL02584,T053,T063,2,school,SCH031,International School of Kuala Lumpur,different time,2024-2026 / 2015-2020,unverified,2026-06-07
COL02585,T053,T065,2,school,SCH031,International School of Kuala Lumpur,different time,2024-2026 / 2010-2012,unverified,2026-06-07
COL02586,T053,T070,2,school,SCH031,International School of Kuala Lumpur,different time,2024-2026 / 2016-2019,mutual,2026-06-07
COL02587,T053,T075,2,school,SCH038,United Nations International School of Hanoi,different time,2018-2023 / 2015-2017,unverified,2026-06-07
COL02588,T053,T076,5,country,Vietnam,Vietnam,same time,2020-2023,unverified,2026-06-07
COL02589,T053,T089,6,country,Vietnam,Vietnam,different time,2018-2023 / 2014-2016,unverified,2026-06-07
COL02590,T053,T093,5,country,Vietnam,Vietnam,same time,2022-2023,mutual,2026-06-07
COL02591,T053,T099,2,school,SCH031,International School of Kuala Lumpur,different time,2024-2026 / 2020-2022,unverified,2026-06-07
COL02592,T053,T105,1,school,SCH038,United Nations International School of Hanoi,same time,2018-2020,one-sided,2026-06-07
COL02593,T053,T110,1,school,SCH038,United Nations International School of Hanoi,same time,2019-2021,mutual,2026-06-07
COL02594,T053,T111,1,school,SCH038,United Nations International School of Hanoi,same time,2022-2023,unverified,2026-06-07
COL02595,T053,T115,2,school,SCH031,International School of Kuala Lumpur,different time,2024-2026 / 2010-2014,unverified,2026-06-07
COL02596,T053,T121,1,school,SCH031,International School of Kuala Lumpur,same time,2024-2026,unverified,2026-06-07
COL02597,T053,T128,2,school,SCH038,United Nations International School of Hanoi,different time,2018-2023 / 2011-2014,unverified,2026-06-07
COL02598,T053,T130,5,country,Vietnam,Vietnam,same time,2018-2019,unverified,2026-06-07
COL02599,T053,T132,2,school,SCH038,United Nations International School of Hanoi,different time,2018-2023 / 1998-2002,unverified,2026-06-07
COL02600,T053,T143,2,school,SCH031,International School of Kuala Lumpur,different time,2024-2026 / 2018-2022,unverified,2026-06-07
COL02601,T053,T145,1,school,SCH038,United Nations International School of Hanoi,same time,2020-2022,unverified,2026-06-07
COL02602,T053,T146,5,country,Vietnam,Vietnam,same time,2019-2023,unverified,2026-06-07
COL02603,T054,T055,3,city,"Dubai, United Arab Emirates","Dubai, United Arab Emirates",same time,2020-2022,unverified,2026-06-07
COL02604,T054,T056,2,school,SCH010,Singapore American School,different time,2007-2009 / 2018-2020,unverified,2026-06-07
COL02605,T054,T057,1,school,SCH017,Concordia International School Shanghai,same time,2010-2014,unverified,2026-06-07
COL02606,T054,T058,3,city,"Dubai, United Arab Emirates","Dubai, United Arab Emirates",same time,2020-2022,unverified,2026-06-07
COL02607,T054,T059,1,school,SCH004,Dubai American Academy,same time,2018-2020,unverified,2026-06-07
COL02608,T054,T060,2,school,SCH018,International School of Beijing,different time,2015-2017 / 2021-2024,mutual,2026-06-07
COL02609,T054,T061,5,country,China,China,same time,2017-2017,mutual,2026-06-07
COL02610,T054,T063,5,country,United Arab Emirates,United Arab Emirates,same time,2021-2022,unverified,2026-06-07
COL02611,T054,T066,2,school,SCH018,International School of Beijing,different time,2015-2017 / 2022-2026,mutual,2026-06-07
COL02612,T054,T067,4,city,"Shanghai, China","Shanghai, China",different time,2010-2014 / 2017-2021,unverified,2026-06-07
COL02613,T054,T068,5,country,United Arab Emirates,United Arab Emirates,same time,2018-2021,unverified,2026-06-07
COL02614,T054,T069,2,school,SCH018,International School of Beijing,different time,2015-2017 / 2009-2014,unverified,2026-06-07
COL02615,T054,T071,4,city,"Dubai, United Arab Emirates","Dubai, United Arab Emirates",different time,2018-2022 / 2010-2012,unverified,2026-06-07
COL02616,T054,T073,2,school,SCH010,Singapore American School,different time,2007-2009 / 2018-2021,unverified,2026-06-07
COL02617,T054,T076,1,school,SCH018,International School of Beijing,same time,2015-2016,unverified,2026-06-07
COL02618,T054,T078,4,city,"Shanghai, China","Shanghai, China",different time,2010-2014 / 2021-2025,unverified,2026-06-07
COL02619,T054,T079,3,city,"Dubai, United Arab Emirates","Dubai, United Arab Emirates",same time,2018-2019,unverified,2026-06-07
COL02620,T054,T080,4,city,"Shanghai, China","Shanghai, China",different time,2010-2014 / 2021-2023,unverified,2026-06-07
COL02621,T054,T081,3,city,"Dubai, United Arab Emirates","Dubai, United Arab Emirates",same time,2018-2020,unverified,2026-06-07
COL02622,T054,T082,5,country,United Arab Emirates,United Arab Emirates,same time,2018-2022,mutual,2026-06-07
COL02623,T054,T083,2,school,SCH010,Singapore American School,different time,2007-2009 / 2013-2015,unverified,2026-06-07
COL02624,T054,T084,6,country,United Arab Emirates,United Arab Emirates,different time,2018-2022 / 2008-2010,unverified,2026-06-07
COL02625,T054,T085,2,school,SCH010,Singapore American School,different time,2007-2009 / 2016-2021,unverified,2026-06-07
COL02626,T054,T086,1,school,SCH018,International School of Beijing,same time,2017-2017,unverified,2026-06-07
COL02627,T054,T087,4,city,"Dubai, United Arab Emirates","Dubai, United Arab Emirates",different time,2018-2022 / 2011-2016,unverified,2026-06-07
COL02628,T054,T088,3,city,"Dubai, United Arab Emirates","Dubai, United Arab Emirates",same time,2020-2022,unverified,2026-06-07
COL02629,T054,T089,5,country,United Arab Emirates,United Arab Emirates,same time,2018-2018,mutual,2026-06-07
COL02630,T054,T090,6,country,China,China,different time,2010-2014 / 2020-2026,unverified,2026-06-07
COL02631,T054,T091,2,school,SCH018,International School of Beijing,different time,2015-2017 / 2021-2023,unverified,2026-06-07
COL02632,T054,T092,5,country,China,China,same time,2016-2017,mutual,2026-06-07
COL02633,T054,T093,2,school,SCH010,Singapore American School,different time,2007-2009 / 2018-2021,unverified,2026-06-07
COL02634,T054,T094,5,country,United Arab Emirates,United Arab Emirates,same time,2019-2021,unverified,2026-06-07
COL02635,T054,T095,5,country,China,China,same time,2017-2017,unverified,2026-06-07
COL02636,T054,T096,3,city,"Dubai, United Arab Emirates","Dubai, United Arab Emirates",same time,2019-2022,unverified,2026-06-07
COL02637,T054,T097,1,school,SCH004,Dubai American Academy,same time,2021-2022,unverified,2026-06-07
COL02638,T054,T098,6,country,United Arab Emirates,United Arab Emirates,different time,2018-2022 / 2002-2006,unverified,2026-06-07
COL02639,T054,T100,3,city,"Dubai, United Arab Emirates","Dubai, United Arab Emirates",same time,2018-2019,unverified,2026-06-07
COL02640,T054,T101,2,school,SCH017,Concordia International School Shanghai,different time,2010-2014 / 2016-2021,mutual,2026-06-07
COL02641,T054,T103,4,city,"Singapore, Singapore","Singapore, Singapore",different time,2007-2009 / 2021-2023,mutual,2026-06-07
COL02642,T054,T104,3,city,"Dubai, United Arab Emirates","Dubai, United Arab Emirates",same time,2018-2022,unverified,2026-06-07
COL02643,T054,T105,2,school,SCH018,International School of Beijing,different time,2015-2017 / 2009-2014,one-sided,2026-06-07
COL02644,T054,T106,2,school,SCH010,Singapore American School,different time,2007-2009 / 2011-2013,one-sided,2026-06-07
COL02645,T054,T107,4,city,"Singapore, Singapore","Singapore, Singapore",different time,2007-2009 / 2020-2025,one-sided,2026-06-07
COL02646,T054,T108,4,city,"Shanghai, China","Shanghai, China",different time,2010-2014 / 2016-2020,unverified,2026-06-07
COL02647,T054,T109,4,city,"Shanghai, China","Shanghai, China",different time,2010-2014 / 2018-2021,unverified,2026-06-07
COL02648,T054,T112,2,school,SCH017,Concordia International School Shanghai,different time,2010-2014 / 2018-2022,unverified,2026-06-07
COL02649,T054,T114,2,school,SCH004,Dubai American Academy,different time,2018-2022 / 2004-2008,unverified,2026-06-07
COL02650,T054,T115,5,country,China,China,same time,2015-2017,mutual,2026-06-07
COL02651,T054,T116,5,country,China,China,same time,2010-2012,unverified,2026-06-07
COL02652,T054,T117,1,school,SCH004,Dubai American Academy,same time,2018-2022,unverified,2026-06-07
COL02653,T054,T118,3,city,"Dubai, United Arab Emirates","Dubai, United Arab Emirates",same time,2018-2022,unverified,2026-06-07
COL02654,T054,T120,4,city,"Shanghai, China","Shanghai, China",different time,2010-2014 / 2019-2023,unverified,2026-06-07
COL02655,T054,T122,3,city,"Dubai, United Arab Emirates","Dubai, United Arab Emirates",same time,2021-2022,unverified,2026-06-07
COL02656,T054,T123,2,school,SCH017,Concordia International School Shanghai,different time,2010-2014 / 2000-2004,unverified,2026-06-07
COL02657,T054,T124,2,school,SCH004,Dubai American Academy,different time,2018-2022 / 2013-2016,mutual,2026-06-07
COL02658,T054,T125,2,school,SCH010,Singapore American School,different time,2007-2009 / 2018-2020,unverified,2026-06-07
COL02659,T054,T126,6,country,United Arab Emirates,United Arab Emirates,different time,2018-2022 / 2013-2016,unverified,2026-06-07
COL02660,T054,T127,4,city,"Singapore, Singapore","Singapore, Singapore",different time,2007-2009 / 2021-2025,mutual,2026-06-07
COL02661,T054,T129,6,country,China,China,different time,2010-2014 / 2018-2020,mutual,2026-06-07
COL02662,T054,T131,3,city,"Shanghai, China","Shanghai, China",same time,2010-2014,unverified,2026-06-07
COL02663,T054,T132,1,school,SCH010,Singapore American School,same time,2009-2009,mutual,2026-06-07
COL02664,T054,T134,2,school,SCH018,International School of Beijing,different time,2015-2017 / 2018-2020,unverified,2026-06-07
COL02665,T054,T135,1,school,SCH010,Singapore American School,same time,2007-2007,unverified,2026-06-07
COL02666,T054,T137,4,city,"Shanghai, China","Shanghai, China",different time,2010-2014 / 2006-2009,mutual,2026-06-07
COL02667,T054,T138,5,country,China,China,same time,2017-2017,unverified,2026-06-07
COL02668,T054,T139,4,city,"Shanghai, China","Shanghai, China",different time,2010-2014 / 2021-2026,one-sided,2026-06-07
COL02669,T054,T140,3,city,"Dubai, United Arab Emirates","Dubai, United Arab Emirates",same time,2018-2020,mutual,2026-06-07
COL02670,T054,T142,2,school,SCH017,Concordia International School Shanghai,different time,2010-2014 / 2015-2019,mutual,2026-06-07
COL02671,T054,T143,1,school,SCH017,Concordia International School Shanghai,same time,2010-2012,unverified,2026-06-07
COL02672,T054,T144,1,school,SCH004,Dubai American Academy,same time,2018-2020,unverified,2026-06-07
COL02673,T054,T149,3,city,"Shanghai, China","Shanghai, China",same time,2014-2014,mutual,2026-06-07
COL02674,T055,T056,2,school,SCH001,American School of Dubai,different time,2020-2023 / 2014-2018,unverified,2026-06-07
COL02675,T055,T058,3,city,"Dubai, United Arab Emirates","Dubai, United Arab Emirates",same time,2020-2022,unverified,2026-06-07
COL02676,T055,T059,3,city,"Dubai, United Arab Emirates","Dubai, United Arab Emirates",same time,2020-2020,unverified,2026-06-07
COL02677,T055,T061,2,school,SCH008,International School Bangkok,different time,2018-2020 / 2014-2017,unverified,2026-06-07
COL02678,T055,T062,1,school,SCH008,International School Bangkok,same time,2018-2020,unverified,2026-06-07
COL02679,T055,T063,5,country,United Arab Emirates,United Arab Emirates,same time,2021-2023,mutual,2026-06-07
COL02680,T055,T066,3,city,"Dubai, United Arab Emirates","Dubai, United Arab Emirates",same time,2020-2022,one-sided,2026-06-07
COL02681,T055,T067,5,country,United Arab Emirates,United Arab Emirates,same time,2022-2023,one-sided,2026-06-07
COL02682,T055,T068,5,country,United Arab Emirates,United Arab Emirates,same time,2020-2021,unverified,2026-06-07
COL02683,T055,T071,2,school,SCH008,International School Bangkok,different time,2018-2020 / 2012-2015,unverified,2026-06-07
COL02684,T055,T072,2,school,SCH008,International School Bangkok,different time,2018-2020 / 2010-2014,unverified,2026-06-07
COL02685,T055,T073,4,city,"Dubai, United Arab Emirates","Dubai, United Arab Emirates",different time,2020-2023 / 2005-2009,unverified,2026-06-07
COL02686,T055,T074,2,school,SCH008,International School Bangkok,different time,2018-2020 / 2011-2015,unverified,2026-06-07
COL02687,T055,T079,2,school,SCH001,American School of Dubai,different time,2020-2023 / 2014-2019,mutual,2026-06-07
COL02688,T055,T081,3,city,"Dubai, United Arab Emirates","Dubai, United Arab Emirates",same time,2020-2020,mutual,2026-06-07
COL02689,T055,T082,5,country,United Arab Emirates,United Arab Emirates,same time,2020-2022,unverified,2026-06-07
COL02690,T055,T084,1,school,SCH008,International School Bangkok,same time,2018-2020,unverified,2026-06-07
COL02691,T055,T087,4,city,"Dubai, United Arab Emirates","Dubai, United Arab Emirates",different time,2020-2023 / 2011-2016,unverified,2026-06-07
COL02692,T055,T088,3,city,"Bangkok, Thailand","Bangkok, Thailand",same time,2018-2019,unverified,2026-06-07
COL02693,T055,T089,6,country,United Arab Emirates,United Arab Emirates,different time,2020-2023 / 2016-2018,unverified,2026-06-07
COL02694,T055,T092,1,school,SCH008,International School Bangkok,same time,2019-2020,unverified,2026-06-07
COL02695,T055,T094,4,city,"Bangkok, Thailand","Bangkok, Thailand",different time,2018-2020 / 2021-2026,mutual,2026-06-07
COL02696,T055,T096,3,city,"Dubai, United Arab Emirates","Dubai, United Arab Emirates",same time,2020-2023,unverified,2026-06-07
COL02697,T055,T097,3,city,"Dubai, United Arab Emirates","Dubai, United Arab Emirates",same time,2021-2023,unverified,2026-06-07
COL02698,T055,T098,6,country,United Arab Emirates,United Arab Emirates,different time,2020-2023 / 2002-2006,unverified,2026-06-07
COL02699,T055,T100,3,city,"Bangkok, Thailand","Bangkok, Thailand",same time,2019-2020,unverified,2026-06-07
COL02700,T055,T104,3,city,"Dubai, United Arab Emirates","Dubai, United Arab Emirates",same time,2020-2022,one-sided,2026-06-07
COL02701,T055,T106,4,city,"Dubai, United Arab Emirates","Dubai, United Arab Emirates",different time,2020-2023 / 2014-2018,unverified,2026-06-07
COL02702,T055,T107,3,city,"Bangkok, Thailand","Bangkok, Thailand",same time,2018-2020,unverified,2026-06-07
COL02703,T055,T108,2,school,SCH008,International School Bangkok,different time,2018-2020 / 2012-2014,unverified,2026-06-07
COL02704,T055,T110,3,city,"Bangkok, Thailand","Bangkok, Thailand",same time,2018-2019,unverified,2026-06-07
COL02705,T055,T114,4,city,"Dubai, United Arab Emirates","Dubai, United Arab Emirates",different time,2020-2023 / 2004-2008,unverified,2026-06-07
COL02706,T055,T116,3,city,"Bangkok, Thailand","Bangkok, Thailand",same time,2018-2020,unverified,2026-06-07
COL02707,T055,T117,3,city,"Dubai, United Arab Emirates","Dubai, United Arab Emirates",same time,2020-2022,unverified,2026-06-07
COL02708,T055,T118,2,school,SCH001,American School of Dubai,different time,2020-2023 / 2014-2016,unverified,2026-06-07
COL02709,T055,T119,2,school,SCH008,International School Bangkok,different time,2018-2020 / 2022-2026,unverified,2026-06-07
COL02710,T055,T122,1,school,SCH001,American School of Dubai,same time,2021-2023,unverified,2026-06-07
COL02711,T055,T123,2,school,SCH008,International School Bangkok,different time,2018-2020 / 2004-2008,unverified,2026-06-07
COL02712,T055,T124,4,city,"Dubai, United Arab Emirates","Dubai, United Arab Emirates",different time,2020-2023 / 2013-2016,one-sided,2026-06-07
COL02713,T055,T126,6,country,United Arab Emirates,United Arab Emirates,different time,2020-2023 / 2013-2016,one-sided,2026-06-07
COL02714,T055,T129,3,city,"Bangkok, Thailand","Bangkok, Thailand",same time,2020-2020,unverified,2026-06-07
COL02715,T055,T131,3,city,"Bangkok, Thailand","Bangkok, Thailand",same time,2018-2020,unverified,2026-06-07
COL02716,T055,T135,4,city,"Bangkok, Thailand","Bangkok, Thailand",different time,2018-2020 / 2007-2010,mutual,2026-06-07
COL02717,T055,T137,2,school,SCH008,International School Bangkok,different time,2018-2020 / 2009-2012,mutual,2026-06-07
COL02718,T055,T138,4,city,"Bangkok, Thailand","Bangkok, Thailand",different time,2018-2020 / 2012-2017,one-sided,2026-06-07
COL02719,T055,T140,3,city,"Dubai, United Arab Emirates","Dubai, United Arab Emirates",same time,2020-2020,mutual,2026-06-07
COL02720,T055,T142,4,city,"Bangkok, Thailand","Bangkok, Thailand",different time,2018-2020 / 2009-2014,unverified,2026-06-07
COL02721,T055,T143,3,city,"Bangkok, Thailand","Bangkok, Thailand",same time,2018-2018,unverified,2026-06-07
COL02722,T055,T144,2,school,SCH001,American School of Dubai,different time,2020-2023 / 2024-2026,unverified,2026-06-07
COL02723,T056,T057,6,country,China,China,different time,2021-2025 / 2005-2009,unverified,2026-06-07
COL02724,T056,T058,4,city,"Dubai, United Arab Emirates","Dubai, United Arab Emirates",different time,2014-2018 / 2020-2022,unverified,2026-06-07
COL02725,T056,T059,3,city,"Dubai, United Arab Emirates","Dubai, United Arab Emirates",same time,2015-2018,one-sided,2026-06-07
COL02726,T056,T060,1,school,SCH018,International School of Beijing,same time,2021-2024,unverified,2026-06-07
COL02727,T056,T061,5,country,China,China,same time,2021-2022,unverified,2026-06-07
COL02728,T056,T063,6,country,United Arab Emirates,United Arab Emirates,different time,2014-2018 / 2021-2026,mutual,2026-06-07
COL02729,T056,T066,1,school,SCH018,International School of Beijing,same time,2022-2025,one-sided,2026-06-07
COL02730,T056,T067,5,country,China,China,same time,2021-2021,one-sided,2026-06-07
COL02731,T056,T068,5,country,United Arab Emirates,United Arab Emirates,same time,2016-2018,unverified,2026-06-07
COL02732,T056,T069,2,school,SCH018,International School of Beijing,different time,2021-2025 / 2009-2014,unverified,2026-06-07
COL02733,T056,T071,4,city,"Dubai, United Arab Emirates","Dubai, United Arab Emirates",different time,2014-2018 / 2010-2012,unverified,2026-06-07
COL02734,T056,T073,1,school,SCH010,Singapore American School,same time,2018-2020,mutual,2026-06-07
COL02735,T056,T076,2,school,SCH018,International School of Beijing,different time,2021-2025 / 2012-2016,unverified,2026-06-07
COL02736,T056,T078,5,country,China,China,same time,2021-2025,unverified,2026-06-07
COL02737,T056,T079,1,school,SCH001,American School of Dubai,same time,2014-2018,unverified,2026-06-07
COL02738,T056,T080,5,country,China,China,same time,2021-2023,unverified,2026-06-07
COL02739,T056,T081,3,city,"Dubai, United Arab Emirates","Dubai, United Arab Emirates",same time,2016-2018,unverified,2026-06-07
COL02740,T056,T082,5,country,United Arab Emirates,United Arab Emirates,same time,2018-2018,unverified,2026-06-07
COL02741,T056,T083,2,school,SCH010,Singapore American School,different time,2018-2020 / 2013-2015,unverified,2026-06-07
COL02742,T056,T084,6,country,United Arab Emirates,United Arab Emirates,different time,2014-2018 / 2008-2010,mutual,2026-06-07
COL02743,T056,T085,1,school,SCH010,Singapore American School,same time,2018-2020,one-sided,2026-06-07
COL02744,T056,T086,2,school,SCH018,International School of Beijing,different time,2021-2025 / 2017-2020,unverified,2026-06-07
COL02745,T056,T087,3,city,"Dubai, United Arab Emirates","Dubai, United Arab Emirates",same time,2014-2016,mutual,2026-06-07
COL02746,T056,T088,4,city,"Dubai, United Arab Emirates","Dubai, United Arab Emirates",different time,2014-2018 / 2020-2022,unverified,2026-06-07
COL02747,T056,T089,5,country,United Arab Emirates,United Arab Emirates,same time,2016-2018,mutual,2026-06-07
COL02748,T056,T090,5,country,China,China,same time,2021-2025,unverified,2026-06-07
COL02749,T056,T091,1,school,SCH018,International School of Beijing,same time,2021-2023,unverified,2026-06-07
COL02750,T056,T092,6,country,China,China,different time,2021-2025 / 2016-2018,unverified,2026-06-07
COL02751,T056,T093,1,school,SCH010,Singapore American School,same time,2018-2020,unverified,2026-06-07
COL02752,T056,T094,6,country,United Arab Emirates,United Arab Emirates,different time,2014-2018 / 2019-2021,unverified,2026-06-07
COL02753,T056,T095,5,country,China,China,same time,2021-2022,unverified,2026-06-07
COL02754,T056,T096,4,city,"Dubai, United Arab Emirates","Dubai, United Arab Emirates",different time,2014-2018 / 2019-2023,unverified,2026-06-07
COL02755,T056,T097,4,city,"Dubai, United Arab Emirates","Dubai, United Arab Emirates",different time,2014-2018 / 2021-2025,unverified,2026-06-07
COL02756,T056,T098,6,country,United Arab Emirates,United Arab Emirates,different time,2014-2018 / 2002-2006,unverified,2026-06-07
COL02757,T056,T100,3,city,"Dubai, United Arab Emirates","Dubai, United Arab Emirates",same time,2014-2018,unverified,2026-06-07
COL02758,T056,T101,5,country,China,China,same time,2021-2021,one-sided,2026-06-07
COL02759,T056,T103,4,city,"Singapore, Singapore","Singapore, Singapore",different time,2018-2020 / 2021-2023,unverified,2026-06-07
COL02760,T056,T104,3,city,"Dubai, United Arab Emirates","Dubai, United Arab Emirates",same time,2017-2018,one-sided,2026-06-07
COL02761,T056,T105,2,school,SCH018,International School of Beijing,different time,2021-2025 / 2009-2014,unverified,2026-06-07
COL02762,T056,T106,2,school,SCH010,Singapore American School,different time,2018-2020 / 2011-2013,unverified,2026-06-07
COL02763,T056,T107,3,city,"Singapore, Singapore","Singapore, Singapore",same time,2020-2020,unverified,2026-06-07
COL02764,T056,T108,6,country,China,China,different time,2021-2025 / 2016-2020,unverified,2026-06-07
COL02765,T056,T109,5,country,China,China,same time,2021-2021,unverified,2026-06-07
COL02766,T056,T112,3,city,"Singapore, Singapore","Singapore, Singapore",same time,2018-2018,unverified,2026-06-07
COL02767,T056,T114,4,city,"Dubai, United Arab Emirates","Dubai, United Arab Emirates",different time,2014-2018 / 2004-2008,unverified,2026-06-07
COL02768,T056,T115,6,country,China,China,different time,2021-2025 / 2015-2019,mutual,2026-06-07
COL02769,T056,T116,6,country,China,China,different time,2021-2025 / 2010-2012,unverified,2026-06-07
COL02770,T056,T117,3,city,"Dubai, United Arab Emirates","Dubai, United Arab Emirates",same time,2017-2018,mutual,2026-06-07
COL02771,T056,T118,1,school,SCH001,American School of Dubai,same time,2014-2016,unverified,2026-06-07
COL02772,T056,T120,5,country,China,China,same time,2021-2023,unverified,2026-06-07
COL02773,T056,T122,2,school,SCH001,American School of Dubai,different time,2014-2018 / 2021-2026,unverified,2026-06-07
COL02774,T056,T123,6,country,China,China,different time,2021-2025 / 2000-2004,one-sided,2026-06-07
COL02775,T056,T124,3,city,"Dubai, United Arab Emirates","Dubai, United Arab Emirates",same time,2014-2016,unverified,2026-06-07
COL02776,T056,T125,1,school,SCH010,Singapore American School,same time,2018-2020,unverified,2026-06-07
COL02777,T056,T126,5,country,United Arab Emirates,United Arab Emirates,same time,2014-2016,unverified,2026-06-07
COL02778,T056,T127,4,city,"Singapore, Singapore","Singapore, Singapore",different time,2018-2020 / 2021-2025,unverified,2026-06-07
COL02779,T056,T129,6,country,China,China,different time,2021-2025 / 2018-2020,unverified,2026-06-07
COL02780,T056,T131,6,country,China,China,different time,2021-2025 / 2010-2015,unverified,2026-06-07
COL02781,T056,T132,2,school,SCH010,Singapore American School,different time,2018-2020 / 2009-2011,one-sided,2026-06-07
COL02782,T056,T134,2,school,SCH018,International School of Beijing,different time,2021-2025 / 2018-2020,unverified,2026-06-07
COL02783,T056,T135,2,school,SCH010,Singapore American School,different time,2018-2020 / 2003-2007,unverified,2026-06-07
COL02784,T056,T137,6,country,China,China,different time,2021-2025 / 2006-2009,unverified,2026-06-07
COL02785,T056,T138,5,country,China,China,same time,2021-2021,unverified,2026-06-07
COL02786,T056,T139,5,country,China,China,same time,2021-2025,unverified,2026-06-07
COL02787,T056,T140,3,city,"Dubai, United Arab Emirates","Dubai, United Arab Emirates",same time,2017-2018,mutual,2026-06-07
COL02788,T056,T142,3,city,"Singapore, Singapore","Singapore, Singapore",same time,2019-2020,one-sided,2026-06-07
COL02789,T056,T143,6,country,China,China,different time,2021-2025 / 2007-2012,unverified,2026-06-07
COL02790,T056,T144,2,school,SCH001,American School of Dubai,different time,2014-2018 / 2024-2026,mutual,2026-06-07
COL02791,T056,T149,6,country,China,China,different time,2021-2025 / 2014-2018,one-sided,2026-06-07
COL02792,T057,T059,6,country,United States,United States,different time,2001-2004 / 2009-2011,unverified,2026-06-07
COL02793,T057,T060,1,school,SCH024,American School of Kuwait,same time,2015-2016,one-sided,2026-06-07
COL02794,T057,T061,6,country,China,China,different time,2005-2009 / 2017-2022,unverified,2026-06-07
COL02795,T057,T063,1,school,SCH031,International School of Kuala Lumpur,same time,2020-2020,mutual,2026-06-07
COL02796,T057,T064,2,school,SCH022,Graland Country Day School,different time,2001-2004 / 2021-2026,unverified,2026-06-07
COL02797,T057,T065,2,school,SCH022,Graland Country Day School,different time,2001-2004 / 2018-2020,unverified,2026-06-07
COL02798,T057,T066,6,country,China,China,different time,2005-2009 / 2022-2026,mutual,2026-06-07
COL02799,T057,T067,2,school,SCH016,Shanghai American School,different time,2005-2009 / 2017-2021,unverified,2026-06-07
COL02800,T057,T068,1,school,SCH024,American School of Kuwait,same time,2015-2016,unverified,2026-06-07
COL02801,T057,T069,2,school,SCH016,Shanghai American School,different time,2005-2009 / 2021-2026,unverified,2026-06-07
COL02802,T057,T070,2,school,SCH031,International School of Kuala Lumpur,different time,2020-2022 / 2016-2019,mutual,2026-06-07
COL02803,T057,T072,6,country,United States,United States,different time,2001-2004 / 2014-2016,one-sided,2026-06-07
COL02804,T057,T073,1,school,SCH016,Shanghai American School,same time,2009-2009,unverified,2026-06-07
COL02805,T057,T075,1,school,SCH031,International School of Kuala Lumpur,same time,2020-2022,unverified,2026-06-07
COL02806,T057,T076,5,country,China,China,same time,2012-2014,unverified,2026-06-07
COL02807,T057,T078,2,school,SCH016,Shanghai American School,different time,2005-2009 / 2021-2025,unverified,2026-06-07
COL02808,T057,T080,2,school,SCH016,Shanghai American School,different time,2005-2009 / 2021-2023,unverified,2026-06-07
COL02809,T057,T082,6,country,United States,United States,different time,2001-2004 / 2013-2017,mutual,2026-06-07
COL02810,T057,T086,6,country,China,China,different time,2005-2009 / 2017-2020,mutual,2026-06-07
COL02811,T057,T089,1,school,SCH024,American School of Kuwait,same time,2019-2019,mutual,2026-06-07
COL02812,T057,T090,6,country,China,China,different time,2005-2009 / 2020-2026,mutual,2026-06-07
COL02813,T057,T091,6,country,United States,United States,different time,2001-2004 / 2014-2018,unverified,2026-06-07
COL02814,T057,T092,4,city,"Denver, United States","Denver, United States",different time,2001-2004 / 2013-2015,one-sided,2026-06-07
COL02815,T057,T095,6,country,United States,United States,different time,2001-2004 / 2015-2017,unverified,2026-06-07
COL02816,T057,T099,1,school,SCH031,International School of Kuala Lumpur,same time,2020-2022,unverified,2026-06-07
COL02817,T057,T101,2,school,SCH017,Concordia International School Shanghai,different time,2009-2014 / 2016-2021,mutual,2026-06-07
COL02818,T057,T105,2,school,SCH031,International School of Kuala Lumpur,different time,2020-2022 / 2005-2008,one-sided,2026-06-07
COL02819,T057,T106,5,country,China,China,same time,2006-2009,mutual,2026-06-07
COL02820,T057,T107,4,city,"Denver, United States","Denver, United States",different time,2001-2004 / 2010-2015,unverified,2026-06-07
COL02821,T057,T108,2,school,SCH016,Shanghai American School,different time,2005-2009 / 2016-2020,unverified,2026-06-07
COL02822,T057,T109,2,school,SCH016,Shanghai American School,different time,2005-2009 / 2018-2021,mutual,2026-06-07
COL02823,T057,T111,4,city,"Denver, United States","Denver, United States",different time,2001-2004 / 2013-2018,mutual,2026-06-07
COL02824,T057,T112,2,school,SCH017,Concordia International School Shanghai,different time,2009-2014 / 2018-2022,unverified,2026-06-07
COL02825,T057,T114,2,school,SCH016,Shanghai American School,different time,2005-2009 / 2014-2018,unverified,2026-06-07
COL02826,T057,T115,2,school,SCH031,International School of Kuala Lumpur,different time,2020-2022 / 2010-2014,unverified,2026-06-07
COL02827,T057,T116,5,country,China,China,same time,2010-2012,unverified,2026-06-07
COL02828,T057,T117,5,country,China,China,same time,2013-2014,unverified,2026-06-07
COL02829,T057,T120,2,school,SCH016,Shanghai American School,different time,2005-2009 / 2019-2023,unverified,2026-06-07
COL02830,T057,T121,1,school,SCH031,International School of Kuala Lumpur,same time,2021-2022,mutual,2026-06-07
COL02831,T057,T122,1,school,SCH024,American School of Kuwait,same time,2018-2019,unverified,2026-06-07
COL02832,T057,T123,2,school,SCH017,Concordia International School Shanghai,different time,2009-2014 / 2000-2004,one-sided,2026-06-07
COL02833,T057,T125,6,country,China,China,different time,2005-2009 / 2020-2022,unverified,2026-06-07
COL02834,T057,T126,2,school,SCH022,Graland Country Day School,different time,2001-2004 / 2016-2021,unverified,2026-06-07
COL02835,T057,T128,4,city,"Denver, United States","Denver, United States",different time,2001-2004 / 2014-2018,mutual,2026-06-07
COL02836,T057,T129,6,country,China,China,different time,2005-2009 / 2018-2020,unverified,2026-06-07
COL02837,T057,T131,2,school,SCH016,Shanghai American School,different time,2005-2009 / 2010-2015,unverified,2026-06-07
COL02838,T057,T132,4,city,"Denver, United States","Denver, United States",different time,2001-2004 / 2011-2016,unverified,2026-06-07
COL02839,T057,T134,2,school,SCH022,Graland Country Day School,different time,2001-2004 / 2021-2026,mutual,2026-06-07
COL02840,T057,T137,1,school,SCH016,Shanghai American School,same time,2006-2009,unverified,2026-06-07
COL02841,T057,T138,6,country,China,China,different time,2005-2009 / 2017-2021,unverified,2026-06-07
COL02842,T057,T139,2,school,SCH016,Shanghai American School,different time,2005-2009 / 2021-2026,unverified,2026-06-07
COL02843,T057,T142,2,school,SCH017,Concordia International School Shanghai,different time,2009-2014 / 2015-2019,unverified,2026-06-07
COL02844,T057,T143,1,school,SCH017,Concordia International School Shanghai,same time,2009-2012,unverified,2026-06-07
COL02845,T057,T144,2,school,SCH017,Concordia International School Shanghai,different time,2009-2014 / 2021-2023,unverified,2026-06-07
COL02846,T057,T149,2,school,SCH016,Shanghai American School,different time,2005-2009 / 2014-2018,unverified,2026-06-07
COL02847,T058,T059,3,city,"Dubai, United Arab Emirates","Dubai, United Arab Emirates",same time,2020-2020,unverified,2026-06-07
COL02848,T058,T063,5,country,United Arab Emirates,United Arab Emirates,same time,2021-2022,mutual,2026-06-07
COL02849,T058,T064,2,school,SCH029,The American School in London,different time,2023-2026 / 2016-2021,unverified,2026-06-07
COL02850,T058,T066,1,school,SCH002,GEMS World Academy Dubai,same time,2020-2022,one-sided,2026-06-07
COL02851,T058,T067,5,country,United Arab Emirates,United Arab Emirates,same time,2022-2022,unverified,2026-06-07
COL02852,T058,T068,5,country,United Arab Emirates,United Arab Emirates,same time,2020-2021,one-sided,2026-06-07
COL02853,T058,T071,4,city,"Dubai, United Arab Emirates","Dubai, United Arab Emirates",different time,2020-2022 / 2010-2012,unverified,2026-06-07
COL02854,T058,T073,4,city,"Dubai, United Arab Emirates","Dubai, United Arab Emirates",different time,2020-2022 / 2005-2009,mutual,2026-06-07
COL02855,T058,T079,4,city,"Dubai, United Arab Emirates","Dubai, United Arab Emirates",different time,2020-2022 / 2014-2019,mutual,2026-06-07
COL02856,T058,T081,1,school,SCH002,GEMS World Academy Dubai,same time,2020-2020,one-sided,2026-06-07
COL02857,T058,T082,5,country,United Arab Emirates,United Arab Emirates,same time,2020-2022,unverified,2026-06-07
COL02858,T058,T084,2,school,SCH029,The American School in London,different time,2023-2026 / 2015-2017,unverified,2026-06-07
COL02859,T058,T087,2,school,SCH002,GEMS World Academy Dubai,different time,2020-2022 / 2011-2016,mutual,2026-06-07
COL02860,T058,T088,3,city,"Dubai, United Arab Emirates","Dubai, United Arab Emirates",same time,2020-2022,unverified,2026-06-07
COL02861,T058,T089,6,country,United Arab Emirates,United Arab Emirates,different time,2020-2022 / 2016-2018,unverified,2026-06-07
COL02862,T058,T094,5,country,United Arab Emirates,United Arab Emirates,same time,2020-2021,unverified,2026-06-07
COL02863,T058,T095,2,school,SCH029,The American School in London,different time,2023-2026 / 2011-2015,mutual,2026-06-07
COL02864,T058,T096,1,school,SCH002,GEMS World Academy Dubai,same time,2020-2022,unverified,2026-06-07
COL02865,T058,T097,3,city,"Dubai, United Arab Emirates","Dubai, United Arab Emirates",same time,2021-2022,unverified,2026-06-07
COL02866,T058,T098,6,country,United Arab Emirates,United Arab Emirates,different time,2020-2022 / 2002-2006,unverified,2026-06-07
COL02867,T058,T100,4,city,"Dubai, United Arab Emirates","Dubai, United Arab Emirates",different time,2020-2022 / 2014-2019,mutual,2026-06-07
COL02868,T058,T104,1,school,SCH002,GEMS World Academy Dubai,same time,2020-2022,unverified,2026-06-07
COL02869,T058,T106,4,city,"Dubai, United Arab Emirates","Dubai, United Arab Emirates",different time,2020-2022 / 2014-2018,mutual,2026-06-07
COL02870,T058,T114,4,city,"Dubai, United Arab Emirates","Dubai, United Arab Emirates",different time,2020-2022 / 2004-2008,mutual,2026-06-07
COL02871,T058,T117,3,city,"Dubai, United Arab Emirates","Dubai, United Arab Emirates",same time,2020-2022,unverified,2026-06-07
COL02872,T058,T118,2,school,SCH002,GEMS World Academy Dubai,different time,2020-2022 / 2011-2013,mutual,2026-06-07
COL02873,T058,T122,3,city,"Dubai, United Arab Emirates","Dubai, United Arab Emirates",same time,2021-2022,unverified,2026-06-07
COL02874,T058,T124,4,city,"Dubai, United Arab Emirates","Dubai, United Arab Emirates",different time,2020-2022 / 2013-2016,unverified,2026-06-07
COL02875,T058,T126,6,country,United Arab Emirates,United Arab Emirates,different time,2020-2022 / 2013-2016,one-sided,2026-06-07
COL02876,T058,T135,6,country,United Arab Emirates,United Arab Emirates,different time,2020-2022 / 2011-2016,mutual,2026-06-07
COL02877,T058,T140,1,school,SCH002,GEMS World Academy Dubai,same time,2020-2020,unverified,2026-06-07
COL02878,T058,T141,1,school,SCH029,The American School in London,same time,2023-2026,one-sided,2026-06-07
COL02879,T058,T144,3,city,"Dubai, United Arab Emirates","Dubai, United Arab Emirates",same time,2020-2020,mutual,2026-06-07
COL02880,T059,T063,6,country,United Arab Emirates,United Arab Emirates,different time,2015-2020 / 2021-2026,unverified,2026-06-07
COL02881,T059,T064,6,country,United States,United States,different time,2009-2011 / 2021-2026,mutual,2026-06-07
COL02882,T059,T065,2,school,SCH019,International Community School of Addis Ababa,different time,2021-2023 / 2013-2017,one-sided,2026-06-07
COL02883,T059,T066,3,city,"Dubai, United Arab Emirates","Dubai, United Arab Emirates",same time,2019-2020,unverified,2026-06-07
COL02884,T059,T067,6,country,United Arab Emirates,United Arab Emirates,different time,2015-2020 / 2022-2026,one-sided,2026-06-07
COL02885,T059,T068,5,country,United Arab Emirates,United Arab Emirates,same time,2016-2020,unverified,2026-06-07
COL02886,T059,T071,2,school,SCH012,Cairo American College,different time,2011-2014 / 2015-2018,mutual,2026-06-07
COL02887,T059,T072,2,school,SCH023,Washington International School,different time,2009-2011 / 2014-2016,unverified,2026-06-07
COL02888,T059,T073,2,school,SCH019,International Community School of Addis Ababa,different time,2021-2023 / 2013-2017,unverified,2026-06-07
COL02889,T059,T076,4,city,"Cairo, Egypt","Cairo, Egypt",different time,2011-2014 / 2017-2019,unverified,2026-06-07
COL02890,T059,T078,6,country,United States,United States,different time,2009-2011 / 2017-2020,mutual,2026-06-07
COL02891,T059,T079,3,city,"Dubai, United Arab Emirates","Dubai, United Arab Emirates",same time,2015-2019,unverified,2026-06-07
COL02892,T059,T081,3,city,"Dubai, United Arab Emirates","Dubai, United Arab Emirates",same time,2016-2020,unverified,2026-06-07
COL02893,T059,T082,2,school,SCH023,Washington International School,different time,2009-2011 / 2013-2017,one-sided,2026-06-07
COL02894,T059,T083,1,school,SCH012,Cairo American College,same time,2011-2012,mutual,2026-06-07
COL02895,T059,T084,6,country,United Arab Emirates,United Arab Emirates,different time,2015-2020 / 2008-2010,mutual,2026-06-07
COL02896,T059,T086,2,school,SCH012,Cairo American College,different time,2011-2014 / 2020-2023,mutual,2026-06-07
COL02897,T059,T087,3,city,"Dubai, United Arab Emirates","Dubai, United Arab Emirates",same time,2015-2016,unverified,2026-06-07
COL02898,T059,T088,3,city,"Dubai, United Arab Emirates","Dubai, United Arab Emirates",same time,2020-2020,unverified,2026-06-07
COL02899,T059,T089,5,country,United Arab Emirates,United Arab Emirates,same time,2016-2018,mutual,2026-06-07
COL02900,T059,T091,2,school,SCH023,Washington International School,different time,2009-2011 / 2014-2018,unverified,2026-06-07
COL02901,T059,T092,6,country,United States,United States,different time,2009-2011 / 2013-2015,one-sided,2026-06-07
COL02902,T059,T094,5,country,United Arab Emirates,United Arab Emirates,same time,2019-2020,unverified,2026-06-07
COL02903,T059,T095,2,school,SCH023,Washington International School,different time,2009-2011 / 2015-2017,unverified,2026-06-07
COL02904,T059,T096,3,city,"Dubai, United Arab Emirates","Dubai, United Arab Emirates",same time,2019-2020,one-sided,2026-06-07
COL02905,T059,T097,2,school,SCH004,Dubai American Academy,different time,2015-2020 / 2021-2025,unverified,2026-06-07
COL02906,T059,T098,2,school,SCH012,Cairo American College,different time,2011-2014 / 2015-2020,unverified,2026-06-07
COL02907,T059,T100,1,school,SCH012,Cairo American College,same time,2011-2011,unverified,2026-06-07
COL02908,T059,T104,3,city,"Dubai, United Arab Emirates","Dubai, United Arab Emirates",same time,2017-2020,unverified,2026-06-07
COL02909,T059,T105,2,school,SCH023,Washington International School,different time,2009-2011 / 2000-2003,unverified,2026-06-07
COL02910,T059,T106,3,city,"Dubai, United Arab Emirates","Dubai, United Arab Emirates",same time,2015-2018,mutual,2026-06-07
COL02911,T059,T107,5,country,United States,United States,same time,2010-2011,mutual,2026-06-07
COL02912,T059,T109,1,school,SCH012,Cairo American College,same time,2013-2014,unverified,2026-06-07
COL02913,T059,T111,6,country,United States,United States,different time,2009-2011 / 2013-2018,unverified,2026-06-07
COL02914,T059,T113,1,school,SCH019,International Community School of Addis Ababa,same time,2021-2023,unverified,2026-06-07
COL02915,T059,T114,2,school,SCH012,Cairo American College,different time,2011-2014 / 2008-2010,unverified,2026-06-07
COL02916,T059,T115,2,school,SCH012,Cairo American College,different time,2011-2014 / 2020-2026,unverified,2026-06-07
COL02917,T059,T117,1,school,SCH004,Dubai American Academy,same time,2017-2020,one-sided,2026-06-07
COL02918,T059,T118,3,city,"Dubai, United Arab Emirates","Dubai, United Arab Emirates",same time,2015-2016,unverified,2026-06-07
COL02919,T059,T121,2,school,SCH023,Washington International School,different time,2009-2011 / 2016-2021,unverified,2026-06-07
COL02920,T059,T122,4,city,"Dubai, United Arab Emirates","Dubai, United Arab Emirates",different time,2015-2020 / 2021-2026,unverified,2026-06-07
COL02921,T059,T123,2,school,SCH019,International Community School of Addis Ababa,different time,2021-2023 / 2008-2013,unverified,2026-06-07
COL02922,T059,T124,1,school,SCH004,Dubai American Academy,same time,2015-2016,one-sided,2026-06-07
COL02923,T059,T126,5,country,United Arab Emirates,United Arab Emirates,same time,2015-2016,unverified,2026-06-07
COL02924,T059,T127,2,school,SCH012,Cairo American College,different time,2011-2014 / 2019-2021,unverified,2026-06-07
COL02925,T059,T128,6,country,United States,United States,different time,2009-2011 / 2014-2018,mutual,2026-06-07
COL02926,T059,T131,2,school,SCH023,Washington International School,different time,2009-2011 / 2020-2023,unverified,2026-06-07
COL02927,T059,T132,4,city,"Cairo, Egypt","Cairo, Egypt",different time,2011-2014 / 2003-2008,unverified,2026-06-07
COL02928,T059,T134,6,country,United States,United States,different time,2009-2011 / 2021-2026,unverified,2026-06-07
COL02929,T059,T135,4,city,"Cairo, Egypt","Cairo, Egypt",different time,2011-2014 / 2016-2021,unverified,2026-06-07
COL02930,T059,T140,2,school,SCH012,Cairo American College,different time,2011-2014 / 2021-2026,mutual,2026-06-07
COL02931,T059,T144,1,school,SCH004,Dubai American Academy,same time,2017-2020,unverified,2026-06-07
COL02932,T059,T148,3,city,"Addis Ababa, Ethiopia","Addis Ababa, Ethiopia",same time,2021-2022,one-sided,2026-06-07
COL02933,T059,T150,2,school,SCH019,International Community School of Addis Ababa,different time,2021-2023 / 2015-2018,unverified,2026-06-07
COL02934,T060,T061,5,country,China,China,same time,2021-2022,unverified,2026-06-07
COL02935,T060,T066,1,school,SCH018,International School of Beijing,same time,2022-2024,unverified,2026-06-07
COL02936,T060,T067,5,country,China,China,same time,2021-2021,one-sided,2026-06-07
COL02937,T060,T068,1,school,SCH024,American School of Kuwait,same time,2012-2016,unverified,2026-06-07
COL02938,T060,T069,2,school,SCH018,International School of Beijing,different time,2021-2024 / 2009-2014,unverified,2026-06-07
COL02939,T060,T073,6,country,China,China,different time,2021-2024 / 2009-2013,unverified,2026-06-07
COL02940,T060,T076,2,school,SCH018,International School of Beijing,different time,2021-2024 / 2012-2016,unverified,2026-06-07
COL02941,T060,T078,5,country,China,China,same time,2021-2024,mutual,2026-06-07
COL02942,T060,T080,5,country,China,China,same time,2021-2023,unverified,2026-06-07
COL02943,T060,T086,2,school,SCH018,International School of Beijing,different time,2021-2024 / 2017-2020,unverified,2026-06-07
COL02944,T060,T089,2,school,SCH024,American School of Kuwait,different time,2012-2016 / 2019-2021,unverified,2026-06-07
COL02945,T060,T090,5,country,China,China,same time,2021-2024,unverified,2026-06-07
COL02946,T060,T091,1,school,SCH018,International School of Beijing,same time,2021-2023,unverified,2026-06-07
COL02947,T060,T092,6,country,China,China,different time,2021-2024 / 2016-2018,unverified,2026-06-07
COL02948,T060,T095,5,country,China,China,same time,2021-2022,one-sided,2026-06-07
COL02949,T060,T098,2,school,SCH033,American School of Doha,different time,2016-2021 / 2011-2014,unverified,2026-06-07
COL02950,T060,T101,5,country,China,China,same time,2021-2021,unverified,2026-06-07
COL02951,T060,T105,2,school,SCH018,International School of Beijing,different time,2021-2024 / 2009-2014,unverified,2026-06-07
COL02952,T060,T106,1,school,SCH033,American School of Doha,same time,2018-2021,unverified,2026-06-07
COL02953,T060,T108,6,country,China,China,different time,2021-2024 / 2016-2020,unverified,2026-06-07
COL02954,T060,T109,5,country,China,China,same time,2021-2021,unverified,2026-06-07
COL02955,T060,T112,5,country,China,China,same time,2021-2022,unverified,2026-06-07
COL02956,T060,T114,6,country,China,China,different time,2021-2024 / 2014-2018,unverified,2026-06-07
COL02957,T060,T115,6,country,China,China,different time,2021-2024 / 2015-2019,mutual,2026-06-07
COL02958,T060,T116,6,country,China,China,different time,2021-2024 / 2010-2012,unverified,2026-06-07
COL02959,T060,T117,6,country,China,China,different time,2021-2024 / 2013-2017,unverified,2026-06-07
COL02960,T060,T120,5,country,China,China,same time,2021-2023,mutual,2026-06-07
COL02961,T060,T121,2,school,SCH033,American School of Doha,different time,2016-2021 / 2005-2010,unverified,2026-06-07
COL02962,T060,T122,2,school,SCH024,American School of Kuwait,different time,2012-2016 / 2018-2020,unverified,2026-06-07
COL02963,T060,T123,6,country,China,China,different time,2021-2024 / 2000-2004,one-sided,2026-06-07
COL02964,T060,T125,1,school,SCH018,International School of Beijing,same time,2021-2022,unverified,2026-06-07
COL02965,T060,T129,6,country,China,China,different time,2021-2024 / 2018-2020,mutual,2026-06-07
COL02966,T060,T131,6,country,China,China,different time,2021-2024 / 2010-2015,unverified,2026-06-07
COL02967,T060,T134,2,school,SCH018,International School of Beijing,different time,2021-2024 / 2018-2020,unverified,2026-06-07
COL02968,T060,T137,6,country,China,China,different time,2021-2024 / 2006-2009,unverified,2026-06-07
COL02969,T060,T138,5,country,China,China,same time,2021-2021,one-sided,2026-06-07
COL02970,T060,T139,5,country,China,China,same time,2021-2024,unverified,2026-06-07
COL02971,T060,T142,6,country,China,China,different time,2021-2024 / 2015-2019,unverified,2026-06-07
COL02972,T060,T143,6,country,China,China,different time,2021-2024 / 2007-2012,unverified,2026-06-07
COL02973,T060,T144,5,country,China,China,same time,2021-2023,mutual,2026-06-07
COL02974,T060,T149,6,country,China,China,different time,2021-2024 / 2014-2018,unverified,2026-06-07
COL02975,T061,T062,1,school,SCH008,International School Bangkok,same time,2016-2017,mutual,2026-06-07
COL02976,T061,T066,5,country,China,China,same time,2022-2022,one-sided,2026-06-07
COL02977,T061,T067,5,country,China,China,same time,2017-2021,one-sided,2026-06-07
COL02978,T061,T069,5,country,China,China,same time,2021-2022,mutual,2026-06-07
COL02979,T061,T071,1,school,SCH008,International School Bangkok,same time,2014-2015,mutual,2026-06-07
COL02980,T061,T072,1,school,SCH008,International School Bangkok,same time,2014-2014,unverified,2026-06-07
COL02981,T061,T073,6,country,China,China,different time,2017-2022 / 2009-2013,mutual,2026-06-07
COL02982,T061,T074,1,school,SCH008,International School Bangkok,same time,2014-2015,unverified,2026-06-07
COL02983,T061,T076,1,school,SCH025,American School of Bombay,same time,2009-2011,one-sided,2026-06-07
COL02984,T061,T078,5,country,China,China,same time,2021-2022,unverified,2026-06-07
COL02985,T061,T080,5,country,China,China,same time,2021-2022,one-sided,2026-06-07
COL02986,T061,T081,3,city,"Bangkok, Thailand","Bangkok, Thailand",same time,2014-2015,mutual,2026-06-07
COL02987,T061,T083,2,school,SCH025,American School of Bombay,different time,2009-2013 / 2021-2026,unverified,2026-06-07
COL02988,T061,T084,2,school,SCH008,International School Bangkok,different time,2014-2017 / 2018-2023,unverified,2026-06-07
COL02989,T061,T086,5,country,China,China,same time,2017-2020,unverified,2026-06-07
COL02990,T061,T087,5,country,India,India,same time,2009-2010,unverified,2026-06-07
COL02991,T061,T088,3,city,"Bangkok, Thailand","Bangkok, Thailand",same time,2016-2017,unverified,2026-06-07
COL02992,T061,T090,2,school,SCH025,American School of Bombay,different time,2009-2013 / 2018-2020,mutual,2026-06-07
COL02993,T061,T091,2,school,SCH025,American School of Bombay,different time,2009-2013 / 2019-2021,unverified,2026-06-07
COL02994,T061,T092,2,school,SCH008,International School Bangkok,different time,2014-2017 / 2019-2023,unverified,2026-06-07
COL02995,T061,T094,4,city,"Bangkok, Thailand","Bangkok, Thailand",different time,2014-2017 / 2021-2026,unverified,2026-06-07
COL02996,T061,T095,1,school,SCH014,Hong Kong International School,same time,2017-2022,unverified,2026-06-07
COL02997,T061,T099,2,school,SCH025,American School of Bombay,different time,2009-2013 / 2015-2019,mutual,2026-06-07
COL02998,T061,T100,4,city,"Bangkok, Thailand","Bangkok, Thailand",different time,2014-2017 / 2019-2022,unverified,2026-06-07
COL02999,T061,T101,5,country,China,China,same time,2017-2021,unverified,2026-06-07
COL03000,T061,T105,6,country,China,China,different time,2017-2022 / 2009-2014,unverified,2026-06-07
COL03001,T061,T106,6,country,China,China,different time,2017-2022 / 2006-2010,unverified,2026-06-07
COL03002,T061,T107,3,city,"Bangkok, Thailand","Bangkok, Thailand",same time,2016-2017,unverified,2026-06-07
COL03003,T061,T108,1,school,SCH008,International School Bangkok,same time,2014-2014,unverified,2026-06-07
COL03004,T061,T109,5,country,China,China,same time,2018-2021,mutual,2026-06-07
COL03005,T061,T110,3,city,"Bangkok, Thailand","Bangkok, Thailand",same time,2017-2017,unverified,2026-06-07
COL03006,T061,T112,5,country,China,China,same time,2018-2022,unverified,2026-06-07
COL03007,T061,T114,5,country,China,China,same time,2017-2018,one-sided,2026-06-07
COL03008,T061,T115,3,city,"Hong Kong, China","Hong Kong, China",same time,2017-2019,unverified,2026-06-07
COL03009,T061,T116,2,school,SCH014,Hong Kong International School,different time,2017-2022 / 2010-2012,unverified,2026-06-07
COL03010,T061,T117,3,city,"Hong Kong, China","Hong Kong, China",same time,2017-2017,unverified,2026-06-07
COL03011,T061,T119,2,school,SCH008,International School Bangkok,different time,2014-2017 / 2022-2026,unverified,2026-06-07
COL03012,T061,T120,5,country,China,China,same time,2019-2022,unverified,2026-06-07
COL03013,T061,T123,2,school,SCH008,International School Bangkok,different time,2014-2017 / 2004-2008,unverified,2026-06-07
COL03014,T061,T125,5,country,China,China,same time,2020-2022,unverified,2026-06-07
COL03015,T061,T129,3,city,"Hong Kong, China","Hong Kong, China",same time,2018-2020,one-sided,2026-06-07
COL03016,T061,T131,1,school,SCH025,American School of Bombay,same time,2009-2009,one-sided,2026-06-07
COL03017,T061,T134,5,country,China,China,same time,2018-2020,unverified,2026-06-07
COL03018,T061,T135,4,city,"Bangkok, Thailand","Bangkok, Thailand",different time,2014-2017 / 2007-2010,unverified,2026-06-07
COL03019,T061,T137,2,school,SCH008,International School Bangkok,different time,2014-2017 / 2009-2012,unverified,2026-06-07
COL03020,T061,T138,1,school,SCH014,Hong Kong International School,same time,2017-2021,unverified,2026-06-07
COL03021,T061,T139,5,country,China,China,same time,2021-2022,unverified,2026-06-07
COL03022,T061,T142,3,city,"Bangkok, Thailand","Bangkok, Thailand",same time,2014-2014,one-sided,2026-06-07
COL03023,T061,T143,3,city,"Bangkok, Thailand","Bangkok, Thailand",same time,2014-2017,unverified,2026-06-07
COL03024,T061,T144,5,country,China,China,same time,2021-2022,mutual,2026-06-07
COL03025,T061,T145,1,school,SCH025,American School of Bombay,same time,2011-2013,unverified,2026-06-07
COL03026,T061,T148,1,school,SCH025,American School of Bombay,same time,2009-2013,unverified,2026-06-07
COL03027,T061,T149,5,country,China,China,same time,2017-2018,unverified,2026-06-07
COL03028,T061,T150,1,school,SCH025,American School of Bombay,same time,2013-2013,unverified,2026-06-07
COL03029,T062,T069,1,school,SCH037,Lincoln Community School Accra,same time,2015-2016,mutual,2026-06-07
COL03030,T062,T071,2,school,SCH008,International School Bangkok,different time,2016-2021 / 2012-2015,unverified,2026-06-07
COL03031,T062,T072,2,school,SCH008,International School Bangkok,different time,2016-2021 / 2010-2014,unverified,2026-06-07
COL03032,T062,T074,2,school,SCH008,International School Bangkok,different time,2016-2021 / 2011-2015,unverified,2026-06-07
COL03033,T062,T077,2,school,SCH035,Graded - The American School of Sao Paulo,different time,2008-2011 / 2015-2020,unverified,2026-06-07
COL03034,T062,T081,4,city,"Bangkok, Thailand","Bangkok, Thailand",different time,2016-2021 / 2011-2015,unverified,2026-06-07
COL03035,T062,T084,1,school,SCH008,International School Bangkok,same time,2018-2021,one-sided,2026-06-07
COL03036,T062,T087,2,school,SCH037,Lincoln Community School Accra,different time,2012-2016 / 2022-2025,mutual,2026-06-07
COL03037,T062,T088,3,city,"Bangkok, Thailand","Bangkok, Thailand",same time,2016-2019,unverified,2026-06-07
COL03038,T062,T092,1,school,SCH037,Lincoln Community School Accra,same time,2012-2012,unverified,2026-06-07
COL03039,T062,T093,1,school,SCH037,Lincoln Community School Accra,same time,2015-2016,unverified,2026-06-07
COL03040,T062,T094,3,city,"Bangkok, Thailand","Bangkok, Thailand",same time,2021-2021,unverified,2026-06-07
COL03041,T062,T100,3,city,"Bangkok, Thailand","Bangkok, Thailand",same time,2019-2021,one-sided,2026-06-07
COL03042,T062,T107,3,city,"Bangkok, Thailand","Bangkok, Thailand",same time,2016-2020,mutual,2026-06-07
COL03043,T062,T108,2,school,SCH008,International School Bangkok,different time,2016-2021 / 2012-2014,unverified,2026-06-07
COL03044,T062,T110,3,city,"Bangkok, Thailand","Bangkok, Thailand",same time,2017-2019,mutual,2026-06-07
COL03045,T062,T116,3,city,"Bangkok, Thailand","Bangkok, Thailand",same time,2017-2020,unverified,2026-06-07
COL03046,T062,T119,2,school,SCH008,International School Bangkok,different time,2016-2021 / 2022-2026,mutual,2026-06-07
COL03047,T062,T123,2,school,SCH008,International School Bangkok,different time,2016-2021 / 2004-2008,mutual,2026-06-07
COL03048,T062,T127,1,school,SCH037,Lincoln Community School Accra,same time,2012-2012,unverified,2026-06-07
COL03049,T062,T129,3,city,"Bangkok, Thailand","Bangkok, Thailand",same time,2020-2021,mutual,2026-06-07
COL03050,T062,T131,3,city,"Bangkok, Thailand","Bangkok, Thailand",same time,2016-2020,unverified,2026-06-07
COL03051,T062,T135,4,city,"Bangkok, Thailand","Bangkok, Thailand",different time,2016-2021 / 2007-2010,unverified,2026-06-07
COL03052,T062,T136,2,school,SCH035,Graded - The American School of Sao Paulo,different time,2008-2011 / 2021-2024,mutual,2026-06-07
COL03053,T062,T137,2,school,SCH008,International School Bangkok,different time,2016-2021 / 2009-2012,unverified,2026-06-07
COL03054,T062,T138,3,city,"Bangkok, Thailand","Bangkok, Thailand",same time,2016-2017,mutual,2026-06-07
COL03055,T062,T142,4,city,"Bangkok, Thailand","Bangkok, Thailand",different time,2016-2021 / 2009-2014,unverified,2026-06-07
COL03056,T062,T143,3,city,"Bangkok, Thailand","Bangkok, Thailand",same time,2016-2018,unverified,2026-06-07
COL03057,T063,T065,2,school,SCH031,International School of Kuala Lumpur,different time,2015-2020 / 2010-2012,unverified,2026-06-07
COL03058,T063,T066,5,country,United Arab Emirates,United Arab Emirates,same time,2021-2022,unverified,2026-06-07
COL03059,T063,T067,3,city,"Abu Dhabi, United Arab Emirates","Abu Dhabi, United Arab Emirates",same time,2022-2026,unverified,2026-06-07
COL03060,T063,T068,1,school,SCH005,The British School Al Khubairat,same time,2021-2021,unverified,2026-06-07
COL03061,T063,T070,1,school,SCH031,International School of Kuala Lumpur,same time,2016-2019,mutual,2026-06-07
COL03062,T063,T071,6,country,United Arab Emirates,United Arab Emirates,different time,2021-2026 / 2010-2012,unverified,2026-06-07
COL03063,T063,T073,6,country,United Arab Emirates,United Arab Emirates,different time,2021-2026 / 2005-2009,unverified,2026-06-07
COL03064,T063,T075,1,school,SCH031,International School of Kuala Lumpur,same time,2018-2020,mutual,2026-06-07
COL03065,T063,T079,1,school,SCH005,The British School Al Khubairat,same time,2021-2026,unverified,2026-06-07
COL03066,T063,T081,6,country,United Arab Emirates,United Arab Emirates,different time,2021-2026 / 2016-2020,unverified,2026-06-07
COL03067,T063,T082,1,school,SCH005,The British School Al Khubairat,same time,2021-2022,unverified,2026-06-07
COL03068,T063,T084,2,school,SCH005,The British School Al Khubairat,different time,2021-2026 / 2008-2010,mutual,2026-06-07
COL03069,T063,T087,3,city,"Abu Dhabi, United Arab Emirates","Abu Dhabi, United Arab Emirates",same time,2021-2021,unverified,2026-06-07
COL03070,T063,T088,5,country,United Arab Emirates,United Arab Emirates,same time,2021-2022,unverified,2026-06-07
COL03071,T063,T089,2,school,SCH005,The British School Al Khubairat,different time,2021-2026 / 2016-2018,unverified,2026-06-07
COL03072,T063,T094,1,school,SCH005,The British School Al Khubairat,same time,2021-2021,unverified,2026-06-07
COL03073,T063,T096,5,country,United Arab Emirates,United Arab Emirates,same time,2021-2023,unverified,2026-06-07
COL03074,T063,T097,5,country,United Arab Emirates,United Arab Emirates,same time,2021-2025,unverified,2026-06-07
COL03075,T063,T098,2,school,SCH005,The British School Al Khubairat,different time,2021-2026 / 2002-2006,unverified,2026-06-07
COL03076,T063,T099,1,school,SCH031,International School of Kuala Lumpur,same time,2020-2020,unverified,2026-06-07
COL03077,T063,T100,6,country,United Arab Emirates,United Arab Emirates,different time,2021-2026 / 2014-2019,unverified,2026-06-07
COL03078,T063,T104,5,country,United Arab Emirates,United Arab Emirates,same time,2021-2022,mutual,2026-06-07
COL03079,T063,T105,2,school,SCH031,International School of Kuala Lumpur,different time,2015-2020 / 2005-2008,unverified,2026-06-07
COL03080,T063,T106,6,country,United Arab Emirates,United Arab Emirates,different time,2021-2026 / 2014-2018,one-sided,2026-06-07
COL03081,T063,T114,6,country,United Arab Emirates,United Arab Emirates,different time,2021-2026 / 2004-2008,unverified,2026-06-07
COL03082,T063,T115,2,school,SCH031,International School of Kuala Lumpur,different time,2015-2020 / 2010-2014,unverified,2026-06-07
COL03083,T063,T117,5,country,United Arab Emirates,United Arab Emirates,same time,2021-2022,unverified,2026-06-07
COL03084,T063,T118,5,country,United Arab Emirates,United Arab Emirates,same time,2021-2022,one-sided,2026-06-07
COL03085,T063,T121,2,school,SCH031,International School of Kuala Lumpur,different time,2015-2020 / 2021-2026,unverified,2026-06-07
COL03086,T063,T122,5,country,United Arab Emirates,United Arab Emirates,same time,2021-2026,unverified,2026-06-07
COL03087,T063,T124,6,country,United Arab Emirates,United Arab Emirates,different time,2021-2026 / 2013-2016,mutual,2026-06-07
COL03088,T063,T126,2,school,SCH005,The British School Al Khubairat,different time,2021-2026 / 2013-2016,one-sided,2026-06-07
COL03089,T063,T135,2,school,SCH005,The British School Al Khubairat,different time,2021-2026 / 2011-2016,unverified,2026-06-07
COL03090,T063,T140,6,country,United Arab Emirates,United Arab Emirates,different time,2021-2026 / 2017-2020,unverified,2026-06-07
COL03091,T063,T143,1,school,SCH031,International School of Kuala Lumpur,same time,2018-2020,unverified,2026-06-07
COL03092,T063,T144,5,country,United Arab Emirates,United Arab Emirates,same time,2024-2026,unverified,2026-06-07
COL03093,T064,T065,2,school,SCH022,Graland Country Day School,different time,2021-2026 / 2018-2020,unverified,2026-06-07
COL03094,T064,T072,6,country,United States,United States,different time,2021-2026 / 2014-2016,unverified,2026-06-07
COL03095,T064,T078,4,city,"Denver, United States","Denver, United States",different time,2021-2026 / 2017-2020,one-sided,2026-06-07
COL03096,T064,T082,6,country,United States,United States,different time,2021-2026 / 2013-2017,unverified,2026-06-07
COL03097,T064,T084,1,school,SCH029,The American School in London,same time,2016-2017,unverified,2026-06-07
COL03098,T064,T091,6,country,United States,United States,different time,2021-2026 / 2014-2018,one-sided,2026-06-07
COL03099,T064,T092,4,city,"Denver, United States","Denver, United States",different time,2021-2026 / 2013-2015,one-sided,2026-06-07
COL03100,T064,T095,2,school,SCH029,The American School in London,different time,2016-2021 / 2011-2015,unverified,2026-06-07
COL03101,T064,T105,6,country,United States,United States,different time,2021-2026 / 2000-2003,unverified,2026-06-07
COL03102,T064,T107,4,city,"Denver, United States","Denver, United States",different time,2021-2026 / 2010-2015,mutual,2026-06-07
COL03103,T064,T111,4,city,"Denver, United States","Denver, United States",different time,2021-2026 / 2013-2018,unverified,2026-06-07
COL03104,T064,T121,5,country,United States,United States,same time,2021-2021,one-sided,2026-06-07
COL03105,T064,T122,4,city,"Denver, United States","Denver, United States",different time,2021-2026 / 2012-2017,unverified,2026-06-07
COL03106,T064,T126,1,school,SCH022,Graland Country Day School,same time,2021-2021,unverified,2026-06-07
COL03107,T064,T128,4,city,"Denver, United States","Denver, United States",different time,2021-2026 / 2014-2018,mutual,2026-06-07
COL03108,T064,T131,5,country,United States,United States,same time,2021-2023,unverified,2026-06-07
COL03109,T064,T132,4,city,"Denver, United States","Denver, United States",different time,2021-2026 / 2011-2016,unverified,2026-06-07
COL03110,T064,T134,1,school,SCH022,Graland Country Day School,same time,2021-2026,one-sided,2026-06-07
COL03111,T064,T141,2,school,SCH029,The American School in London,different time,2016-2021 / 2022-2026,unverified,2026-06-07
COL03112,T065,T070,2,school,SCH031,International School of Kuala Lumpur,different time,2010-2012 / 2016-2019,unverified,2026-06-07
COL03113,T065,T072,6,country,United States,United States,different time,2018-2020 / 2014-2016,unverified,2026-06-07
COL03114,T065,T073,1,school,SCH019,International Community School of Addis Ababa,same time,2013-2017,unverified,2026-06-07
COL03115,T065,T075,2,school,SCH031,International School of Kuala Lumpur,different time,2010-2012 / 2018-2022,unverified,2026-06-07
COL03116,T065,T078,3,city,"Denver, United States","Denver, United States",same time,2018-2020,unverified,2026-06-07
COL03117,T065,T082,6,country,United States,United States,different time,2018-2020 / 2013-2017,one-sided,2026-06-07
COL03118,T065,T083,3,city,"Addis Ababa, Ethiopia","Addis Ababa, Ethiopia",same time,2016-2017,unverified,2026-06-07
COL03119,T065,T091,5,country,United States,United States,same time,2018-2018,mutual,2026-06-07
COL03120,T065,T092,4,city,"Denver, United States","Denver, United States",different time,2018-2020 / 2013-2015,unverified,2026-06-07
COL03121,T065,T095,2,school,SCH027,International School of Kenya,different time,2020-2022 / 2007-2011,unverified,2026-06-07
COL03122,T065,T098,4,city,"Addis Ababa, Ethiopia","Addis Ababa, Ethiopia",different time,2013-2017 / 2020-2022,one-sided,2026-06-07
COL03123,T065,T099,2,school,SCH031,International School of Kuala Lumpur,different time,2010-2012 / 2020-2022,one-sided,2026-06-07
COL03124,T065,T100,1,school,SCH019,International Community School of Addis Ababa,same time,2013-2014,mutual,2026-06-07
COL03125,T065,T105,2,school,SCH031,International School of Kuala Lumpur,different time,2010-2012 / 2005-2008,unverified,2026-06-07
COL03126,T065,T107,4,city,"Denver, United States","Denver, United States",different time,2018-2020 / 2010-2015,unverified,2026-06-07
COL03127,T065,T109,3,city,"Addis Ababa, Ethiopia","Addis Ababa, Ethiopia",same time,2015-2017,unverified,2026-06-07
COL03128,T065,T111,3,city,"Denver, United States","Denver, United States",same time,2018-2018,unverified,2026-06-07
COL03129,T065,T113,2,school,SCH019,International Community School of Addis Ababa,different time,2013-2017 / 2021-2025,unverified,2026-06-07
COL03130,T065,T115,1,school,SCH031,International School of Kuala Lumpur,same time,2010-2012,unverified,2026-06-07
COL03131,T065,T121,2,school,SCH031,International School of Kuala Lumpur,different time,2010-2012 / 2021-2026,unverified,2026-06-07
COL03132,T065,T122,4,city,"Addis Ababa, Ethiopia","Addis Ababa, Ethiopia",different time,2013-2017 / 2006-2011,mutual,2026-06-07
COL03133,T065,T123,1,school,SCH019,International Community School of Addis Ababa,same time,2013-2013,unverified,2026-06-07
COL03134,T065,T126,1,school,SCH022,Graland Country Day School,same time,2018-2020,mutual,2026-06-07
COL03135,T065,T127,3,city,"Addis Ababa, Ethiopia","Addis Ababa, Ethiopia",same time,2013-2017,unverified,2026-06-07
COL03136,T065,T128,3,city,"Denver, United States","Denver, United States",same time,2018-2018,unverified,2026-06-07
COL03137,T065,T131,5,country,United States,United States,same time,2020-2020,unverified,2026-06-07
COL03138,T065,T132,4,city,"Denver, United States","Denver, United States",different time,2018-2020 / 2011-2016,unverified,2026-06-07
COL03139,T065,T133,1,school,SCH027,International School of Kenya,same time,2020-2022,unverified,2026-06-07
COL03140,T065,T134,2,school,SCH022,Graland Country Day School,different time,2018-2020 / 2021-2026,unverified,2026-06-07
COL03141,T065,T137,2,school,SCH027,International School of Kenya,different time,2020-2022 / 2013-2018,unverified,2026-06-07
COL03142,T065,T143,2,school,SCH031,International School of Kuala Lumpur,different time,2010-2012 / 2018-2022,unverified,2026-06-07
COL03143,T065,T147,1,school,SCH027,International School of Kenya,same time,2020-2022,mutual,2026-06-07
COL03144,T065,T148,3,city,"Addis Ababa, Ethiopia","Addis Ababa, Ethiopia",same time,2017-2017,unverified,2026-06-07
COL03145,T065,T150,1,school,SCH019,International Community School of Addis Ababa,same time,2015-2017,one-sided,2026-06-07
COL03146,T066,T067,5,country,United Arab Emirates,United Arab Emirates,same time,2022-2022,unverified,2026-06-07
COL03147,T066,T068,5,country,United Arab Emirates,United Arab Emirates,same time,2019-2021,mutual,2026-06-07
COL03148,T066,T069,2,school,SCH018,International School of Beijing,different time,2022-2026 / 2009-2014,mutual,2026-06-07
COL03149,T066,T071,4,city,"Dubai, United Arab Emirates","Dubai, United Arab Emirates",different time,2019-2022 / 2010-2012,unverified,2026-06-07
COL03150,T066,T073,4,city,"Dubai, United Arab Emirates","Dubai, United Arab Emirates",different time,2019-2022 / 2005-2009,unverified,2026-06-07
COL03151,T066,T076,2,school,SCH018,International School of Beijing,different time,2022-2026 / 2012-2016,one-sided,2026-06-07
COL03152,T066,T078,5,country,China,China,same time,2022-2025,unverified,2026-06-07
COL03153,T066,T079,3,city,"Dubai, United Arab Emirates","Dubai, United Arab Emirates",same time,2019-2019,one-sided,2026-06-07
COL03154,T066,T080,5,country,China,China,same time,2022-2023,mutual,2026-06-07
COL03155,T066,T081,1,school,SCH002,GEMS World Academy Dubai,same time,2019-2020,unverified,2026-06-07
COL03156,T066,T082,5,country,United Arab Emirates,United Arab Emirates,same time,2019-2022,mutual,2026-06-07
COL03157,T066,T084,6,country,United Arab Emirates,United Arab Emirates,different time,2019-2022 / 2008-2010,unverified,2026-06-07
COL03158,T066,T086,2,school,SCH018,International School of Beijing,different time,2022-2026 / 2017-2020,unverified,2026-06-07
COL03159,T066,T087,2,school,SCH002,GEMS World Academy Dubai,different time,2019-2022 / 2011-2016,unverified,2026-06-07
COL03160,T066,T088,3,city,"Dubai, United Arab Emirates","Dubai, United Arab Emirates",same time,2020-2022,unverified,2026-06-07
COL03161,T066,T089,6,country,United Arab Emirates,United Arab Emirates,different time,2019-2022 / 2016-2018,unverified,2026-06-07
COL03162,T066,T090,5,country,China,China,same time,2022-2026,mutual,2026-06-07
COL03163,T066,T091,1,school,SCH018,International School of Beijing,same time,2022-2023,unverified,2026-06-07
COL03164,T066,T092,6,country,China,China,different time,2022-2026 / 2016-2018,one-sided,2026-06-07
COL03165,T066,T094,5,country,United Arab Emirates,United Arab Emirates,same time,2019-2021,one-sided,2026-06-07
COL03166,T066,T095,5,country,China,China,same time,2022-2022,unverified,2026-06-07
COL03167,T066,T096,1,school,SCH002,GEMS World Academy Dubai,same time,2019-2022,unverified,2026-06-07
COL03168,T066,T097,3,city,"Dubai, United Arab Emirates","Dubai, United Arab Emirates",same time,2021-2022,mutual,2026-06-07
COL03169,T066,T098,6,country,United Arab Emirates,United Arab Emirates,different time,2019-2022 / 2002-2006,unverified,2026-06-07
COL03170,T066,T100,3,city,"Dubai, United Arab Emirates","Dubai, United Arab Emirates",same time,2019-2019,unverified,2026-06-07
COL03171,T066,T101,6,country,China,China,different time,2022-2026 / 2016-2021,unverified,2026-06-07
COL03172,T066,T104,1,school,SCH002,GEMS World Academy Dubai,same time,2019-2022,unverified,2026-06-07
COL03173,T066,T105,2,school,SCH018,International School of Beijing,different time,2022-2026 / 2009-2014,unverified,2026-06-07
COL03174,T066,T106,2,school,SCH018,International School of Beijing,different time,2022-2026 / 2006-2010,mutual,2026-06-07
COL03175,T066,T108,6,country,China,China,different time,2022-2026 / 2016-2020,one-sided,2026-06-07
COL03176,T066,T109,6,country,China,China,different time,2022-2026 / 2018-2021,unverified,2026-06-07
COL03177,T066,T112,5,country,China,China,same time,2022-2022,unverified,2026-06-07
COL03178,T066,T114,4,city,"Dubai, United Arab Emirates","Dubai, United Arab Emirates",different time,2019-2022 / 2004-2008,unverified,2026-06-07
COL03179,T066,T115,6,country,China,China,different time,2022-2026 / 2015-2019,unverified,2026-06-07
COL03180,T066,T116,6,country,China,China,different time,2022-2026 / 2010-2012,one-sided,2026-06-07
COL03181,T066,T117,3,city,"Dubai, United Arab Emirates","Dubai, United Arab Emirates",same time,2019-2022,unverified,2026-06-07
COL03182,T066,T118,2,school,SCH002,GEMS World Academy Dubai,different time,2019-2022 / 2011-2013,mutual,2026-06-07
COL03183,T066,T120,5,country,China,China,same time,2022-2023,unverified,2026-06-07
COL03184,T066,T122,3,city,"Dubai, United Arab Emirates","Dubai, United Arab Emirates",same time,2021-2022,unverified,2026-06-07
COL03185,T066,T123,6,country,China,China,different time,2022-2026 / 2000-2004,unverified,2026-06-07
COL03186,T066,T124,4,city,"Dubai, United Arab Emirates","Dubai, United Arab Emirates",different time,2019-2022 / 2013-2016,mutual,2026-06-07
COL03187,T066,T125,1,school,SCH018,International School of Beijing,same time,2022-2022,mutual,2026-06-07
COL03188,T066,T126,6,country,United Arab Emirates,United Arab Emirates,different time,2019-2022 / 2013-2016,unverified,2026-06-07
COL03189,T066,T129,6,country,China,China,different time,2022-2026 / 2018-2020,unverified,2026-06-07
COL03190,T066,T131,6,country,China,China,different time,2022-2026 / 2010-2015,unverified,2026-06-07
COL03191,T066,T134,2,school,SCH018,International School of Beijing,different time,2022-2026 / 2018-2020,mutual,2026-06-07
COL03192,T066,T135,6,country,United Arab Emirates,United Arab Emirates,different time,2019-2022 / 2011-2016,unverified,2026-06-07
COL03193,T066,T137,6,country,China,China,different time,2022-2026 / 2006-2009,unverified,2026-06-07
COL03194,T066,T138,6,country,China,China,different time,2022-2026 / 2017-2021,mutual,2026-06-07
COL03195,T066,T139,5,country,China,China,same time,2022-2026,unverified,2026-06-07
COL03196,T066,T140,1,school,SCH002,GEMS World Academy Dubai,same time,2019-2020,unverified,2026-06-07
COL03197,T066,T142,6,country,China,China,different time,2022-2026 / 2015-2019,unverified,2026-06-07
COL03198,T066,T143,6,country,China,China,different time,2022-2026 / 2007-2012,mutual,2026-06-07
COL03199,T066,T144,3,city,"Dubai, United Arab Emirates","Dubai, United Arab Emirates",same time,2019-2020,one-sided,2026-06-07
COL03200,T066,T149,6,country,China,China,different time,2022-2026 / 2014-2018,unverified,2026-06-07
COL03201,T067,T068,4,city,"Abu Dhabi, United Arab Emirates","Abu Dhabi, United Arab Emirates",different time,2022-2026 / 2016-2021,unverified,2026-06-07
COL03202,T067,T069,1,school,SCH016,Shanghai American School,same time,2021-2021,unverified,2026-06-07
COL03203,T067,T071,6,country,United Arab Emirates,United Arab Emirates,different time,2022-2026 / 2010-2012,one-sided,2026-06-07
COL03204,T067,T073,2,school,SCH016,Shanghai American School,different time,2017-2021 / 2009-2013,unverified,2026-06-07
COL03205,T067,T076,6,country,China,China,different time,2017-2021 / 2012-2016,unverified,2026-06-07
COL03206,T067,T078,1,school,SCH016,Shanghai American School,same time,2021-2021,unverified,2026-06-07
COL03207,T067,T079,3,city,"Abu Dhabi, United Arab Emirates","Abu Dhabi, United Arab Emirates",same time,2022-2026,one-sided,2026-06-07
COL03208,T067,T080,1,school,SCH016,Shanghai American School,same time,2021-2021,one-sided,2026-06-07
COL03209,T067,T081,6,country,United Arab Emirates,United Arab Emirates,different time,2022-2026 / 2016-2020,unverified,2026-06-07
COL03210,T067,T082,3,city,"Abu Dhabi, United Arab Emirates","Abu Dhabi, United Arab Emirates",same time,2022-2022,unverified,2026-06-07
COL03211,T067,T084,4,city,"Abu Dhabi, United Arab Emirates","Abu Dhabi, United Arab Emirates",different time,2022-2026 / 2008-2010,one-sided,2026-06-07
COL03212,T067,T086,5,country,China,China,same time,2017-2020,unverified,2026-06-07
COL03213,T067,T087,2,school,SCH006,American Community School of Abu Dhabi,different time,2022-2026 / 2017-2021,unverified,2026-06-07
COL03214,T067,T088,5,country,United Arab Emirates,United Arab Emirates,same time,2022-2022,unverified,2026-06-07
COL03215,T067,T089,4,city,"Abu Dhabi, United Arab Emirates","Abu Dhabi, United Arab Emirates",different time,2022-2026 / 2016-2018,unverified,2026-06-07
COL03216,T067,T090,5,country,China,China,same time,2020-2021,mutual,2026-06-07
COL03217,T067,T091,5,country,China,China,same time,2021-2021,unverified,2026-06-07
COL03218,T067,T092,5,country,China,China,same time,2017-2018,unverified,2026-06-07
COL03219,T067,T094,4,city,"Abu Dhabi, United Arab Emirates","Abu Dhabi, United Arab Emirates",different time,2022-2026 / 2019-2021,unverified,2026-06-07
COL03220,T067,T095,5,country,China,China,same time,2017-2021,unverified,2026-06-07
COL03221,T067,T096,5,country,United Arab Emirates,United Arab Emirates,same time,2022-2023,unverified,2026-06-07
COL03222,T067,T097,5,country,United Arab Emirates,United Arab Emirates,same time,2022-2025,unverified,2026-06-07
COL03223,T067,T098,4,city,"Abu Dhabi, United Arab Emirates","Abu Dhabi, United Arab Emirates",different time,2022-2026 / 2002-2006,one-sided,2026-06-07
COL03224,T067,T100,6,country,United Arab Emirates,United Arab Emirates,different time,2022-2026 / 2014-2019,unverified,2026-06-07
COL03225,T067,T101,3,city,"Shanghai, China","Shanghai, China",same time,2017-2021,unverified,2026-06-07
COL03226,T067,T104,5,country,United Arab Emirates,United Arab Emirates,same time,2022-2022,unverified,2026-06-07
COL03227,T067,T105,6,country,China,China,different time,2017-2021 / 2009-2014,unverified,2026-06-07
COL03228,T067,T106,6,country,China,China,different time,2017-2021 / 2006-2010,one-sided,2026-06-07
COL03229,T067,T108,1,school,SCH016,Shanghai American School,same time,2017-2020,unverified,2026-06-07
COL03230,T067,T109,1,school,SCH016,Shanghai American School,same time,2018-2021,unverified,2026-06-07
COL03231,T067,T112,3,city,"Shanghai, China","Shanghai, China",same time,2018-2021,unverified,2026-06-07
COL03232,T067,T114,1,school,SCH016,Shanghai American School,same time,2017-2018,one-sided,2026-06-07
COL03233,T067,T115,5,country,China,China,same time,2017-2019,unverified,2026-06-07
COL03234,T067,T116,6,country,China,China,different time,2017-2021 / 2010-2012,one-sided,2026-06-07
COL03235,T067,T117,5,country,China,China,same time,2017-2017,unverified,2026-06-07
COL03236,T067,T118,5,country,United Arab Emirates,United Arab Emirates,same time,2022-2022,mutual,2026-06-07
COL03237,T067,T120,1,school,SCH016,Shanghai American School,same time,2019-2021,one-sided,2026-06-07
COL03238,T067,T122,5,country,United Arab Emirates,United Arab Emirates,same time,2022-2026,one-sided,2026-06-07
COL03239,T067,T123,4,city,"Shanghai, China","Shanghai, China",different time,2017-2021 / 2000-2004,unverified,2026-06-07
COL03240,T067,T124,6,country,United Arab Emirates,United Arab Emirates,different time,2022-2026 / 2013-2016,one-sided,2026-06-07
COL03241,T067,T125,5,country,China,China,same time,2020-2021,mutual,2026-06-07
COL03242,T067,T126,4,city,"Abu Dhabi, United Arab Emirates","Abu Dhabi, United Arab Emirates",different time,2022-2026 / 2013-2016,unverified,2026-06-07
COL03243,T067,T129,5,country,China,China,same time,2018-2020,mutual,2026-06-07
COL03244,T067,T131,2,school,SCH016,Shanghai American School,different time,2017-2021 / 2010-2015,unverified,2026-06-07
COL03245,T067,T134,5,country,China,China,same time,2018-2020,unverified,2026-06-07
COL03246,T067,T135,4,city,"Abu Dhabi, United Arab Emirates","Abu Dhabi, United Arab Emirates",different time,2022-2026 / 2011-2016,unverified,2026-06-07
COL03247,T067,T137,2,school,SCH016,Shanghai American School,different time,2017-2021 / 2006-2009,unverified,2026-06-07
COL03248,T067,T138,5,country,China,China,same time,2017-2021,unverified,2026-06-07
COL03249,T067,T139,1,school,SCH016,Shanghai American School,same time,2021-2021,unverified,2026-06-07
COL03250,T067,T140,6,country,United Arab Emirates,United Arab Emirates,different time,2022-2026 / 2017-2020,unverified,2026-06-07
COL03251,T067,T142,3,city,"Shanghai, China","Shanghai, China",same time,2017-2019,mutual,2026-06-07
COL03252,T067,T143,4,city,"Shanghai, China","Shanghai, China",different time,2017-2021 / 2007-2012,one-sided,2026-06-07
COL03253,T067,T144,3,city,"Shanghai, China","Shanghai, China",same time,2021-2021,unverified,2026-06-07
COL03254,T067,T149,1,school,SCH016,Shanghai American School,same time,2017-2018,unverified,2026-06-07
COL03255,T068,T070,2,school,SCH030,International School of Geneva,different time,2022-2025 / 2019-2021,unverified,2026-06-07
COL03256,T068,T071,2,school,SCH030,International School of Geneva,different time,2022-2025 / 2018-2020,unverified,2026-06-07
COL03257,T068,T073,6,country,United Arab Emirates,United Arab Emirates,different time,2016-2021 / 2005-2009,unverified,2026-06-07
COL03258,T068,T079,1,school,SCH005,The British School Al Khubairat,same time,2019-2021,unverified,2026-06-07
COL03259,T068,T081,5,country,United Arab Emirates,United Arab Emirates,same time,2016-2020,unverified,2026-06-07
COL03260,T068,T082,1,school,SCH005,The British School Al Khubairat,same time,2018-2021,unverified,2026-06-07
COL03261,T068,T084,2,school,SCH005,The British School Al Khubairat,different time,2016-2021 / 2008-2010,unverified,2026-06-07
COL03262,T068,T087,3,city,"Abu Dhabi, United Arab Emirates","Abu Dhabi, United Arab Emirates",same time,2017-2021,unverified,2026-06-07
COL03263,T068,T088,5,country,United Arab Emirates,United Arab Emirates,same time,2020-2021,unverified,2026-06-07
COL03264,T068,T089,1,school,SCH005,The British School Al Khubairat,same time,2016-2018,unverified,2026-06-07
COL03265,T068,T093,2,school,SCH030,International School of Geneva,different time,2022-2025 / 2009-2014,one-sided,2026-06-07
COL03266,T068,T094,1,school,SCH005,The British School Al Khubairat,same time,2019-2021,unverified,2026-06-07
COL03267,T068,T096,5,country,United Arab Emirates,United Arab Emirates,same time,2019-2021,unverified,2026-06-07
COL03268,T068,T097,5,country,United Arab Emirates,United Arab Emirates,same time,2021-2021,unverified,2026-06-07
COL03269,T068,T098,2,school,SCH005,The British School Al Khubairat,different time,2016-2021 / 2002-2006,mutual,2026-06-07
COL03270,T068,T100,5,country,United Arab Emirates,United Arab Emirates,same time,2016-2019,mutual,2026-06-07
COL03271,T068,T104,5,country,United Arab Emirates,United Arab Emirates,same time,2017-2021,unverified,2026-06-07
COL03272,T068,T106,5,country,United Arab Emirates,United Arab Emirates,same time,2016-2018,mutual,2026-06-07
COL03273,T068,T114,6,country,United Arab Emirates,United Arab Emirates,different time,2016-2021 / 2004-2008,unverified,2026-06-07
COL03274,T068,T116,2,school,SCH030,International School of Geneva,different time,2022-2025 / 2012-2017,unverified,2026-06-07
COL03275,T068,T117,5,country,United Arab Emirates,United Arab Emirates,same time,2017-2021,unverified,2026-06-07
COL03276,T068,T118,5,country,United Arab Emirates,United Arab Emirates,same time,2016-2016,unverified,2026-06-07
COL03277,T068,T122,2,school,SCH024,American School of Kuwait,different time,2012-2016 / 2018-2020,unverified,2026-06-07
COL03278,T068,T124,5,country,United Arab Emirates,United Arab Emirates,same time,2016-2016,unverified,2026-06-07
COL03279,T068,T126,1,school,SCH005,The British School Al Khubairat,same time,2016-2016,unverified,2026-06-07
COL03280,T068,T135,1,school,SCH005,The British School Al Khubairat,same time,2016-2016,unverified,2026-06-07
COL03281,T068,T140,5,country,United Arab Emirates,United Arab Emirates,same time,2017-2020,unverified,2026-06-07
COL03282,T068,T144,5,country,United Arab Emirates,United Arab Emirates,same time,2017-2020,one-sided,2026-06-07
COL03283,T068,T149,1,school,SCH030,International School of Geneva,same time,2022-2022,unverified,2026-06-07
COL03284,T068,T150,1,school,SCH030,International School of Geneva,same time,2022-2022,unverified,2026-06-07
COL03285,T069,T073,2,school,SCH016,Shanghai American School,different time,2021-2026 / 2009-2013,mutual,2026-06-07
COL03286,T069,T076,1,school,SCH018,International School of Beijing,same time,2012-2014,mutual,2026-06-07
COL03287,T069,T078,1,school,SCH016,Shanghai American School,same time,2021-2025,one-sided,2026-06-07
COL03288,T069,T080,1,school,SCH016,Shanghai American School,same time,2021-2023,mutual,2026-06-07
COL03289,T069,T086,2,school,SCH018,International School of Beijing,different time,2009-2014 / 2017-2020,unverified,2026-06-07
COL03290,T069,T087,2,school,SCH037,Lincoln Community School Accra,different time,2015-2020 / 2022-2025,unverified,2026-06-07
COL03291,T069,T090,5,country,China,China,same time,2021-2026,mutual,2026-06-07
COL03292,T069,T091,2,school,SCH018,International School of Beijing,different time,2009-2014 / 2021-2023,unverified,2026-06-07
COL03293,T069,T092,2,school,SCH037,Lincoln Community School Accra,different time,2015-2020 / 2007-2012,mutual,2026-06-07
COL03294,T069,T093,1,school,SCH037,Lincoln Community School Accra,same time,2015-2018,unverified,2026-06-07
COL03295,T069,T095,5,country,China,China,same time,2021-2022,unverified,2026-06-07
COL03296,T069,T101,3,city,"Shanghai, China","Shanghai, China",same time,2021-2021,unverified,2026-06-07
COL03297,T069,T105,1,school,SCH018,International School of Beijing,same time,2009-2014,mutual,2026-06-07
COL03298,T069,T106,1,school,SCH018,International School of Beijing,same time,2009-2010,mutual,2026-06-07
COL03299,T069,T108,2,school,SCH016,Shanghai American School,different time,2021-2026 / 2016-2020,unverified,2026-06-07
COL03300,T069,T109,1,school,SCH016,Shanghai American School,same time,2021-2021,unverified,2026-06-07
COL03301,T069,T112,3,city,"Shanghai, China","Shanghai, China",same time,2021-2022,mutual,2026-06-07
COL03302,T069,T114,2,school,SCH016,Shanghai American School,different time,2021-2026 / 2014-2018,one-sided,2026-06-07
COL03303,T069,T115,6,country,China,China,different time,2009-2014 / 2015-2019,unverified,2026-06-07
COL03304,T069,T116,5,country,China,China,same time,2010-2012,unverified,2026-06-07
COL03305,T069,T117,5,country,China,China,same time,2013-2014,mutual,2026-06-07
COL03306,T069,T120,1,school,SCH016,Shanghai American School,same time,2021-2023,unverified,2026-06-07
COL03307,T069,T123,4,city,"Shanghai, China","Shanghai, China",different time,2021-2026 / 2000-2004,one-sided,2026-06-07
COL03308,T069,T125,2,school,SCH018,International School of Beijing,different time,2009-2014 / 2020-2022,unverified,2026-06-07
COL03309,T069,T127,2,school,SCH037,Lincoln Community School Accra,different time,2015-2020 / 2009-2012,one-sided,2026-06-07
COL03310,T069,T129,6,country,China,China,different time,2009-2014 / 2018-2020,one-sided,2026-06-07
COL03311,T069,T131,2,school,SCH016,Shanghai American School,different time,2021-2026 / 2010-2015,unverified,2026-06-07
COL03312,T069,T134,2,school,SCH018,International School of Beijing,different time,2009-2014 / 2018-2020,one-sided,2026-06-07
COL03313,T069,T137,2,school,SCH016,Shanghai American School,different time,2021-2026 / 2006-2009,mutual,2026-06-07
COL03314,T069,T138,5,country,China,China,same time,2021-2021,unverified,2026-06-07
COL03315,T069,T139,1,school,SCH016,Shanghai American School,same time,2021-2026,unverified,2026-06-07
COL03316,T069,T142,4,city,"Shanghai, China","Shanghai, China",different time,2021-2026 / 2015-2019,one-sided,2026-06-07
COL03317,T069,T143,4,city,"Shanghai, China","Shanghai, China",different time,2021-2026 / 2007-2012,unverified,2026-06-07
COL03318,T069,T144,3,city,"Shanghai, China","Shanghai, China",same time,2021-2023,unverified,2026-06-07
COL03319,T069,T149,2,school,SCH016,Shanghai American School,different time,2021-2026 / 2014-2018,unverified,2026-06-07
COL03320,T070,T071,1,school,SCH030,International School of Geneva,same time,2019-2020,one-sided,2026-06-07
COL03321,T070,T075,1,school,SCH031,International School of Kuala Lumpur,same time,2018-2019,unverified,2026-06-07
COL03322,T070,T093,2,school,SCH030,International School of Geneva,different time,2019-2021 / 2009-2014,unverified,2026-06-07
COL03323,T070,T098,2,school,SCH030,International School of Geneva,different time,2019-2021 / 2007-2010,unverified,2026-06-07
COL03324,T070,T099,2,school,SCH031,International School of Kuala Lumpur,different time,2016-2019 / 2020-2022,one-sided,2026-06-07
COL03325,T070,T105,2,school,SCH031,International School of Kuala Lumpur,different time,2016-2019 / 2005-2008,unverified,2026-06-07
COL03326,T070,T115,2,school,SCH031,International School of Kuala Lumpur,different time,2016-2019 / 2010-2014,unverified,2026-06-07
COL03327,T070,T116,2,school,SCH030,International School of Geneva,different time,2019-2021 / 2012-2017,one-sided,2026-06-07
COL03328,T070,T121,2,school,SCH031,International School of Kuala Lumpur,different time,2016-2019 / 2021-2026,unverified,2026-06-07
COL03329,T070,T143,1,school,SCH031,International School of Kuala Lumpur,same time,2018-2019,one-sided,2026-06-07
COL03330,T070,T149,1,school,SCH030,International School of Geneva,same time,2019-2021,unverified,2026-06-07
COL03331,T070,T150,1,school,SCH030,International School of Geneva,same time,2019-2021,unverified,2026-06-07
COL03332,T071,T072,1,school,SCH008,International School Bangkok,same time,2012-2014,unverified,2026-06-07
COL03333,T071,T073,2,school,SCH003,Dubai International Academy,different time,2010-2012 / 2005-2009,mutual,2026-06-07
COL03334,T071,T074,1,school,SCH008,International School Bangkok,same time,2012-2015,one-sided,2026-06-07
COL03335,T071,T076,3,city,"Cairo, Egypt","Cairo, Egypt",same time,2017-2018,one-sided,2026-06-07
COL03336,T071,T079,4,city,"Dubai, United Arab Emirates","Dubai, United Arab Emirates",different time,2010-2012 / 2014-2019,unverified,2026-06-07
COL03337,T071,T081,3,city,"Bangkok, Thailand","Bangkok, Thailand",same time,2012-2015,unverified,2026-06-07
COL03338,T071,T082,6,country,United Arab Emirates,United Arab Emirates,different time,2010-2012 / 2018-2022,unverified,2026-06-07
COL03339,T071,T083,2,school,SCH012,Cairo American College,different time,2015-2018 / 2008-2012,unverified,2026-06-07
COL03340,T071,T084,2,school,SCH008,International School Bangkok,different time,2012-2015 / 2018-2023,unverified,2026-06-07
COL03341,T071,T086,2,school,SCH012,Cairo American College,different time,2015-2018 / 2020-2023,mutual,2026-06-07
COL03342,T071,T087,3,city,"Dubai, United Arab Emirates","Dubai, United Arab Emirates",same time,2011-2012,mutual,2026-06-07
COL03343,T071,T088,2,school,SCH003,Dubai International Academy,different time,2010-2012 / 2020-2022,unverified,2026-06-07
COL03344,T071,T089,6,country,United Arab Emirates,United Arab Emirates,different time,2010-2012 / 2016-2018,unverified,2026-06-07
COL03345,T071,T092,2,school,SCH008,International School Bangkok,different time,2012-2015 / 2019-2023,mutual,2026-06-07
COL03346,T071,T093,2,school,SCH030,International School of Geneva,different time,2018-2020 / 2009-2014,unverified,2026-06-07
COL03347,T071,T094,4,city,"Bangkok, Thailand","Bangkok, Thailand",different time,2012-2015 / 2021-2026,unverified,2026-06-07
COL03348,T071,T096,4,city,"Dubai, United Arab Emirates","Dubai, United Arab Emirates",different time,2010-2012 / 2019-2023,one-sided,2026-06-07
COL03349,T071,T097,4,city,"Dubai, United Arab Emirates","Dubai, United Arab Emirates",different time,2010-2012 / 2021-2025,unverified,2026-06-07
COL03350,T071,T098,1,school,SCH012,Cairo American College,same time,2015-2018,mutual,2026-06-07
COL03351,T071,T100,2,school,SCH003,Dubai International Academy,different time,2010-2012 / 2014-2019,unverified,2026-06-07
COL03352,T071,T104,4,city,"Dubai, United Arab Emirates","Dubai, United Arab Emirates",different time,2010-2012 / 2017-2022,unverified,2026-06-07
COL03353,T071,T105,2,school,SCH012,Cairo American College,different time,2015-2018 / 2003-2005,unverified,2026-06-07
COL03354,T071,T106,2,school,SCH003,Dubai International Academy,different time,2010-2012 / 2014-2018,one-sided,2026-06-07
COL03355,T071,T107,4,city,"Bangkok, Thailand","Bangkok, Thailand",different time,2012-2015 / 2016-2020,unverified,2026-06-07
COL03356,T071,T108,1,school,SCH008,International School Bangkok,same time,2012-2014,unverified,2026-06-07
COL03357,T071,T109,1,school,SCH012,Cairo American College,same time,2015-2015,mutual,2026-06-07
COL03358,T071,T110,4,city,"Bangkok, Thailand","Bangkok, Thailand",different time,2012-2015 / 2017-2019,unverified,2026-06-07
COL03359,T071,T114,2,school,SCH012,Cairo American College,different time,2015-2018 / 2008-2010,mutual,2026-06-07
COL03360,T071,T115,2,school,SCH012,Cairo American College,different time,2015-2018 / 2020-2026,unverified,2026-06-07
COL03361,T071,T116,2,school,SCH030,International School of Geneva,different time,2018-2020 / 2012-2017,mutual,2026-06-07
COL03362,T071,T117,4,city,"Dubai, United Arab Emirates","Dubai, United Arab Emirates",different time,2010-2012 / 2017-2022,one-sided,2026-06-07
COL03363,T071,T118,2,school,SCH003,Dubai International Academy,different time,2010-2012 / 2017-2022,unverified,2026-06-07
COL03364,T071,T119,2,school,SCH008,International School Bangkok,different time,2012-2015 / 2022-2026,one-sided,2026-06-07
COL03365,T071,T121,3,city,"Cairo, Egypt","Cairo, Egypt",same time,2015-2016,unverified,2026-06-07
COL03366,T071,T122,4,city,"Dubai, United Arab Emirates","Dubai, United Arab Emirates",different time,2010-2012 / 2021-2026,one-sided,2026-06-07
COL03367,T071,T123,2,school,SCH008,International School Bangkok,different time,2012-2015 / 2004-2008,unverified,2026-06-07
COL03368,T071,T124,4,city,"Dubai, United Arab Emirates","Dubai, United Arab Emirates",different time,2010-2012 / 2013-2016,unverified,2026-06-07
COL03369,T071,T126,6,country,United Arab Emirates,United Arab Emirates,different time,2010-2012 / 2013-2016,mutual,2026-06-07
COL03370,T071,T127,2,school,SCH012,Cairo American College,different time,2015-2018 / 2019-2021,one-sided,2026-06-07
COL03371,T071,T129,4,city,"Bangkok, Thailand","Bangkok, Thailand",different time,2012-2015 / 2020-2026,mutual,2026-06-07
COL03372,T071,T131,4,city,"Bangkok, Thailand","Bangkok, Thailand",different time,2012-2015 / 2016-2020,unverified,2026-06-07
COL03373,T071,T132,4,city,"Cairo, Egypt","Cairo, Egypt",different time,2015-2018 / 2003-2008,one-sided,2026-06-07
COL03374,T071,T135,3,city,"Cairo, Egypt","Cairo, Egypt",same time,2016-2018,unverified,2026-06-07
COL03375,T071,T137,1,school,SCH008,International School Bangkok,same time,2012-2012,unverified,2026-06-07
COL03376,T071,T138,3,city,"Bangkok, Thailand","Bangkok, Thailand",same time,2012-2015,unverified,2026-06-07
COL03377,T071,T140,2,school,SCH012,Cairo American College,different time,2015-2018 / 2021-2026,one-sided,2026-06-07
COL03378,T071,T142,3,city,"Bangkok, Thailand","Bangkok, Thailand",same time,2012-2014,mutual,2026-06-07
COL03379,T071,T143,3,city,"Bangkok, Thailand","Bangkok, Thailand",same time,2013-2015,unverified,2026-06-07
COL03380,T071,T144,4,city,"Dubai, United Arab Emirates","Dubai, United Arab Emirates",different time,2010-2012 / 2017-2020,unverified,2026-06-07
COL03381,T071,T149,1,school,SCH030,International School of Geneva,same time,2018-2020,unverified,2026-06-07
COL03382,T071,T150,1,school,SCH030,International School of Geneva,same time,2019-2020,one-sided,2026-06-07
COL03383,T072,T074,1,school,SCH008,International School Bangkok,same time,2011-2014,one-sided,2026-06-07
COL03384,T072,T076,1,school,SCH013,American International School in Egypt,same time,2017-2019,mutual,2026-06-07
COL03385,T072,T078,6,country,United States,United States,different time,2014-2016 / 2017-2020,one-sided,2026-06-07
COL03386,T072,T081,3,city,"Bangkok, Thailand","Bangkok, Thailand",same time,2011-2014,unverified,2026-06-07
COL03387,T072,T082,1,school,SCH023,Washington International School,same time,2014-2016,unverified,2026-06-07
COL03388,T072,T083,4,city,"Cairo, Egypt","Cairo, Egypt",different time,2017-2021 / 2008-2012,one-sided,2026-06-07
COL03389,T072,T084,2,school,SCH008,International School Bangkok,different time,2010-2014 / 2018-2023,mutual,2026-06-07
COL03390,T072,T086,3,city,"Cairo, Egypt","Cairo, Egypt",same time,2020-2021,one-sided,2026-06-07
COL03391,T072,T088,4,city,"Bangkok, Thailand","Bangkok, Thailand",different time,2010-2014 / 2016-2019,unverified,2026-06-07
COL03392,T072,T091,1,school,SCH023,Washington International School,same time,2014-2016,one-sided,2026-06-07
COL03393,T072,T092,2,school,SCH008,International School Bangkok,different time,2010-2014 / 2019-2023,unverified,2026-06-07
COL03394,T072,T094,4,city,"Bangkok, Thailand","Bangkok, Thailand",different time,2010-2014 / 2021-2026,unverified,2026-06-07
COL03395,T072,T095,1,school,SCH023,Washington International School,same time,2015-2016,one-sided,2026-06-07
COL03396,T072,T098,3,city,"Cairo, Egypt","Cairo, Egypt",same time,2017-2020,unverified,2026-06-07
COL03397,T072,T100,4,city,"Bangkok, Thailand","Bangkok, Thailand",different time,2010-2014 / 2019-2022,one-sided,2026-06-07
COL03398,T072,T105,2,school,SCH023,Washington International School,different time,2014-2016 / 2000-2003,unverified,2026-06-07
COL03399,T072,T107,4,city,"Bangkok, Thailand","Bangkok, Thailand",different time,2010-2014 / 2016-2020,mutual,2026-06-07
COL03400,T072,T108,1,school,SCH008,International School Bangkok,same time,2012-2014,one-sided,2026-06-07
COL03401,T072,T109,4,city,"Cairo, Egypt","Cairo, Egypt",different time,2017-2021 / 2013-2015,one-sided,2026-06-07
COL03402,T072,T110,4,city,"Bangkok, Thailand","Bangkok, Thailand",different time,2010-2014 / 2017-2019,unverified,2026-06-07
COL03403,T072,T111,5,country,United States,United States,same time,2014-2016,one-sided,2026-06-07
COL03404,T072,T114,2,school,SCH013,American International School in Egypt,different time,2017-2021 / 2010-2013,unverified,2026-06-07
COL03405,T072,T115,3,city,"Cairo, Egypt","Cairo, Egypt",same time,2020-2021,mutual,2026-06-07
COL03406,T072,T116,4,city,"Bangkok, Thailand","Bangkok, Thailand",different time,2010-2014 / 2017-2020,unverified,2026-06-07
COL03407,T072,T119,2,school,SCH008,International School Bangkok,different time,2010-2014 / 2022-2026,one-sided,2026-06-07
COL03408,T072,T121,1,school,SCH023,Washington International School,same time,2016-2016,one-sided,2026-06-07
COL03409,T072,T122,5,country,United States,United States,same time,2014-2016,mutual,2026-06-07
COL03410,T072,T123,2,school,SCH008,International School Bangkok,different time,2010-2014 / 2004-2008,unverified,2026-06-07
COL03411,T072,T126,5,country,United States,United States,same time,2016-2016,unverified,2026-06-07
COL03412,T072,T127,3,city,"Cairo, Egypt","Cairo, Egypt",same time,2019-2021,unverified,2026-06-07
COL03413,T072,T128,5,country,United States,United States,same time,2014-2016,unverified,2026-06-07
COL03414,T072,T129,4,city,"Bangkok, Thailand","Bangkok, Thailand",different time,2010-2014 / 2020-2026,unverified,2026-06-07
COL03415,T072,T131,2,school,SCH023,Washington International School,different time,2014-2016 / 2020-2023,unverified,2026-06-07
COL03416,T072,T132,2,school,SCH013,American International School in Egypt,different time,2017-2021 / 2003-2008,unverified,2026-06-07
COL03417,T072,T134,6,country,United States,United States,different time,2014-2016 / 2021-2026,unverified,2026-06-07
COL03418,T072,T135,1,school,SCH013,American International School in Egypt,same time,2017-2021,mutual,2026-06-07
COL03419,T072,T137,1,school,SCH008,International School Bangkok,same time,2010-2012,mutual,2026-06-07
COL03420,T072,T138,3,city,"Bangkok, Thailand","Bangkok, Thailand",same time,2012-2014,unverified,2026-06-07
COL03421,T072,T140,3,city,"Cairo, Egypt","Cairo, Egypt",same time,2021-2021,one-sided,2026-06-07
COL03422,T072,T142,3,city,"Bangkok, Thailand","Bangkok, Thailand",same time,2010-2014,unverified,2026-06-07
COL03423,T072,T143,3,city,"Bangkok, Thailand","Bangkok, Thailand",same time,2013-2014,unverified,2026-06-07
COL03424,T073,T076,5,country,China,China,same time,2012-2013,unverified,2026-06-07
COL03425,T073,T078,2,school,SCH016,Shanghai American School,different time,2009-2013 / 2021-2025,unverified,2026-06-07
COL03426,T073,T079,4,city,"Dubai, United Arab Emirates","Dubai, United Arab Emirates",different time,2005-2009 / 2014-2019,unverified,2026-06-07
COL03427,T073,T080,2,school,SCH016,Shanghai American School,different time,2009-2013 / 2021-2023,unverified,2026-06-07
COL03428,T073,T081,4,city,"Dubai, United Arab Emirates","Dubai, United Arab Emirates",different time,2005-2009 / 2016-2020,unverified,2026-06-07
COL03429,T073,T082,6,country,United Arab Emirates,United Arab Emirates,different time,2005-2009 / 2018-2022,mutual,2026-06-07
COL03430,T073,T083,2,school,SCH010,Singapore American School,different time,2018-2021 / 2013-2015,unverified,2026-06-07
COL03431,T073,T084,5,country,United Arab Emirates,United Arab Emirates,same time,2008-2009,unverified,2026-06-07
COL03432,T073,T085,1,school,SCH010,Singapore American School,same time,2018-2021,mutual,2026-06-07
COL03433,T073,T086,4,city,"Singapore, Singapore","Singapore, Singapore",different time,2018-2021 / 2014-2016,unverified,2026-06-07
COL03434,T073,T087,4,city,"Dubai, United Arab Emirates","Dubai, United Arab Emirates",different time,2005-2009 / 2011-2016,one-sided,2026-06-07
COL03435,T073,T088,2,school,SCH003,Dubai International Academy,different time,2005-2009 / 2020-2022,unverified,2026-06-07
COL03436,T073,T089,6,country,United Arab Emirates,United Arab Emirates,different time,2005-2009 / 2016-2018,unverified,2026-06-07
COL03437,T073,T090,6,country,China,China,different time,2009-2013 / 2020-2026,unverified,2026-06-07
COL03438,T073,T091,6,country,China,China,different time,2009-2013 / 2021-2023,mutual,2026-06-07
COL03439,T073,T092,6,country,China,China,different time,2009-2013 / 2016-2018,unverified,2026-06-07
COL03440,T073,T093,1,school,SCH010,Singapore American School,same time,2018-2021,unverified,2026-06-07
COL03441,T073,T094,6,country,United Arab Emirates,United Arab Emirates,different time,2005-2009 / 2019-2021,unverified,2026-06-07
COL03442,T073,T095,6,country,China,China,different time,2009-2013 / 2017-2022,mutual,2026-06-07
COL03443,T073,T096,4,city,"Dubai, United Arab Emirates","Dubai, United Arab Emirates",different time,2005-2009 / 2019-2023,mutual,2026-06-07
COL03444,T073,T097,4,city,"Dubai, United Arab Emirates","Dubai, United Arab Emirates",different time,2005-2009 / 2021-2025,unverified,2026-06-07
COL03445,T073,T098,4,city,"Addis Ababa, Ethiopia","Addis Ababa, Ethiopia",different time,2013-2017 / 2020-2022,unverified,2026-06-07
COL03446,T073,T100,1,school,SCH019,International Community School of Addis Ababa,same time,2013-2014,unverified,2026-06-07
COL03447,T073,T101,4,city,"Shanghai, China","Shanghai, China",different time,2009-2013 / 2016-2021,unverified,2026-06-07
COL03448,T073,T103,3,city,"Singapore, Singapore","Singapore, Singapore",same time,2021-2021,unverified,2026-06-07
COL03449,T073,T104,4,city,"Dubai, United Arab Emirates","Dubai, United Arab Emirates",different time,2005-2009 / 2017-2022,unverified,2026-06-07
COL03450,T073,T105,5,country,China,China,same time,2009-2013,unverified,2026-06-07
COL03451,T073,T106,2,school,SCH003,Dubai International Academy,different time,2005-2009 / 2014-2018,mutual,2026-06-07
COL03452,T073,T107,3,city,"Singapore, Singapore","Singapore, Singapore",same time,2020-2021,unverified,2026-06-07
COL03453,T073,T108,2,school,SCH016,Shanghai American School,different time,2009-2013 / 2016-2020,unverified,2026-06-07
COL03454,T073,T109,2,school,SCH016,Shanghai American School,different time,2009-2013 / 2018-2021,one-sided,2026-06-07
COL03455,T073,T112,3,city,"Singapore, Singapore","Singapore, Singapore",same time,2018-2018,unverified,2026-06-07
COL03456,T073,T113,2,school,SCH019,International Community School of Addis Ababa,different time,2013-2017 / 2021-2025,unverified,2026-06-07
COL03457,T073,T114,2,school,SCH016,Shanghai American School,different time,2009-2013 / 2014-2018,unverified,2026-06-07
COL03458,T073,T115,6,country,China,China,different time,2009-2013 / 2015-2019,unverified,2026-06-07
COL03459,T073,T116,5,country,China,China,same time,2010-2012,unverified,2026-06-07
COL03460,T073,T117,4,city,"Dubai, United Arab Emirates","Dubai, United Arab Emirates",different time,2005-2009 / 2017-2022,one-sided,2026-06-07
COL03461,T073,T118,2,school,SCH003,Dubai International Academy,different time,2005-2009 / 2017-2022,mutual,2026-06-07
COL03462,T073,T120,2,school,SCH016,Shanghai American School,different time,2009-2013 / 2019-2023,unverified,2026-06-07
COL03463,T073,T122,4,city,"Dubai, United Arab Emirates","Dubai, United Arab Emirates",different time,2005-2009 / 2021-2026,unverified,2026-06-07
COL03464,T073,T123,1,school,SCH019,International Community School of Addis Ababa,same time,2013-2013,unverified,2026-06-07
COL03465,T073,T124,4,city,"Dubai, United Arab Emirates","Dubai, United Arab Emirates",different time,2005-2009 / 2013-2016,unverified,2026-06-07
COL03466,T073,T125,1,school,SCH010,Singapore American School,same time,2018-2020,one-sided,2026-06-07
COL03467,T073,T126,6,country,United Arab Emirates,United Arab Emirates,different time,2005-2009 / 2013-2016,unverified,2026-06-07
COL03468,T073,T127,3,city,"Addis Ababa, Ethiopia","Addis Ababa, Ethiopia",same time,2013-2017,mutual,2026-06-07
COL03469,T073,T129,6,country,China,China,different time,2009-2013 / 2018-2020,unverified,2026-06-07
COL03470,T073,T131,1,school,SCH016,Shanghai American School,same time,2010-2013,unverified,2026-06-07
COL03471,T073,T132,2,school,SCH010,Singapore American School,different time,2018-2021 / 2009-2011,unverified,2026-06-07
COL03472,T073,T134,6,country,China,China,different time,2009-2013 / 2018-2020,unverified,2026-06-07
COL03473,T073,T135,2,school,SCH010,Singapore American School,different time,2018-2021 / 2003-2007,mutual,2026-06-07
COL03474,T073,T137,1,school,SCH016,Shanghai American School,same time,2009-2009,mutual,2026-06-07
COL03475,T073,T138,6,country,China,China,different time,2009-2013 / 2017-2021,unverified,2026-06-07
COL03476,T073,T139,2,school,SCH016,Shanghai American School,different time,2009-2013 / 2021-2026,mutual,2026-06-07
COL03477,T073,T140,4,city,"Dubai, United Arab Emirates","Dubai, United Arab Emirates",different time,2005-2009 / 2017-2020,mutual,2026-06-07
COL03478,T073,T142,3,city,"Singapore, Singapore","Singapore, Singapore",same time,2019-2021,unverified,2026-06-07
COL03479,T073,T143,3,city,"Shanghai, China","Shanghai, China",same time,2009-2012,unverified,2026-06-07
COL03480,T073,T144,4,city,"Dubai, United Arab Emirates","Dubai, United Arab Emirates",different time,2005-2009 / 2017-2020,unverified,2026-06-07
COL03481,T073,T148,3,city,"Addis Ababa, Ethiopia","Addis Ababa, Ethiopia",same time,2017-2017,unverified,2026-06-07
COL03482,T073,T149,2,school,SCH016,Shanghai American School,different time,2009-2013 / 2014-2018,unverified,2026-06-07
COL03483,T073,T150,1,school,SCH019,International Community School of Addis Ababa,same time,2015-2017,unverified,2026-06-07
COL03484,T074,T077,2,school,SCH036,American International School of Lagos,different time,2015-2018 / 2020-2024,unverified,2026-06-07
COL03485,T074,T080,1,school,SCH036,American International School of Lagos,same time,2018-2018,one-sided,2026-06-07
COL03486,T074,T081,2,school,SCH007,NIST International School,different time,2018-2022 / 2011-2015,mutual,2026-06-07
COL03487,T074,T084,1,school,SCH036,American International School of Lagos,same time,2015-2015,unverified,2026-06-07
COL03488,T074,T085,2,school,SCH036,American International School of Lagos,different time,2015-2018 / 2022-2026,unverified,2026-06-07
COL03489,T074,T088,1,school,SCH007,NIST International School,same time,2018-2019,unverified,2026-06-07
COL03490,T074,T092,2,school,SCH008,International School Bangkok,different time,2011-2015 / 2019-2023,unverified,2026-06-07
COL03491,T074,T094,3,city,"Bangkok, Thailand","Bangkok, Thailand",same time,2021-2022,unverified,2026-06-07
COL03492,T074,T100,3,city,"Bangkok, Thailand","Bangkok, Thailand",same time,2019-2022,unverified,2026-06-07
COL03493,T074,T102,1,school,SCH036,American International School of Lagos,same time,2015-2018,mutual,2026-06-07
COL03494,T074,T107,3,city,"Bangkok, Thailand","Bangkok, Thailand",same time,2018-2020,unverified,2026-06-07
COL03495,T074,T108,1,school,SCH008,International School Bangkok,same time,2012-2014,unverified,2026-06-07
COL03496,T074,T110,1,school,SCH007,NIST International School,same time,2018-2019,unverified,2026-06-07
COL03497,T074,T116,1,school,SCH007,NIST International School,same time,2018-2020,mutual,2026-06-07
COL03498,T074,T119,2,school,SCH008,International School Bangkok,different time,2011-2015 / 2022-2026,unverified,2026-06-07
COL03499,T074,T123,1,school,SCH036,American International School of Lagos,same time,2016-2018,mutual,2026-06-07
COL03500,T074,T124,1,school,SCH036,American International School of Lagos,same time,2017-2018,one-sided,2026-06-07
COL03501,T074,T129,3,city,"Bangkok, Thailand","Bangkok, Thailand",same time,2020-2022,unverified,2026-06-07
COL03502,T074,T130,2,school,SCH036,American International School of Lagos,different time,2015-2018 / 2020-2025,mutual,2026-06-07
COL03503,T074,T131,1,school,SCH007,NIST International School,same time,2018-2020,unverified,2026-06-07
COL03504,T074,T135,2,school,SCH007,NIST International School,different time,2018-2022 / 2007-2010,unverified,2026-06-07
COL03505,T074,T137,1,school,SCH008,International School Bangkok,same time,2011-2012,unverified,2026-06-07
COL03506,T074,T138,3,city,"Bangkok, Thailand","Bangkok, Thailand",same time,2012-2015,unverified,2026-06-07
COL03507,T074,T141,1,school,SCH036,American International School of Lagos,same time,2017-2018,one-sided,2026-06-07
COL03508,T074,T142,2,school,SCH007,NIST International School,different time,2018-2022 / 2009-2014,mutual,2026-06-07
COL03509,T074,T143,3,city,"Bangkok, Thailand","Bangkok, Thailand",same time,2013-2015,unverified,2026-06-07
COL03510,T074,T145,1,school,SCH036,American International School of Lagos,same time,2018-2018,unverified,2026-06-07
COL03511,T074,T148,1,school,SCH036,American International School of Lagos,same time,2015-2017,unverified,2026-06-07
COL03512,T075,T076,6,country,Vietnam,Vietnam,different time,2015-2017 / 2020-2025,unverified,2026-06-07
COL03513,T075,T089,5,country,Vietnam,Vietnam,same time,2015-2016,one-sided,2026-06-07
COL03514,T075,T093,6,country,Vietnam,Vietnam,different time,2015-2017 / 2022-2026,unverified,2026-06-07
COL03515,T075,T099,1,school,SCH031,International School of Kuala Lumpur,same time,2020-2022,mutual,2026-06-07
COL03516,T075,T105,1,school,SCH038,United Nations International School of Hanoi,same time,2015-2017,mutual,2026-06-07
COL03517,T075,T110,2,school,SCH038,United Nations International School of Hanoi,different time,2015-2017 / 2019-2021,unverified,2026-06-07
COL03518,T075,T111,2,school,SCH038,United Nations International School of Hanoi,different time,2015-2017 / 2022-2026,unverified,2026-06-07
COL03519,T075,T115,2,school,SCH031,International School of Kuala Lumpur,different time,2018-2022 / 2010-2014,unverified,2026-06-07
COL03520,T075,T121,1,school,SCH031,International School of Kuala Lumpur,same time,2021-2022,one-sided,2026-06-07
COL03521,T075,T128,2,school,SCH038,United Nations International School of Hanoi,different time,2015-2017 / 2011-2014,mutual,2026-06-07
COL03522,T075,T130,5,country,Vietnam,Vietnam,same time,2016-2017,unverified,2026-06-07
COL03523,T075,T132,2,school,SCH038,United Nations International School of Hanoi,different time,2015-2017 / 1998-2002,unverified,2026-06-07
COL03524,T075,T143,1,school,SCH031,International School of Kuala Lumpur,same time,2018-2022,one-sided,2026-06-07
COL03525,T075,T145,2,school,SCH038,United Nations International School of Hanoi,different time,2015-2017 / 2020-2022,unverified,2026-06-07
COL03526,T075,T146,6,country,Vietnam,Vietnam,different time,2015-2017 / 2019-2026,mutual,2026-06-07
COL03527,T076,T078,6,country,China,China,different time,2012-2016 / 2021-2025,one-sided,2026-06-07
COL03528,T076,T080,6,country,China,China,different time,2012-2016 / 2021-2023,unverified,2026-06-07
COL03529,T076,T081,6,country,India,India,different time,2008-2011 / 2021-2026,unverified,2026-06-07
COL03530,T076,T083,2,school,SCH025,American School of Bombay,different time,2008-2011 / 2021-2026,unverified,2026-06-07
COL03531,T076,T086,2,school,SCH018,International School of Beijing,different time,2012-2016 / 2017-2020,mutual,2026-06-07
COL03532,T076,T087,5,country,India,India,same time,2008-2010,unverified,2026-06-07
COL03533,T076,T089,2,school,SCH039,International School Ho Chi Minh City,different time,2020-2025 / 2014-2016,unverified,2026-06-07
COL03534,T076,T090,2,school,SCH025,American School of Bombay,different time,2008-2011 / 2018-2020,unverified,2026-06-07
COL03535,T076,T091,2,school,SCH025,American School of Bombay,different time,2008-2011 / 2019-2021,unverified,2026-06-07
COL03536,T076,T092,5,country,China,China,same time,2016-2016,unverified,2026-06-07
COL03537,T076,T093,1,school,SCH039,International School Ho Chi Minh City,same time,2022-2025,unverified,2026-06-07
COL03538,T076,T095,6,country,China,China,different time,2012-2016 / 2017-2022,unverified,2026-06-07
COL03539,T076,T098,3,city,"Cairo, Egypt","Cairo, Egypt",same time,2017-2019,unverified,2026-06-07
COL03540,T076,T099,2,school,SCH025,American School of Bombay,different time,2008-2011 / 2015-2019,unverified,2026-06-07
COL03541,T076,T100,4,city,"Cairo, Egypt","Cairo, Egypt",different time,2017-2019 / 2006-2011,unverified,2026-06-07
COL03542,T076,T101,5,country,China,China,same time,2016-2016,mutual,2026-06-07
COL03543,T076,T105,1,school,SCH018,International School of Beijing,same time,2012-2014,one-sided,2026-06-07
COL03544,T076,T106,2,school,SCH018,International School of Beijing,different time,2012-2016 / 2006-2010,mutual,2026-06-07
COL03545,T076,T108,5,country,China,China,same time,2016-2016,unverified,2026-06-07
COL03546,T076,T109,4,city,"Cairo, Egypt","Cairo, Egypt",different time,2017-2019 / 2013-2015,mutual,2026-06-07
COL03547,T076,T110,5,country,Vietnam,Vietnam,same time,2020-2021,unverified,2026-06-07
COL03548,T076,T111,5,country,Vietnam,Vietnam,same time,2022-2025,unverified,2026-06-07
COL03549,T076,T112,6,country,China,China,different time,2012-2016 / 2018-2022,unverified,2026-06-07
COL03550,T076,T114,2,school,SCH013,American International School in Egypt,different time,2017-2019 / 2010-2013,one-sided,2026-06-07
COL03551,T076,T115,4,city,"Cairo, Egypt","Cairo, Egypt",different time,2017-2019 / 2020-2026,unverified,2026-06-07
COL03552,T076,T116,5,country,China,China,same time,2012-2012,mutual,2026-06-07
COL03553,T076,T117,5,country,China,China,same time,2013-2016,unverified,2026-06-07
COL03554,T076,T119,6,country,India,India,different time,2008-2011 / 2016-2019,one-sided,2026-06-07
COL03555,T076,T120,6,country,China,China,different time,2012-2016 / 2019-2023,one-sided,2026-06-07
COL03556,T076,T121,2,school,SCH013,American International School in Egypt,different time,2017-2019 / 2011-2016,unverified,2026-06-07
COL03557,T076,T123,6,country,China,China,different time,2012-2016 / 2000-2004,one-sided,2026-06-07
COL03558,T076,T125,2,school,SCH018,International School of Beijing,different time,2012-2016 / 2020-2022,unverified,2026-06-07
COL03559,T076,T127,3,city,"Cairo, Egypt","Cairo, Egypt",same time,2019-2019,one-sided,2026-06-07
COL03560,T076,T128,1,school,SCH039,International School Ho Chi Minh City,same time,2020-2021,mutual,2026-06-07
COL03561,T076,T129,6,country,China,China,different time,2012-2016 / 2018-2020,unverified,2026-06-07
COL03562,T076,T130,2,school,SCH039,International School Ho Chi Minh City,different time,2020-2025 / 2016-2019,unverified,2026-06-07
COL03563,T076,T131,1,school,SCH025,American School of Bombay,same time,2008-2009,unverified,2026-06-07
COL03564,T076,T132,1,school,SCH039,International School Ho Chi Minh City,same time,2020-2021,mutual,2026-06-07
COL03565,T076,T134,2,school,SCH018,International School of Beijing,different time,2012-2016 / 2018-2020,unverified,2026-06-07
COL03566,T076,T135,1,school,SCH013,American International School in Egypt,same time,2017-2019,unverified,2026-06-07
COL03567,T076,T137,6,country,China,China,different time,2012-2016 / 2006-2009,unverified,2026-06-07
COL03568,T076,T138,6,country,China,China,different time,2012-2016 / 2017-2021,unverified,2026-06-07
COL03569,T076,T139,6,country,China,China,different time,2012-2016 / 2021-2026,unverified,2026-06-07
COL03570,T076,T140,4,city,"Cairo, Egypt","Cairo, Egypt",different time,2017-2019 / 2021-2026,mutual,2026-06-07
COL03571,T076,T142,5,country,China,China,same time,2015-2016,mutual,2026-06-07
COL03572,T076,T143,5,country,China,China,same time,2012-2012,one-sided,2026-06-07
COL03573,T076,T144,6,country,China,China,different time,2012-2016 / 2021-2023,unverified,2026-06-07
COL03574,T076,T145,1,school,SCH025,American School of Bombay,same time,2011-2011,unverified,2026-06-07
COL03575,T076,T146,1,school,SCH039,International School Ho Chi Minh City,same time,2020-2025,mutual,2026-06-07
COL03576,T076,T148,1,school,SCH025,American School of Bombay,same time,2009-2011,unverified,2026-06-07
COL03577,T076,T149,5,country,China,China,same time,2014-2016,unverified,2026-06-07
COL03578,T076,T150,2,school,SCH025,American School of Bombay,different time,2008-2011 / 2013-2015,unverified,2026-06-07
COL03579,T077,T080,1,school,SCH036,American International School of Lagos,same time,2020-2021,unverified,2026-06-07
COL03580,T077,T084,2,school,SCH036,American International School of Lagos,different time,2020-2024 / 2011-2015,unverified,2026-06-07
COL03581,T077,T085,1,school,SCH036,American International School of Lagos,same time,2022-2024,mutual,2026-06-07
COL03582,T077,T102,2,school,SCH036,American International School of Lagos,different time,2020-2024 / 2013-2018,unverified,2026-06-07
COL03583,T077,T123,2,school,SCH036,American International School of Lagos,different time,2020-2024 / 2016-2019,unverified,2026-06-07
COL03584,T077,T124,1,school,SCH036,American International School of Lagos,same time,2020-2022,unverified,2026-06-07
COL03585,T077,T130,1,school,SCH036,American International School of Lagos,same time,2020-2024,mutual,2026-06-07
COL03586,T077,T136,2,school,SCH035,Graded - The American School of Sao Paulo,different time,2015-2020 / 2021-2024,unverified,2026-06-07
COL03587,T077,T141,1,school,SCH036,American International School of Lagos,same time,2020-2021,unverified,2026-06-07
COL03588,T077,T145,1,school,SCH036,American International School of Lagos,same time,2020-2020,unverified,2026-06-07
COL03589,T077,T148,2,school,SCH036,American International School of Lagos,different time,2020-2024 / 2013-2017,one-sided,2026-06-07
COL03590,T078,T080,1,school,SCH016,Shanghai American School,same time,2021-2023,unverified,2026-06-07
COL03591,T078,T082,5,country,United States,United States,same time,2017-2017,unverified,2026-06-07
COL03592,T078,T086,6,country,China,China,different time,2021-2025 / 2017-2020,mutual,2026-06-07
COL03593,T078,T090,5,country,China,China,same time,2021-2025,unverified,2026-06-07
COL03594,T078,T091,5,country,United States,United States,same time,2017-2018,unverified,2026-06-07
COL03595,T078,T092,2,school,SCH021,Denver International School,different time,2017-2020 / 2013-2015,unverified,2026-06-07
COL03596,T078,T095,5,country,United States,United States,same time,2017-2017,unverified,2026-06-07
COL03597,T078,T101,3,city,"Shanghai, China","Shanghai, China",same time,2021-2021,mutual,2026-06-07
COL03598,T078,T105,6,country,United States,United States,different time,2017-2020 / 2000-2003,unverified,2026-06-07
COL03599,T078,T106,6,country,China,China,different time,2021-2025 / 2006-2010,mutual,2026-06-07
COL03600,T078,T107,2,school,SCH021,Denver International School,different time,2017-2020 / 2010-2015,unverified,2026-06-07
COL03601,T078,T108,2,school,SCH016,Shanghai American School,different time,2021-2025 / 2016-2020,mutual,2026-06-07
COL03602,T078,T109,1,school,SCH016,Shanghai American School,same time,2021-2021,unverified,2026-06-07
COL03603,T078,T111,1,school,SCH021,Denver International School,same time,2017-2018,unverified,2026-06-07
COL03604,T078,T112,3,city,"Shanghai, China","Shanghai, China",same time,2021-2022,mutual,2026-06-07
COL03605,T078,T114,2,school,SCH016,Shanghai American School,different time,2021-2025 / 2014-2018,unverified,2026-06-07
COL03606,T078,T115,6,country,China,China,different time,2021-2025 / 2015-2019,unverified,2026-06-07
COL03607,T078,T116,6,country,China,China,different time,2021-2025 / 2010-2012,one-sided,2026-06-07
COL03608,T078,T117,6,country,China,China,different time,2021-2025 / 2013-2017,unverified,2026-06-07
COL03609,T078,T120,1,school,SCH016,Shanghai American School,same time,2021-2023,unverified,2026-06-07
COL03610,T078,T121,5,country,United States,United States,same time,2017-2020,unverified,2026-06-07
COL03611,T078,T122,1,school,SCH021,Denver International School,same time,2017-2017,unverified,2026-06-07
COL03612,T078,T123,4,city,"Shanghai, China","Shanghai, China",different time,2021-2025 / 2000-2004,unverified,2026-06-07
COL03613,T078,T125,5,country,China,China,same time,2021-2022,one-sided,2026-06-07
COL03614,T078,T126,3,city,"Denver, United States","Denver, United States",same time,2017-2020,mutual,2026-06-07
COL03615,T078,T128,1,school,SCH021,Denver International School,same time,2017-2018,one-sided,2026-06-07
COL03616,T078,T129,6,country,China,China,different time,2021-2025 / 2018-2020,unverified,2026-06-07
COL03617,T078,T131,2,school,SCH016,Shanghai American School,different time,2021-2025 / 2010-2015,unverified,2026-06-07
COL03618,T078,T132,2,school,SCH021,Denver International School,different time,2017-2020 / 2011-2016,unverified,2026-06-07
COL03619,T078,T134,4,city,"Denver, United States","Denver, United States",different time,2017-2020 / 2021-2026,one-sided,2026-06-07
COL03620,T078,T137,2,school,SCH016,Shanghai American School,different time,2021-2025 / 2006-2009,one-sided,2026-06-07
COL03621,T078,T138,5,country,China,China,same time,2021-2021,unverified,2026-06-07
COL03622,T078,T139,1,school,SCH016,Shanghai American School,same time,2021-2025,unverified,2026-06-07
COL03623,T078,T142,4,city,"Shanghai, China","Shanghai, China",different time,2021-2025 / 2015-2019,unverified,2026-06-07
COL03624,T078,T143,4,city,"Shanghai, China","Shanghai, China",different time,2021-2025 / 2007-2012,one-sided,2026-06-07
COL03625,T078,T144,3,city,"Shanghai, China","Shanghai, China",same time,2021-2023,unverified,2026-06-07
COL03626,T078,T149,2,school,SCH016,Shanghai American School,different time,2021-2025 / 2014-2018,unverified,2026-06-07
COL03627,T079,T081,3,city,"Dubai, United Arab Emirates","Dubai, United Arab Emirates",same time,2016-2019,unverified,2026-06-07
COL03628,T079,T082,1,school,SCH005,The British School Al Khubairat,same time,2019-2022,unverified,2026-06-07
COL03629,T079,T084,2,school,SCH005,The British School Al Khubairat,different time,2019-2026 / 2008-2010,mutual,2026-06-07
COL03630,T079,T087,3,city,"Dubai, United Arab Emirates","Dubai, United Arab Emirates",same time,2014-2016,unverified,2026-06-07
COL03631,T079,T088,4,city,"Dubai, United Arab Emirates","Dubai, United Arab Emirates",different time,2014-2019 / 2020-2022,unverified,2026-06-07
COL03632,T079,T089,2,school,SCH005,The British School Al Khubairat,different time,2019-2026 / 2016-2018,mutual,2026-06-07
COL03633,T079,T094,1,school,SCH005,The British School Al Khubairat,same time,2019-2021,mutual,2026-06-07
COL03634,T079,T096,3,city,"Dubai, United Arab Emirates","Dubai, United Arab Emirates",same time,2019-2019,unverified,2026-06-07
COL03635,T079,T097,4,city,"Dubai, United Arab Emirates","Dubai, United Arab Emirates",different time,2014-2019 / 2021-2025,unverified,2026-06-07
COL03636,T079,T098,2,school,SCH005,The British School Al Khubairat,different time,2019-2026 / 2002-2006,unverified,2026-06-07
COL03637,T079,T100,3,city,"Dubai, United Arab Emirates","Dubai, United Arab Emirates",same time,2014-2019,unverified,2026-06-07
COL03638,T079,T104,3,city,"Dubai, United Arab Emirates","Dubai, United Arab Emirates",same time,2017-2019,one-sided,2026-06-07
COL03639,T079,T106,3,city,"Dubai, United Arab Emirates","Dubai, United Arab Emirates",same time,2014-2018,unverified,2026-06-07
COL03640,T079,T114,4,city,"Dubai, United Arab Emirates","Dubai, United Arab Emirates",different time,2014-2019 / 2004-2008,one-sided,2026-06-07
COL03641,T079,T117,3,city,"Dubai, United Arab Emirates","Dubai, United Arab Emirates",same time,2017-2019,unverified,2026-06-07
COL03642,T079,T118,1,school,SCH001,American School of Dubai,same time,2014-2016,unverified,2026-06-07
COL03643,T079,T122,2,school,SCH001,American School of Dubai,different time,2014-2019 / 2021-2026,unverified,2026-06-07
COL03644,T079,T124,3,city,"Dubai, United Arab Emirates","Dubai, United Arab Emirates",same time,2014-2016,unverified,2026-06-07
COL03645,T079,T126,2,school,SCH005,The British School Al Khubairat,different time,2019-2026 / 2013-2016,unverified,2026-06-07
COL03646,T079,T135,2,school,SCH005,The British School Al Khubairat,different time,2019-2026 / 2011-2016,unverified,2026-06-07
COL03647,T079,T140,3,city,"Dubai, United Arab Emirates","Dubai, United Arab Emirates",same time,2017-2019,unverified,2026-06-07
COL03648,T079,T144,2,school,SCH001,American School of Dubai,different time,2014-2019 / 2024-2026,unverified,2026-06-07
COL03649,T080,T084,2,school,SCH036,American International School of Lagos,different time,2018-2021 / 2011-2015,unverified,2026-06-07
COL03650,T080,T085,2,school,SCH036,American International School of Lagos,different time,2018-2021 / 2022-2026,unverified,2026-06-07
COL03651,T080,T086,6,country,China,China,different time,2021-2023 / 2017-2020,unverified,2026-06-07
COL03652,T080,T090,5,country,China,China,same time,2021-2023,unverified,2026-06-07
COL03653,T080,T091,5,country,China,China,same time,2021-2023,unverified,2026-06-07
COL03654,T080,T092,6,country,China,China,different time,2021-2023 / 2016-2018,unverified,2026-06-07
COL03655,T080,T095,5,country,China,China,same time,2021-2022,unverified,2026-06-07
COL03656,T080,T101,3,city,"Shanghai, China","Shanghai, China",same time,2021-2021,mutual,2026-06-07
COL03657,T080,T102,1,school,SCH036,American International School of Lagos,same time,2018-2018,unverified,2026-06-07
COL03658,T080,T105,6,country,China,China,different time,2021-2023 / 2009-2014,unverified,2026-06-07
COL03659,T080,T106,6,country,China,China,different time,2021-2023 / 2006-2010,unverified,2026-06-07
COL03660,T080,T108,2,school,SCH016,Shanghai American School,different time,2021-2023 / 2016-2020,mutual,2026-06-07
COL03661,T080,T109,1,school,SCH016,Shanghai American School,same time,2021-2021,unverified,2026-06-07
COL03662,T080,T112,3,city,"Shanghai, China","Shanghai, China",same time,2021-2022,unverified,2026-06-07
COL03663,T080,T114,2,school,SCH016,Shanghai American School,different time,2021-2023 / 2014-2018,mutual,2026-06-07
COL03664,T080,T115,6,country,China,China,different time,2021-2023 / 2015-2019,unverified,2026-06-07
COL03665,T080,T116,6,country,China,China,different time,2021-2023 / 2010-2012,unverified,2026-06-07
COL03666,T080,T117,6,country,China,China,different time,2021-2023 / 2013-2017,unverified,2026-06-07
COL03667,T080,T120,1,school,SCH016,Shanghai American School,same time,2021-2023,unverified,2026-06-07
COL03668,T080,T123,1,school,SCH036,American International School of Lagos,same time,2018-2019,unverified,2026-06-07
COL03669,T080,T124,1,school,SCH036,American International School of Lagos,same time,2018-2021,unverified,2026-06-07
COL03670,T080,T125,5,country,China,China,same time,2021-2022,unverified,2026-06-07
COL03671,T080,T129,6,country,China,China,different time,2021-2023 / 2018-2020,unverified,2026-06-07
COL03672,T080,T130,1,school,SCH036,American International School of Lagos,same time,2020-2021,unverified,2026-06-07
COL03673,T080,T131,2,school,SCH016,Shanghai American School,different time,2021-2023 / 2010-2015,mutual,2026-06-07
COL03674,T080,T134,6,country,China,China,different time,2021-2023 / 2018-2020,mutual,2026-06-07
COL03675,T080,T137,2,school,SCH016,Shanghai American School,different time,2021-2023 / 2006-2009,unverified,2026-06-07
COL03676,T080,T138,5,country,China,China,same time,2021-2021,unverified,2026-06-07
COL03677,T080,T139,1,school,SCH016,Shanghai American School,same time,2021-2023,mutual,2026-06-07
COL03678,T080,T141,1,school,SCH036,American International School of Lagos,same time,2018-2021,unverified,2026-06-07
COL03679,T080,T142,4,city,"Shanghai, China","Shanghai, China",different time,2021-2023 / 2015-2019,unverified,2026-06-07
COL03680,T080,T143,4,city,"Shanghai, China","Shanghai, China",different time,2021-2023 / 2007-2012,mutual,2026-06-07
COL03681,T080,T144,3,city,"Shanghai, China","Shanghai, China",same time,2021-2023,unverified,2026-06-07
COL03682,T080,T145,1,school,SCH036,American International School of Lagos,same time,2018-2020,unverified,2026-06-07
COL03683,T080,T148,2,school,SCH036,American International School of Lagos,different time,2018-2021 / 2013-2017,unverified,2026-06-07
COL03684,T080,T149,2,school,SCH016,Shanghai American School,different time,2021-2023 / 2014-2018,unverified,2026-06-07
COL03685,T081,T082,5,country,United Arab Emirates,United Arab Emirates,same time,2018-2020,unverified,2026-06-07
COL03686,T081,T083,5,country,India,India,same time,2021-2026,unverified,2026-06-07
COL03687,T081,T084,4,city,"Bangkok, Thailand","Bangkok, Thailand",different time,2011-2015 / 2018-2023,one-sided,2026-06-07
COL03688,T081,T087,1,school,SCH002,GEMS World Academy Dubai,same time,2016-2016,unverified,2026-06-07
COL03689,T081,T088,2,school,SCH007,NIST International School,different time,2011-2015 / 2016-2019,one-sided,2026-06-07
COL03690,T081,T089,5,country,United Arab Emirates,United Arab Emirates,same time,2016-2018,unverified,2026-06-07
COL03691,T081,T090,6,country,India,India,different time,2021-2026 / 2018-2020,one-sided,2026-06-07
COL03692,T081,T091,5,country,India,India,same time,2021-2021,mutual,2026-06-07
COL03693,T081,T092,4,city,"Bangkok, Thailand","Bangkok, Thailand",different time,2011-2015 / 2019-2023,unverified,2026-06-07
COL03694,T081,T094,4,city,"Bangkok, Thailand","Bangkok, Thailand",different time,2011-2015 / 2021-2026,unverified,2026-06-07
COL03695,T081,T096,1,school,SCH002,GEMS World Academy Dubai,same time,2019-2020,unverified,2026-06-07
COL03696,T081,T097,4,city,"Dubai, United Arab Emirates","Dubai, United Arab Emirates",different time,2016-2020 / 2021-2025,unverified,2026-06-07
COL03697,T081,T098,6,country,United Arab Emirates,United Arab Emirates,different time,2016-2020 / 2002-2006,unverified,2026-06-07
COL03698,T081,T099,6,country,India,India,different time,2021-2026 / 2015-2019,mutual,2026-06-07
COL03699,T081,T100,3,city,"Dubai, United Arab Emirates","Dubai, United Arab Emirates",same time,2016-2019,one-sided,2026-06-07
COL03700,T081,T104,1,school,SCH002,GEMS World Academy Dubai,same time,2017-2020,mutual,2026-06-07
COL03701,T081,T106,3,city,"Dubai, United Arab Emirates","Dubai, United Arab Emirates",same time,2016-2018,unverified,2026-06-07
COL03702,T081,T107,4,city,"Bangkok, Thailand","Bangkok, Thailand",different time,2011-2015 / 2016-2020,unverified,2026-06-07
COL03703,T081,T108,3,city,"Bangkok, Thailand","Bangkok, Thailand",same time,2012-2014,one-sided,2026-06-07
COL03704,T081,T110,2,school,SCH007,NIST International School,different time,2011-2015 / 2017-2019,one-sided,2026-06-07
COL03705,T081,T114,4,city,"Dubai, United Arab Emirates","Dubai, United Arab Emirates",different time,2016-2020 / 2004-2008,unverified,2026-06-07
COL03706,T081,T115,2,school,SCH026,American Embassy School New Delhi,different time,2021-2026 / 2007-2010,unverified,2026-06-07
COL03707,T081,T116,2,school,SCH007,NIST International School,different time,2011-2015 / 2017-2020,unverified,2026-06-07
COL03708,T081,T117,3,city,"Dubai, United Arab Emirates","Dubai, United Arab Emirates",same time,2017-2020,unverified,2026-06-07
COL03709,T081,T118,2,school,SCH002,GEMS World Academy Dubai,different time,2016-2020 / 2011-2013,mutual,2026-06-07
COL03710,T081,T119,2,school,SCH026,American Embassy School New Delhi,different time,2021-2026 / 2016-2019,unverified,2026-06-07
COL03711,T081,T122,4,city,"Dubai, United Arab Emirates","Dubai, United Arab Emirates",different time,2016-2020 / 2021-2026,one-sided,2026-06-07
COL03712,T081,T123,4,city,"Bangkok, Thailand","Bangkok, Thailand",different time,2011-2015 / 2004-2008,unverified,2026-06-07
COL03713,T081,T124,3,city,"Dubai, United Arab Emirates","Dubai, United Arab Emirates",same time,2016-2016,unverified,2026-06-07
COL03714,T081,T126,5,country,United Arab Emirates,United Arab Emirates,same time,2016-2016,unverified,2026-06-07
COL03715,T081,T129,4,city,"Bangkok, Thailand","Bangkok, Thailand",different time,2011-2015 / 2020-2026,unverified,2026-06-07
COL03716,T081,T131,2,school,SCH007,NIST International School,different time,2011-2015 / 2016-2020,mutual,2026-06-07
COL03717,T081,T134,2,school,SCH026,American Embassy School New Delhi,different time,2021-2026 / 2014-2017,unverified,2026-06-07
COL03718,T081,T135,2,school,SCH007,NIST International School,different time,2011-2015 / 2007-2010,unverified,2026-06-07
COL03719,T081,T137,3,city,"Bangkok, Thailand","Bangkok, Thailand",same time,2011-2012,mutual,2026-06-07
COL03720,T081,T138,3,city,"Bangkok, Thailand","Bangkok, Thailand",same time,2012-2015,unverified,2026-06-07
COL03721,T081,T140,1,school,SCH002,GEMS World Academy Dubai,same time,2017-2020,one-sided,2026-06-07
COL03722,T081,T142,1,school,SCH007,NIST International School,same time,2011-2014,unverified,2026-06-07
COL03723,T081,T143,3,city,"Bangkok, Thailand","Bangkok, Thailand",same time,2013-2015,unverified,2026-06-07
COL03724,T081,T144,3,city,"Dubai, United Arab Emirates","Dubai, United Arab Emirates",same time,2017-2020,unverified,2026-06-07
COL03725,T081,T145,6,country,India,India,different time,2021-2026 / 2011-2015,unverified,2026-06-07
COL03726,T081,T148,6,country,India,India,different time,2021-2026 / 2009-2013,unverified,2026-06-07
COL03727,T081,T150,6,country,India,India,different time,2021-2026 / 2013-2015,unverified,2026-06-07
COL03728,T082,T084,2,school,SCH005,The British School Al Khubairat,different time,2018-2022 / 2008-2010,mutual,2026-06-07
COL03729,T082,T087,3,city,"Abu Dhabi, United Arab Emirates","Abu Dhabi, United Arab Emirates",same time,2018-2021,unverified,2026-06-07
COL03730,T082,T088,5,country,United Arab Emirates,United Arab Emirates,same time,2020-2022,unverified,2026-06-07
COL03731,T082,T089,1,school,SCH005,The British School Al Khubairat,same time,2018-2018,one-sided,2026-06-07
COL03732,T082,T091,1,school,SCH023,Washington International School,same time,2014-2017,unverified,2026-06-07
COL03733,T082,T092,5,country,United States,United States,same time,2013-2015,unverified,2026-06-07
COL03734,T082,T094,1,school,SCH005,The British School Al Khubairat,same time,2019-2021,unverified,2026-06-07
COL03735,T082,T095,1,school,SCH023,Washington International School,same time,2015-2017,unverified,2026-06-07
COL03736,T082,T096,5,country,United Arab Emirates,United Arab Emirates,same time,2019-2022,unverified,2026-06-07
COL03737,T082,T097,5,country,United Arab Emirates,United Arab Emirates,same time,2021-2022,unverified,2026-06-07
COL03738,T082,T098,2,school,SCH005,The British School Al Khubairat,different time,2018-2022 / 2002-2006,unverified,2026-06-07
COL03739,T082,T100,5,country,United Arab Emirates,United Arab Emirates,same time,2018-2019,unverified,2026-06-07
COL03740,T082,T104,5,country,United Arab Emirates,United Arab Emirates,same time,2018-2022,mutual,2026-06-07
COL03741,T082,T105,2,school,SCH023,Washington International School,different time,2013-2017 / 2000-2003,unverified,2026-06-07
COL03742,T082,T106,5,country,United Arab Emirates,United Arab Emirates,same time,2018-2018,unverified,2026-06-07
COL03743,T082,T107,5,country,United States,United States,same time,2013-2015,unverified,2026-06-07
COL03744,T082,T111,5,country,United States,United States,same time,2013-2017,unverified,2026-06-07
COL03745,T082,T114,6,country,United Arab Emirates,United Arab Emirates,different time,2018-2022 / 2004-2008,mutual,2026-06-07
COL03746,T082,T117,5,country,United Arab Emirates,United Arab Emirates,same time,2018-2022,unverified,2026-06-07
COL03747,T082,T118,5,country,United Arab Emirates,United Arab Emirates,same time,2018-2022,unverified,2026-06-07
COL03748,T082,T121,1,school,SCH023,Washington International School,same time,2016-2017,mutual,2026-06-07
COL03749,T082,T122,5,country,United States,United States,same time,2013-2017,mutual,2026-06-07
COL03750,T082,T124,6,country,United Arab Emirates,United Arab Emirates,different time,2018-2022 / 2013-2016,mutual,2026-06-07
COL03751,T082,T126,2,school,SCH005,The British School Al Khubairat,different time,2018-2022 / 2013-2016,mutual,2026-06-07
COL03752,T082,T128,5,country,United States,United States,same time,2014-2017,one-sided,2026-06-07
COL03753,T082,T131,2,school,SCH023,Washington International School,different time,2013-2017 / 2020-2023,unverified,2026-06-07
COL03754,T082,T132,5,country,United States,United States,same time,2013-2016,unverified,2026-06-07
COL03755,T082,T134,6,country,United States,United States,different time,2013-2017 / 2021-2026,one-sided,2026-06-07
COL03756,T082,T135,2,school,SCH005,The British School Al Khubairat,different time,2018-2022 / 2011-2016,unverified,2026-06-07
COL03757,T082,T140,5,country,United Arab Emirates,United Arab Emirates,same time,2018-2020,unverified,2026-06-07
COL03758,T082,T144,5,country,United Arab Emirates,United Arab Emirates,same time,2018-2020,mutual,2026-06-07
COL03759,T083,T085,2,school,SCH010,Singapore American School,different time,2013-2015 / 2016-2021,mutual,2026-06-07
COL03760,T083,T086,2,school,SCH012,Cairo American College,different time,2008-2012 / 2020-2023,unverified,2026-06-07
COL03761,T083,T087,6,country,India,India,different time,2021-2026 / 2007-2010,unverified,2026-06-07
COL03762,T083,T090,2,school,SCH025,American School of Bombay,different time,2021-2026 / 2018-2020,unverified,2026-06-07
COL03763,T083,T091,1,school,SCH025,American School of Bombay,same time,2021-2021,mutual,2026-06-07
COL03764,T083,T093,2,school,SCH010,Singapore American School,different time,2013-2015 / 2018-2021,unverified,2026-06-07
COL03765,T083,T098,1,school,SCH020,Sandford International School,same time,2020-2021,mutual,2026-06-07
COL03766,T083,T099,2,school,SCH025,American School of Bombay,different time,2021-2026 / 2015-2019,one-sided,2026-06-07
COL03767,T083,T100,1,school,SCH012,Cairo American College,same time,2008-2011,unverified,2026-06-07
COL03768,T083,T103,4,city,"Singapore, Singapore","Singapore, Singapore",different time,2013-2015 / 2021-2023,unverified,2026-06-07
COL03769,T083,T105,2,school,SCH012,Cairo American College,different time,2008-2012 / 2003-2005,unverified,2026-06-07
COL03770,T083,T106,1,school,SCH010,Singapore American School,same time,2013-2013,one-sided,2026-06-07
COL03771,T083,T107,4,city,"Singapore, Singapore","Singapore, Singapore",different time,2013-2015 / 2020-2025,unverified,2026-06-07
COL03772,T083,T109,1,school,SCH020,Sandford International School,same time,2016-2018,one-sided,2026-06-07
COL03773,T083,T112,4,city,"Singapore, Singapore","Singapore, Singapore",different time,2013-2015 / 2016-2018,unverified,2026-06-07
COL03774,T083,T113,3,city,"Addis Ababa, Ethiopia","Addis Ababa, Ethiopia",same time,2021-2021,mutual,2026-06-07
COL03775,T083,T114,1,school,SCH012,Cairo American College,same time,2008-2010,mutual,2026-06-07
COL03776,T083,T115,2,school,SCH012,Cairo American College,different time,2008-2012 / 2020-2026,unverified,2026-06-07
COL03777,T083,T119,6,country,India,India,different time,2021-2026 / 2016-2019,mutual,2026-06-07
COL03778,T083,T121,3,city,"Cairo, Egypt","Cairo, Egypt",same time,2011-2012,unverified,2026-06-07
COL03779,T083,T122,2,school,SCH020,Sandford International School,different time,2016-2021 / 2006-2011,unverified,2026-06-07
COL03780,T083,T123,4,city,"Addis Ababa, Ethiopia","Addis Ababa, Ethiopia",different time,2016-2021 / 2008-2013,unverified,2026-06-07
COL03781,T083,T125,2,school,SCH010,Singapore American School,different time,2013-2015 / 2018-2020,mutual,2026-06-07
COL03782,T083,T127,1,school,SCH020,Sandford International School,same time,2016-2018,unverified,2026-06-07
COL03783,T083,T131,2,school,SCH025,American School of Bombay,different time,2021-2026 / 2007-2009,unverified,2026-06-07
COL03784,T083,T132,2,school,SCH010,Singapore American School,different time,2013-2015 / 2009-2011,unverified,2026-06-07
COL03785,T083,T134,6,country,India,India,different time,2021-2026 / 2014-2017,unverified,2026-06-07
COL03786,T083,T135,2,school,SCH010,Singapore American School,different time,2013-2015 / 2003-2007,unverified,2026-06-07
COL03787,T083,T140,2,school,SCH012,Cairo American College,different time,2008-2012 / 2021-2026,mutual,2026-06-07
COL03788,T083,T142,4,city,"Singapore, Singapore","Singapore, Singapore",different time,2013-2015 / 2019-2021,unverified,2026-06-07
COL03789,T083,T145,2,school,SCH025,American School of Bombay,different time,2021-2026 / 2011-2015,mutual,2026-06-07
COL03790,T083,T148,1,school,SCH020,Sandford International School,same time,2017-2021,unverified,2026-06-07
COL03791,T083,T150,2,school,SCH025,American School of Bombay,different time,2021-2026 / 2013-2015,one-sided,2026-06-07
COL03792,T084,T085,2,school,SCH036,American International School of Lagos,different time,2011-2015 / 2022-2026,unverified,2026-06-07
COL03793,T084,T087,4,city,"Abu Dhabi, United Arab Emirates","Abu Dhabi, United Arab Emirates",different time,2008-2010 / 2017-2021,one-sided,2026-06-07
COL03794,T084,T088,3,city,"Bangkok, Thailand","Bangkok, Thailand",same time,2018-2019,unverified,2026-06-07
COL03795,T084,T089,2,school,SCH005,The British School Al Khubairat,different time,2008-2010 / 2016-2018,unverified,2026-06-07
COL03796,T084,T092,1,school,SCH008,International School Bangkok,same time,2019-2023,mutual,2026-06-07
COL03797,T084,T094,2,school,SCH005,The British School Al Khubairat,different time,2008-2010 / 2019-2021,one-sided,2026-06-07
COL03798,T084,T095,1,school,SCH029,The American School in London,same time,2015-2015,unverified,2026-06-07
COL03799,T084,T096,6,country,United Arab Emirates,United Arab Emirates,different time,2008-2010 / 2019-2023,unverified,2026-06-07
COL03800,T084,T097,6,country,United Arab Emirates,United Arab Emirates,different time,2008-2010 / 2021-2025,mutual,2026-06-07
COL03801,T084,T098,2,school,SCH005,The British School Al Khubairat,different time,2008-2010 / 2002-2006,unverified,2026-06-07
COL03802,T084,T100,3,city,"Bangkok, Thailand","Bangkok, Thailand",same time,2019-2022,unverified,2026-06-07
COL03803,T084,T102,1,school,SCH036,American International School of Lagos,same time,2013-2015,unverified,2026-06-07
COL03804,T084,T104,6,country,United Arab Emirates,United Arab Emirates,different time,2008-2010 / 2017-2022,unverified,2026-06-07
COL03805,T084,T106,6,country,United Arab Emirates,United Arab Emirates,different time,2008-2010 / 2014-2018,unverified,2026-06-07
COL03806,T084,T107,3,city,"Bangkok, Thailand","Bangkok, Thailand",same time,2018-2020,one-sided,2026-06-07
COL03807,T084,T108,2,school,SCH008,International School Bangkok,different time,2018-2023 / 2012-2014,unverified,2026-06-07
COL03808,T084,T110,3,city,"Bangkok, Thailand","Bangkok, Thailand",same time,2018-2019,unverified,2026-06-07
COL03809,T084,T114,5,country,United Arab Emirates,United Arab Emirates,same time,2008-2008,one-sided,2026-06-07
COL03810,T084,T116,3,city,"Bangkok, Thailand","Bangkok, Thailand",same time,2018-2020,mutual,2026-06-07
COL03811,T084,T117,6,country,United Arab Emirates,United Arab Emirates,different time,2008-2010 / 2017-2022,unverified,2026-06-07
COL03812,T084,T118,6,country,United Arab Emirates,United Arab Emirates,different time,2008-2010 / 2011-2013,unverified,2026-06-07
COL03813,T084,T119,1,school,SCH008,International School Bangkok,same time,2022-2023,unverified,2026-06-07
COL03814,T084,T122,6,country,United Arab Emirates,United Arab Emirates,different time,2008-2010 / 2021-2026,one-sided,2026-06-07
COL03815,T084,T123,2,school,SCH036,American International School of Lagos,different time,2011-2015 / 2016-2019,unverified,2026-06-07
COL03816,T084,T124,2,school,SCH036,American International School of Lagos,different time,2011-2015 / 2017-2022,unverified,2026-06-07
COL03817,T084,T126,2,school,SCH005,The British School Al Khubairat,different time,2008-2010 / 2013-2016,unverified,2026-06-07
COL03818,T084,T129,3,city,"Bangkok, Thailand","Bangkok, Thailand",same time,2020-2023,mutual,2026-06-07
COL03819,T084,T130,2,school,SCH036,American International School of Lagos,different time,2011-2015 / 2020-2025,one-sided,2026-06-07
COL03820,T084,T131,3,city,"Bangkok, Thailand","Bangkok, Thailand",same time,2018-2020,one-sided,2026-06-07
COL03821,T084,T135,2,school,SCH005,The British School Al Khubairat,different time,2008-2010 / 2011-2016,unverified,2026-06-07
COL03822,T084,T137,2,school,SCH008,International School Bangkok,different time,2018-2023 / 2009-2012,unverified,2026-06-07
COL03823,T084,T138,4,city,"Bangkok, Thailand","Bangkok, Thailand",different time,2018-2023 / 2012-2017,unverified,2026-06-07
COL03824,T084,T140,6,country,United Arab Emirates,United Arab Emirates,different time,2008-2010 / 2017-2020,unverified,2026-06-07
COL03825,T084,T141,2,school,SCH036,American International School of Lagos,different time,2011-2015 / 2017-2021,mutual,2026-06-07
COL03826,T084,T142,4,city,"Bangkok, Thailand","Bangkok, Thailand",different time,2018-2023 / 2009-2014,unverified,2026-06-07
COL03827,T084,T143,3,city,"Bangkok, Thailand","Bangkok, Thailand",same time,2018-2018,unverified,2026-06-07
COL03828,T084,T144,6,country,United Arab Emirates,United Arab Emirates,different time,2008-2010 / 2017-2020,mutual,2026-06-07
COL03829,T084,T145,2,school,SCH036,American International School of Lagos,different time,2011-2015 / 2018-2020,mutual,2026-06-07
COL03830,T084,T148,1,school,SCH036,American International School of Lagos,same time,2013-2015,unverified,2026-06-07
COL03831,T085,T086,3,city,"Singapore, Singapore","Singapore, Singapore",same time,2016-2016,unverified,2026-06-07
COL03832,T085,T093,1,school,SCH010,Singapore American School,same time,2018-2021,unverified,2026-06-07
COL03833,T085,T102,2,school,SCH036,American International School of Lagos,different time,2022-2026 / 2013-2018,unverified,2026-06-07
COL03834,T085,T103,3,city,"Singapore, Singapore","Singapore, Singapore",same time,2021-2021,mutual,2026-06-07
COL03835,T085,T106,2,school,SCH010,Singapore American School,different time,2016-2021 / 2011-2013,unverified,2026-06-07
COL03836,T085,T107,3,city,"Singapore, Singapore","Singapore, Singapore",same time,2020-2021,unverified,2026-06-07
COL03837,T085,T112,3,city,"Singapore, Singapore","Singapore, Singapore",same time,2016-2018,unverified,2026-06-07
COL03838,T085,T123,2,school,SCH036,American International School of Lagos,different time,2022-2026 / 2016-2019,unverified,2026-06-07
COL03839,T085,T124,1,school,SCH036,American International School of Lagos,same time,2022-2022,unverified,2026-06-07
COL03840,T085,T125,1,school,SCH010,Singapore American School,same time,2018-2020,unverified,2026-06-07
COL03841,T085,T127,3,city,"Singapore, Singapore","Singapore, Singapore",same time,2021-2021,unverified,2026-06-07
COL03842,T085,T130,1,school,SCH036,American International School of Lagos,same time,2022-2025,unverified,2026-06-07
COL03843,T085,T132,2,school,SCH010,Singapore American School,different time,2016-2021 / 2009-2011,unverified,2026-06-07
COL03844,T085,T135,2,school,SCH010,Singapore American School,different time,2016-2021 / 2003-2007,unverified,2026-06-07
COL03845,T085,T141,2,school,SCH036,American International School of Lagos,different time,2022-2026 / 2017-2021,mutual,2026-06-07
COL03846,T085,T142,3,city,"Singapore, Singapore","Singapore, Singapore",same time,2019-2021,one-sided,2026-06-07
COL03847,T085,T145,2,school,SCH036,American International School of Lagos,different time,2022-2026 / 2018-2020,unverified,2026-06-07
COL03848,T085,T148,2,school,SCH036,American International School of Lagos,different time,2022-2026 / 2013-2017,unverified,2026-06-07
COL03849,T086,T090,5,country,China,China,same time,2020-2020,unverified,2026-06-07
COL03850,T086,T091,2,school,SCH018,International School of Beijing,different time,2017-2020 / 2021-2023,mutual,2026-06-07
COL03851,T086,T092,5,country,China,China,same time,2017-2018,unverified,2026-06-07
COL03852,T086,T093,4,city,"Singapore, Singapore","Singapore, Singapore",different time,2014-2016 / 2018-2021,one-sided,2026-06-07
COL03853,T086,T095,5,country,China,China,same time,2017-2020,unverified,2026-06-07
COL03854,T086,T098,1,school,SCH012,Cairo American College,same time,2020-2020,one-sided,2026-06-07
COL03855,T086,T100,2,school,SCH012,Cairo American College,different time,2020-2023 / 2006-2011,one-sided,2026-06-07
COL03856,T086,T101,5,country,China,China,same time,2017-2020,unverified,2026-06-07
COL03857,T086,T103,2,school,SCH011,United World College of South East Asia,different time,2014-2016 / 2021-2023,mutual,2026-06-07
COL03858,T086,T105,2,school,SCH018,International School of Beijing,different time,2017-2020 / 2009-2014,unverified,2026-06-07
COL03859,T086,T106,2,school,SCH018,International School of Beijing,different time,2017-2020 / 2006-2010,unverified,2026-06-07
COL03860,T086,T107,2,school,SCH011,United World College of South East Asia,different time,2014-2016 / 2020-2025,unverified,2026-06-07
COL03861,T086,T108,5,country,China,China,same time,2017-2020,mutual,2026-06-07
COL03862,T086,T109,2,school,SCH012,Cairo American College,different time,2020-2023 / 2013-2015,one-sided,2026-06-07
COL03863,T086,T112,1,school,SCH011,United World College of South East Asia,same time,2016-2016,unverified,2026-06-07
COL03864,T086,T114,2,school,SCH012,Cairo American College,different time,2020-2023 / 2008-2010,unverified,2026-06-07
COL03865,T086,T115,1,school,SCH012,Cairo American College,same time,2020-2023,unverified,2026-06-07
COL03866,T086,T116,6,country,China,China,different time,2017-2020 / 2010-2012,unverified,2026-06-07
COL03867,T086,T117,5,country,China,China,same time,2017-2017,mutual,2026-06-07
COL03868,T086,T120,5,country,China,China,same time,2019-2020,unverified,2026-06-07
COL03869,T086,T121,4,city,"Cairo, Egypt","Cairo, Egypt",different time,2020-2023 / 2011-2016,one-sided,2026-06-07
COL03870,T086,T123,6,country,China,China,different time,2017-2020 / 2000-2004,unverified,2026-06-07
COL03871,T086,T125,1,school,SCH018,International School of Beijing,same time,2020-2020,unverified,2026-06-07
COL03872,T086,T127,1,school,SCH012,Cairo American College,same time,2020-2021,unverified,2026-06-07
COL03873,T086,T129,5,country,China,China,same time,2018-2020,unverified,2026-06-07
COL03874,T086,T131,6,country,China,China,different time,2017-2020 / 2010-2015,unverified,2026-06-07
COL03875,T086,T132,4,city,"Singapore, Singapore","Singapore, Singapore",different time,2014-2016 / 2009-2011,one-sided,2026-06-07
COL03876,T086,T134,1,school,SCH018,International School of Beijing,same time,2018-2020,unverified,2026-06-07
COL03877,T086,T135,3,city,"Cairo, Egypt","Cairo, Egypt",same time,2020-2021,unverified,2026-06-07
COL03878,T086,T137,6,country,China,China,different time,2017-2020 / 2006-2009,mutual,2026-06-07
COL03879,T086,T138,5,country,China,China,same time,2017-2020,unverified,2026-06-07
COL03880,T086,T139,6,country,China,China,different time,2017-2020 / 2021-2026,unverified,2026-06-07
COL03881,T086,T140,1,school,SCH012,Cairo American College,same time,2021-2023,unverified,2026-06-07
COL03882,T086,T142,2,school,SCH011,United World College of South East Asia,different time,2014-2016 / 2019-2021,unverified,2026-06-07
COL03883,T086,T143,6,country,China,China,different time,2017-2020 / 2007-2012,unverified,2026-06-07
COL03884,T086,T144,6,country,China,China,different time,2017-2020 / 2021-2023,unverified,2026-06-07
COL03885,T086,T149,5,country,China,China,same time,2017-2018,unverified,2026-06-07
COL03886,T087,T088,4,city,"Dubai, United Arab Emirates","Dubai, United Arab Emirates",different time,2011-2016 / 2020-2022,mutual,2026-06-07
COL03887,T087,T089,3,city,"Abu Dhabi, United Arab Emirates","Abu Dhabi, United Arab Emirates",same time,2017-2018,unverified,2026-06-07
COL03888,T087,T090,6,country,India,India,different time,2007-2010 / 2018-2020,unverified,2026-06-07
COL03889,T087,T091,6,country,India,India,different time,2007-2010 / 2019-2021,mutual,2026-06-07
COL03890,T087,T092,2,school,SCH037,Lincoln Community School Accra,different time,2022-2025 / 2007-2012,one-sided,2026-06-07
COL03891,T087,T093,2,school,SCH037,Lincoln Community School Accra,different time,2022-2025 / 2015-2018,mutual,2026-06-07
COL03892,T087,T094,3,city,"Abu Dhabi, United Arab Emirates","Abu Dhabi, United Arab Emirates",same time,2019-2021,unverified,2026-06-07
COL03893,T087,T096,2,school,SCH002,GEMS World Academy Dubai,different time,2011-2016 / 2019-2023,one-sided,2026-06-07
COL03894,T087,T097,4,city,"Dubai, United Arab Emirates","Dubai, United Arab Emirates",different time,2011-2016 / 2021-2025,unverified,2026-06-07
COL03895,T087,T098,4,city,"Abu Dhabi, United Arab Emirates","Abu Dhabi, United Arab Emirates",different time,2017-2021 / 2002-2006,unverified,2026-06-07
COL03896,T087,T099,6,country,India,India,different time,2007-2010 / 2015-2019,unverified,2026-06-07
COL03897,T087,T100,3,city,"Dubai, United Arab Emirates","Dubai, United Arab Emirates",same time,2014-2016,unverified,2026-06-07
COL03898,T087,T104,2,school,SCH002,GEMS World Academy Dubai,different time,2011-2016 / 2017-2022,unverified,2026-06-07
COL03899,T087,T106,3,city,"Dubai, United Arab Emirates","Dubai, United Arab Emirates",same time,2014-2016,mutual,2026-06-07
COL03900,T087,T114,4,city,"Dubai, United Arab Emirates","Dubai, United Arab Emirates",different time,2011-2016 / 2004-2008,unverified,2026-06-07
COL03901,T087,T115,1,school,SCH026,American Embassy School New Delhi,same time,2007-2010,mutual,2026-06-07
COL03902,T087,T117,4,city,"Dubai, United Arab Emirates","Dubai, United Arab Emirates",different time,2011-2016 / 2017-2022,mutual,2026-06-07
COL03903,T087,T118,1,school,SCH002,GEMS World Academy Dubai,same time,2011-2013,unverified,2026-06-07
COL03904,T087,T119,2,school,SCH026,American Embassy School New Delhi,different time,2007-2010 / 2016-2019,one-sided,2026-06-07
COL03905,T087,T122,4,city,"Dubai, United Arab Emirates","Dubai, United Arab Emirates",different time,2011-2016 / 2021-2026,mutual,2026-06-07
COL03906,T087,T124,3,city,"Dubai, United Arab Emirates","Dubai, United Arab Emirates",same time,2013-2016,one-sided,2026-06-07
COL03907,T087,T126,4,city,"Abu Dhabi, United Arab Emirates","Abu Dhabi, United Arab Emirates",different time,2017-2021 / 2013-2016,unverified,2026-06-07
COL03908,T087,T127,2,school,SCH037,Lincoln Community School Accra,different time,2022-2025 / 2009-2012,mutual,2026-06-07
COL03909,T087,T131,5,country,India,India,same time,2007-2009,unverified,2026-06-07
COL03910,T087,T134,2,school,SCH026,American Embassy School New Delhi,different time,2007-2010 / 2014-2017,one-sided,2026-06-07
COL03911,T087,T135,4,city,"Abu Dhabi, United Arab Emirates","Abu Dhabi, United Arab Emirates",different time,2017-2021 / 2011-2016,unverified,2026-06-07
COL03912,T087,T140,2,school,SCH002,GEMS World Academy Dubai,different time,2011-2016 / 2017-2020,unverified,2026-06-07
COL03913,T087,T144,4,city,"Dubai, United Arab Emirates","Dubai, United Arab Emirates",different time,2011-2016 / 2017-2020,unverified,2026-06-07
COL03914,T087,T145,6,country,India,India,different time,2007-2010 / 2011-2015,mutual,2026-06-07
COL03915,T087,T148,5,country,India,India,same time,2009-2010,unverified,2026-06-07
COL03916,T087,T150,6,country,India,India,different time,2007-2010 / 2013-2015,mutual,2026-06-07
COL03917,T088,T089,6,country,United Arab Emirates,United Arab Emirates,different time,2020-2022 / 2016-2018,unverified,2026-06-07
COL03918,T088,T092,3,city,"Bangkok, Thailand","Bangkok, Thailand",same time,2019-2019,unverified,2026-06-07
COL03919,T088,T094,4,city,"Bangkok, Thailand","Bangkok, Thailand",different time,2016-2019 / 2021-2026,mutual,2026-06-07
COL03920,T088,T096,3,city,"Dubai, United Arab Emirates","Dubai, United Arab Emirates",same time,2020-2022,unverified,2026-06-07
COL03921,T088,T097,3,city,"Dubai, United Arab Emirates","Dubai, United Arab Emirates",same time,2021-2022,unverified,2026-06-07
COL03922,T088,T098,6,country,United Arab Emirates,United Arab Emirates,different time,2020-2022 / 2002-2006,mutual,2026-06-07
COL03923,T088,T100,2,school,SCH003,Dubai International Academy,different time,2020-2022 / 2014-2019,unverified,2026-06-07
COL03924,T088,T104,3,city,"Dubai, United Arab Emirates","Dubai, United Arab Emirates",same time,2020-2022,mutual,2026-06-07
COL03925,T088,T106,2,school,SCH003,Dubai International Academy,different time,2020-2022 / 2014-2018,unverified,2026-06-07
COL03926,T088,T107,3,city,"Bangkok, Thailand","Bangkok, Thailand",same time,2016-2019,unverified,2026-06-07
COL03927,T088,T108,4,city,"Bangkok, Thailand","Bangkok, Thailand",different time,2016-2019 / 2012-2014,one-sided,2026-06-07
COL03928,T088,T110,1,school,SCH007,NIST International School,same time,2017-2019,unverified,2026-06-07
COL03929,T088,T114,4,city,"Dubai, United Arab Emirates","Dubai, United Arab Emirates",different time,2020-2022 / 2004-2008,mutual,2026-06-07
COL03930,T088,T116,1,school,SCH007,NIST International School,same time,2017-2019,unverified,2026-06-07
COL03931,T088,T117,3,city,"Dubai, United Arab Emirates","Dubai, United Arab Emirates",same time,2020-2022,mutual,2026-06-07
COL03932,T088,T118,1,school,SCH003,Dubai International Academy,same time,2020-2022,unverified,2026-06-07
COL03933,T088,T119,4,city,"Bangkok, Thailand","Bangkok, Thailand",different time,2016-2019 / 2022-2026,unverified,2026-06-07
COL03934,T088,T122,3,city,"Dubai, United Arab Emirates","Dubai, United Arab Emirates",same time,2021-2022,unverified,2026-06-07
COL03935,T088,T123,4,city,"Bangkok, Thailand","Bangkok, Thailand",different time,2016-2019 / 2004-2008,unverified,2026-06-07
COL03936,T088,T124,4,city,"Dubai, United Arab Emirates","Dubai, United Arab Emirates",different time,2020-2022 / 2013-2016,unverified,2026-06-07
COL03937,T088,T126,6,country,United Arab Emirates,United Arab Emirates,different time,2020-2022 / 2013-2016,unverified,2026-06-07
COL03938,T088,T129,4,city,"Bangkok, Thailand","Bangkok, Thailand",different time,2016-2019 / 2020-2026,unverified,2026-06-07
COL03939,T088,T131,1,school,SCH007,NIST International School,same time,2016-2019,unverified,2026-06-07
COL03940,T088,T135,2,school,SCH007,NIST International School,different time,2016-2019 / 2007-2010,one-sided,2026-06-07
COL03941,T088,T137,4,city,"Bangkok, Thailand","Bangkok, Thailand",different time,2016-2019 / 2009-2012,mutual,2026-06-07
COL03942,T088,T138,3,city,"Bangkok, Thailand","Bangkok, Thailand",same time,2016-2017,mutual,2026-06-07
COL03943,T088,T140,3,city,"Dubai, United Arab Emirates","Dubai, United Arab Emirates",same time,2020-2020,unverified,2026-06-07
COL03944,T088,T142,2,school,SCH007,NIST International School,different time,2016-2019 / 2009-2014,unverified,2026-06-07
COL03945,T088,T143,3,city,"Bangkok, Thailand","Bangkok, Thailand",same time,2016-2018,mutual,2026-06-07
COL03946,T088,T144,3,city,"Dubai, United Arab Emirates","Dubai, United Arab Emirates",same time,2020-2020,unverified,2026-06-07
COL03947,T089,T093,2,school,SCH039,International School Ho Chi Minh City,different time,2014-2016 / 2022-2026,unverified,2026-06-07
COL03948,T089,T094,2,school,SCH005,The British School Al Khubairat,different time,2016-2018 / 2019-2021,unverified,2026-06-07
COL03949,T089,T096,6,country,United Arab Emirates,United Arab Emirates,different time,2016-2018 / 2019-2023,unverified,2026-06-07
COL03950,T089,T097,6,country,United Arab Emirates,United Arab Emirates,different time,2016-2018 / 2021-2025,unverified,2026-06-07
COL03951,T089,T098,2,school,SCH005,The British School Al Khubairat,different time,2016-2018 / 2002-2006,unverified,2026-06-07
COL03952,T089,T100,5,country,United Arab Emirates,United Arab Emirates,same time,2016-2018,unverified,2026-06-07
COL03953,T089,T104,5,country,United Arab Emirates,United Arab Emirates,same time,2017-2018,unverified,2026-06-07
COL03954,T089,T105,5,country,Vietnam,Vietnam,same time,2015-2016,unverified,2026-06-07
COL03955,T089,T106,5,country,United Arab Emirates,United Arab Emirates,same time,2016-2018,mutual,2026-06-07
COL03956,T089,T110,6,country,Vietnam,Vietnam,different time,2014-2016 / 2019-2021,one-sided,2026-06-07
COL03957,T089,T111,6,country,Vietnam,Vietnam,different time,2014-2016 / 2022-2026,unverified,2026-06-07
COL03958,T089,T114,6,country,United Arab Emirates,United Arab Emirates,different time,2016-2018 / 2004-2008,unverified,2026-06-07
COL03959,T089,T117,5,country,United Arab Emirates,United Arab Emirates,same time,2017-2018,one-sided,2026-06-07
COL03960,T089,T118,5,country,United Arab Emirates,United Arab Emirates,same time,2016-2016,unverified,2026-06-07
COL03961,T089,T122,1,school,SCH024,American School of Kuwait,same time,2019-2020,unverified,2026-06-07
COL03962,T089,T124,5,country,United Arab Emirates,United Arab Emirates,same time,2016-2016,one-sided,2026-06-07
COL03963,T089,T126,1,school,SCH005,The British School Al Khubairat,same time,2016-2016,one-sided,2026-06-07
COL03964,T089,T128,2,school,SCH039,International School Ho Chi Minh City,different time,2014-2016 / 2018-2021,unverified,2026-06-07
COL03965,T089,T130,1,school,SCH039,International School Ho Chi Minh City,same time,2016-2016,unverified,2026-06-07
COL03966,T089,T132,2,school,SCH039,International School Ho Chi Minh City,different time,2014-2016 / 2017-2021,unverified,2026-06-07
COL03967,T089,T135,1,school,SCH005,The British School Al Khubairat,same time,2016-2016,unverified,2026-06-07
COL03968,T089,T140,5,country,United Arab Emirates,United Arab Emirates,same time,2017-2018,unverified,2026-06-07
COL03969,T089,T144,5,country,United Arab Emirates,United Arab Emirates,same time,2017-2018,unverified,2026-06-07
COL03970,T089,T145,6,country,Vietnam,Vietnam,different time,2014-2016 / 2020-2022,mutual,2026-06-07
COL03971,T089,T146,2,school,SCH039,International School Ho Chi Minh City,different time,2014-2016 / 2019-2026,one-sided,2026-06-07
COL03972,T090,T091,1,school,SCH025,American School of Bombay,same time,2019-2020,unverified,2026-06-07
COL03973,T090,T092,2,school,SCH015,Canadian International School of Hong Kong,different time,2020-2026 / 2016-2018,one-sided,2026-06-07
COL03974,T090,T095,3,city,"Hong Kong, China","Hong Kong, China",same time,2020-2022,unverified,2026-06-07
COL03975,T090,T099,1,school,SCH025,American School of Bombay,same time,2018-2019,unverified,2026-06-07
COL03976,T090,T101,5,country,China,China,same time,2020-2021,unverified,2026-06-07
COL03977,T090,T105,6,country,China,China,different time,2020-2026 / 2009-2014,one-sided,2026-06-07
COL03978,T090,T106,6,country,China,China,different time,2020-2026 / 2006-2010,one-sided,2026-06-07
COL03979,T090,T108,5,country,China,China,same time,2020-2020,unverified,2026-06-07
COL03980,T090,T109,5,country,China,China,same time,2020-2021,unverified,2026-06-07
COL03981,T090,T112,5,country,China,China,same time,2020-2022,unverified,2026-06-07
COL03982,T090,T114,6,country,China,China,different time,2020-2026 / 2014-2018,unverified,2026-06-07
COL03983,T090,T115,2,school,SCH015,Canadian International School of Hong Kong,different time,2020-2026 / 2015-2019,unverified,2026-06-07
COL03984,T090,T116,4,city,"Hong Kong, China","Hong Kong, China",different time,2020-2026 / 2010-2012,unverified,2026-06-07
COL03985,T090,T117,2,school,SCH015,Canadian International School of Hong Kong,different time,2020-2026 / 2013-2017,unverified,2026-06-07
COL03986,T090,T119,5,country,India,India,same time,2018-2019,mutual,2026-06-07
COL03987,T090,T120,5,country,China,China,same time,2020-2023,unverified,2026-06-07
COL03988,T090,T123,6,country,China,China,different time,2020-2026 / 2000-2004,unverified,2026-06-07
COL03989,T090,T125,5,country,China,China,same time,2020-2022,one-sided,2026-06-07
COL03990,T090,T129,1,school,SCH015,Canadian International School of Hong Kong,same time,2020-2020,unverified,2026-06-07
COL03991,T090,T131,2,school,SCH025,American School of Bombay,different time,2018-2020 / 2007-2009,unverified,2026-06-07
COL03992,T090,T134,5,country,China,China,same time,2020-2020,one-sided,2026-06-07
COL03993,T090,T137,6,country,China,China,different time,2020-2026 / 2006-2009,unverified,2026-06-07
COL03994,T090,T138,3,city,"Hong Kong, China","Hong Kong, China",same time,2020-2021,one-sided,2026-06-07
COL03995,T090,T139,5,country,China,China,same time,2021-2026,unverified,2026-06-07
COL03996,T090,T142,6,country,China,China,different time,2020-2026 / 2015-2019,mutual,2026-06-07
COL03997,T090,T143,6,country,China,China,different time,2020-2026 / 2007-2012,unverified,2026-06-07
COL03998,T090,T144,5,country,China,China,same time,2021-2023,unverified,2026-06-07
COL03999,T090,T145,2,school,SCH025,American School of Bombay,different time,2018-2020 / 2011-2015,one-sided,2026-06-07
COL04000,T090,T148,2,school,SCH025,American School of Bombay,different time,2018-2020 / 2009-2013,unverified,2026-06-07
COL04001,T090,T149,6,country,China,China,different time,2020-2026 / 2014-2018,unverified,2026-06-07
COL04002,T090,T150,2,school,SCH025,American School of Bombay,different time,2018-2020 / 2013-2015,unverified,2026-06-07
COL04003,T091,T092,5,country,United States,United States,same time,2014-2015,unverified,2026-06-07
COL04004,T091,T095,1,school,SCH023,Washington International School,same time,2015-2017,one-sided,2026-06-07
COL04005,T091,T099,1,school,SCH025,American School of Bombay,same time,2019-2019,mutual,2026-06-07
COL04006,T091,T101,5,country,China,China,same time,2021-2021,unverified,2026-06-07
COL04007,T091,T105,2,school,SCH023,Washington International School,different time,2014-2018 / 2000-2003,mutual,2026-06-07
COL04008,T091,T106,2,school,SCH018,International School of Beijing,different time,2021-2023 / 2006-2010,mutual,2026-06-07
COL04009,T091,T107,5,country,United States,United States,same time,2014-2015,mutual,2026-06-07
COL04010,T091,T108,6,country,China,China,different time,2021-2023 / 2016-2020,mutual,2026-06-07
COL04011,T091,T109,5,country,China,China,same time,2021-2021,unverified,2026-06-07
COL04012,T091,T111,5,country,United States,United States,same time,2014-2018,mutual,2026-06-07
COL04013,T091,T112,5,country,China,China,same time,2021-2022,unverified,2026-06-07
COL04014,T091,T114,6,country,China,China,different time,2021-2023 / 2014-2018,one-sided,2026-06-07
COL04015,T091,T115,6,country,India,India,different time,2019-2021 / 2007-2010,unverified,2026-06-07
COL04016,T091,T116,6,country,China,China,different time,2021-2023 / 2010-2012,unverified,2026-06-07
COL04017,T091,T117,6,country,China,China,different time,2021-2023 / 2013-2017,one-sided,2026-06-07
COL04018,T091,T119,5,country,India,India,same time,2019-2019,unverified,2026-06-07
COL04019,T091,T120,5,country,China,China,same time,2021-2023,unverified,2026-06-07
COL04020,T091,T121,1,school,SCH023,Washington International School,same time,2016-2018,mutual,2026-06-07
COL04021,T091,T122,5,country,United States,United States,same time,2014-2017,unverified,2026-06-07
COL04022,T091,T123,6,country,China,China,different time,2021-2023 / 2000-2004,mutual,2026-06-07
COL04023,T091,T125,1,school,SCH018,International School of Beijing,same time,2021-2022,unverified,2026-06-07
COL04024,T091,T126,5,country,United States,United States,same time,2016-2018,one-sided,2026-06-07
COL04025,T091,T128,5,country,United States,United States,same time,2014-2018,unverified,2026-06-07
COL04026,T091,T129,6,country,China,China,different time,2021-2023 / 2018-2020,unverified,2026-06-07
COL04027,T091,T131,2,school,SCH023,Washington International School,different time,2014-2018 / 2020-2023,mutual,2026-06-07
COL04028,T091,T132,5,country,United States,United States,same time,2014-2016,one-sided,2026-06-07
COL04029,T091,T134,2,school,SCH018,International School of Beijing,different time,2021-2023 / 2018-2020,one-sided,2026-06-07
COL04030,T091,T137,6,country,China,China,different time,2021-2023 / 2006-2009,unverified,2026-06-07
COL04031,T091,T138,5,country,China,China,same time,2021-2021,unverified,2026-06-07
COL04032,T091,T139,5,country,China,China,same time,2021-2023,mutual,2026-06-07
COL04033,T091,T142,6,country,China,China,different time,2021-2023 / 2015-2019,unverified,2026-06-07
COL04034,T091,T143,6,country,China,China,different time,2021-2023 / 2007-2012,mutual,2026-06-07
COL04035,T091,T144,5,country,China,China,same time,2021-2023,one-sided,2026-06-07
COL04036,T091,T145,2,school,SCH025,American School of Bombay,different time,2019-2021 / 2011-2015,unverified,2026-06-07
COL04037,T091,T148,2,school,SCH025,American School of Bombay,different time,2019-2021 / 2009-2013,unverified,2026-06-07
COL04038,T091,T149,6,country,China,China,different time,2021-2023 / 2014-2018,unverified,2026-06-07
COL04039,T091,T150,2,school,SCH025,American School of Bombay,different time,2019-2021 / 2013-2015,unverified,2026-06-07
COL04040,T092,T093,2,school,SCH037,Lincoln Community School Accra,different time,2007-2012 / 2015-2018,unverified,2026-06-07
COL04041,T092,T094,3,city,"Bangkok, Thailand","Bangkok, Thailand",same time,2021-2023,unverified,2026-06-07
COL04042,T092,T095,3,city,"Hong Kong, China","Hong Kong, China",same time,2017-2018,mutual,2026-06-07
COL04043,T092,T100,3,city,"Bangkok, Thailand","Bangkok, Thailand",same time,2019-2022,unverified,2026-06-07
COL04044,T092,T101,5,country,China,China,same time,2016-2018,unverified,2026-06-07
COL04045,T092,T105,6,country,United States,United States,different time,2013-2015 / 2000-2003,unverified,2026-06-07
COL04046,T092,T106,6,country,China,China,different time,2016-2018 / 2006-2010,unverified,2026-06-07
COL04047,T092,T107,1,school,SCH021,Denver International School,same time,2013-2015,unverified,2026-06-07
COL04048,T092,T108,2,school,SCH008,International School Bangkok,different time,2019-2023 / 2012-2014,unverified,2026-06-07
COL04049,T092,T109,5,country,China,China,same time,2018-2018,mutual,2026-06-07
COL04050,T092,T110,3,city,"Bangkok, Thailand","Bangkok, Thailand",same time,2019-2019,unverified,2026-06-07
COL04051,T092,T111,1,school,SCH021,Denver International School,same time,2013-2015,mutual,2026-06-07
COL04052,T092,T112,5,country,China,China,same time,2018-2018,one-sided,2026-06-07
COL04053,T092,T114,5,country,China,China,same time,2016-2018,unverified,2026-06-07
COL04054,T092,T115,1,school,SCH015,Canadian International School of Hong Kong,same time,2016-2018,one-sided,2026-06-07
COL04055,T092,T116,3,city,"Bangkok, Thailand","Bangkok, Thailand",same time,2019-2020,unverified,2026-06-07
COL04056,T092,T117,1,school,SCH015,Canadian International School of Hong Kong,same time,2016-2017,unverified,2026-06-07
COL04057,T092,T119,1,school,SCH008,International School Bangkok,same time,2022-2023,one-sided,2026-06-07
COL04058,T092,T120,6,country,China,China,different time,2016-2018 / 2019-2023,unverified,2026-06-07
COL04059,T092,T121,6,country,United States,United States,different time,2013-2015 / 2016-2021,unverified,2026-06-07
COL04060,T092,T122,1,school,SCH021,Denver International School,same time,2013-2015,unverified,2026-06-07
COL04061,T092,T123,2,school,SCH008,International School Bangkok,different time,2019-2023 / 2004-2008,unverified,2026-06-07
COL04062,T092,T125,6,country,China,China,different time,2016-2018 / 2020-2022,unverified,2026-06-07
COL04063,T092,T126,4,city,"Denver, United States","Denver, United States",different time,2013-2015 / 2016-2021,unverified,2026-06-07
COL04064,T092,T127,1,school,SCH037,Lincoln Community School Accra,same time,2009-2012,unverified,2026-06-07
COL04065,T092,T128,1,school,SCH021,Denver International School,same time,2014-2015,unverified,2026-06-07
COL04066,T092,T129,1,school,SCH015,Canadian International School of Hong Kong,same time,2018-2018,unverified,2026-06-07
COL04067,T092,T131,3,city,"Bangkok, Thailand","Bangkok, Thailand",same time,2019-2020,unverified,2026-06-07
COL04068,T092,T132,1,school,SCH021,Denver International School,same time,2013-2015,unverified,2026-06-07
COL04069,T092,T134,4,city,"Denver, United States","Denver, United States",different time,2013-2015 / 2021-2026,unverified,2026-06-07
COL04070,T092,T135,4,city,"Bangkok, Thailand","Bangkok, Thailand",different time,2019-2023 / 2007-2010,unverified,2026-06-07
COL04071,T092,T137,2,school,SCH008,International School Bangkok,different time,2019-2023 / 2009-2012,unverified,2026-06-07
COL04072,T092,T138,3,city,"Hong Kong, China","Hong Kong, China",same time,2017-2018,unverified,2026-06-07
COL04073,T092,T139,6,country,China,China,different time,2016-2018 / 2021-2026,one-sided,2026-06-07
COL04074,T092,T142,4,city,"Bangkok, Thailand","Bangkok, Thailand",different time,2019-2023 / 2009-2014,unverified,2026-06-07
COL04075,T092,T143,4,city,"Bangkok, Thailand","Bangkok, Thailand",different time,2019-2023 / 2013-2018,unverified,2026-06-07
COL04076,T092,T144,6,country,China,China,different time,2016-2018 / 2021-2023,mutual,2026-06-07
COL04077,T092,T149,5,country,China,China,same time,2016-2018,unverified,2026-06-07
COL04078,T093,T098,1,school,SCH030,International School of Geneva,same time,2009-2010,one-sided,2026-06-07
COL04079,T093,T103,3,city,"Singapore, Singapore","Singapore, Singapore",same time,2021-2021,unverified,2026-06-07
COL04080,T093,T105,6,country,Vietnam,Vietnam,different time,2022-2026 / 2015-2020,one-sided,2026-06-07
COL04081,T093,T106,2,school,SCH010,Singapore American School,different time,2018-2021 / 2011-2013,unverified,2026-06-07
COL04082,T093,T107,3,city,"Singapore, Singapore","Singapore, Singapore",same time,2020-2021,unverified,2026-06-07
COL04083,T093,T110,6,country,Vietnam,Vietnam,different time,2022-2026 / 2019-2021,unverified,2026-06-07
COL04084,T093,T111,5,country,Vietnam,Vietnam,same time,2022-2026,unverified,2026-06-07
COL04085,T093,T112,3,city,"Singapore, Singapore","Singapore, Singapore",same time,2018-2018,unverified,2026-06-07
COL04086,T093,T116,1,school,SCH030,International School of Geneva,same time,2012-2014,unverified,2026-06-07
COL04087,T093,T125,1,school,SCH010,Singapore American School,same time,2018-2020,unverified,2026-06-07
COL04088,T093,T127,2,school,SCH037,Lincoln Community School Accra,different time,2015-2018 / 2009-2012,mutual,2026-06-07
COL04089,T093,T128,2,school,SCH039,International School Ho Chi Minh City,different time,2022-2026 / 2018-2021,unverified,2026-06-07
COL04090,T093,T130,2,school,SCH039,International School Ho Chi Minh City,different time,2022-2026 / 2016-2019,mutual,2026-06-07
COL04091,T093,T132,2,school,SCH010,Singapore American School,different time,2018-2021 / 2009-2011,unverified,2026-06-07
COL04092,T093,T135,2,school,SCH010,Singapore American School,different time,2018-2021 / 2003-2007,one-sided,2026-06-07
COL04093,T093,T142,3,city,"Singapore, Singapore","Singapore, Singapore",same time,2019-2021,unverified,2026-06-07
COL04094,T093,T145,5,country,Vietnam,Vietnam,same time,2022-2022,one-sided,2026-06-07
COL04095,T093,T146,1,school,SCH039,International School Ho Chi Minh City,same time,2022-2026,unverified,2026-06-07
COL04096,T093,T149,2,school,SCH030,International School of Geneva,different time,2009-2014 / 2018-2022,one-sided,2026-06-07
COL04097,T093,T150,2,school,SCH030,International School of Geneva,different time,2009-2014 / 2019-2022,unverified,2026-06-07
COL04098,T094,T096,5,country,United Arab Emirates,United Arab Emirates,same time,2019-2021,unverified,2026-06-07
COL04099,T094,T097,5,country,United Arab Emirates,United Arab Emirates,same time,2021-2021,unverified,2026-06-07
COL04100,T094,T098,2,school,SCH005,The British School Al Khubairat,different time,2019-2021 / 2002-2006,mutual,2026-06-07
COL04101,T094,T100,1,school,SCH009,Bangkok Patana School,same time,2021-2022,unverified,2026-06-07
COL04102,T094,T104,5,country,United Arab Emirates,United Arab Emirates,same time,2019-2021,unverified,2026-06-07
COL04103,T094,T106,6,country,United Arab Emirates,United Arab Emirates,different time,2019-2021 / 2014-2018,mutual,2026-06-07
COL04104,T094,T107,2,school,SCH009,Bangkok Patana School,different time,2021-2026 / 2016-2020,unverified,2026-06-07
COL04105,T094,T108,4,city,"Bangkok, Thailand","Bangkok, Thailand",different time,2021-2026 / 2012-2014,unverified,2026-06-07
COL04106,T094,T110,4,city,"Bangkok, Thailand","Bangkok, Thailand",different time,2021-2026 / 2017-2019,mutual,2026-06-07
COL04107,T094,T114,6,country,United Arab Emirates,United Arab Emirates,different time,2019-2021 / 2004-2008,unverified,2026-06-07
COL04108,T094,T116,4,city,"Bangkok, Thailand","Bangkok, Thailand",different time,2021-2026 / 2017-2020,mutual,2026-06-07
COL04109,T094,T117,5,country,United Arab Emirates,United Arab Emirates,same time,2019-2021,unverified,2026-06-07
COL04110,T094,T118,5,country,United Arab Emirates,United Arab Emirates,same time,2019-2021,unverified,2026-06-07
COL04111,T094,T119,3,city,"Bangkok, Thailand","Bangkok, Thailand",same time,2022-2026,unverified,2026-06-07
COL04112,T094,T122,5,country,United Arab Emirates,United Arab Emirates,same time,2021-2021,unverified,2026-06-07
COL04113,T094,T123,4,city,"Bangkok, Thailand","Bangkok, Thailand",different time,2021-2026 / 2004-2008,mutual,2026-06-07
COL04114,T094,T124,6,country,United Arab Emirates,United Arab Emirates,different time,2019-2021 / 2013-2016,unverified,2026-06-07
COL04115,T094,T126,2,school,SCH005,The British School Al Khubairat,different time,2019-2021 / 2013-2016,unverified,2026-06-07
COL04116,T094,T129,1,school,SCH009,Bangkok Patana School,same time,2021-2026,unverified,2026-06-07
COL04117,T094,T131,4,city,"Bangkok, Thailand","Bangkok, Thailand",different time,2021-2026 / 2016-2020,unverified,2026-06-07
COL04118,T094,T135,2,school,SCH005,The British School Al Khubairat,different time,2019-2021 / 2011-2016,unverified,2026-06-07
COL04119,T094,T137,4,city,"Bangkok, Thailand","Bangkok, Thailand",different time,2021-2026 / 2009-2012,unverified,2026-06-07
COL04120,T094,T138,2,school,SCH009,Bangkok Patana School,different time,2021-2026 / 2012-2017,unverified,2026-06-07
COL04121,T094,T140,5,country,United Arab Emirates,United Arab Emirates,same time,2019-2020,one-sided,2026-06-07
COL04122,T094,T142,4,city,"Bangkok, Thailand","Bangkok, Thailand",different time,2021-2026 / 2009-2014,unverified,2026-06-07
COL04123,T094,T143,2,school,SCH009,Bangkok Patana School,different time,2021-2026 / 2013-2018,unverified,2026-06-07
COL04124,T094,T144,5,country,United Arab Emirates,United Arab Emirates,same time,2019-2020,unverified,2026-06-07
COL04125,T095,T101,5,country,China,China,same time,2017-2021,unverified,2026-06-07
COL04126,T095,T105,2,school,SCH023,Washington International School,different time,2015-2017 / 2000-2003,unverified,2026-06-07
COL04127,T095,T106,6,country,China,China,different time,2017-2022 / 2006-2010,one-sided,2026-06-07
COL04128,T095,T107,5,country,United States,United States,same time,2015-2015,mutual,2026-06-07
COL04129,T095,T108,5,country,China,China,same time,2017-2020,mutual,2026-06-07
COL04130,T095,T109,5,country,China,China,same time,2018-2021,unverified,2026-06-07
COL04131,T095,T111,5,country,United States,United States,same time,2015-2017,unverified,2026-06-07
COL04132,T095,T112,5,country,China,China,same time,2018-2022,unverified,2026-06-07
COL04133,T095,T114,5,country,China,China,same time,2017-2018,unverified,2026-06-07
COL04134,T095,T115,3,city,"Hong Kong, China","Hong Kong, China",same time,2017-2019,unverified,2026-06-07
COL04135,T095,T116,2,school,SCH014,Hong Kong International School,different time,2017-2022 / 2010-2012,unverified,2026-06-07
COL04136,T095,T117,3,city,"Hong Kong, China","Hong Kong, China",same time,2017-2017,unverified,2026-06-07
COL04137,T095,T120,5,country,China,China,same time,2019-2022,unverified,2026-06-07
COL04138,T095,T121,1,school,SCH023,Washington International School,same time,2016-2017,unverified,2026-06-07
COL04139,T095,T122,5,country,United States,United States,same time,2015-2017,unverified,2026-06-07
COL04140,T095,T123,6,country,China,China,different time,2017-2022 / 2000-2004,unverified,2026-06-07
COL04141,T095,T125,5,country,China,China,same time,2020-2022,mutual,2026-06-07
COL04142,T095,T126,5,country,United States,United States,same time,2016-2017,mutual,2026-06-07
COL04143,T095,T128,5,country,United States,United States,same time,2015-2017,mutual,2026-06-07
COL04144,T095,T129,3,city,"Hong Kong, China","Hong Kong, China",same time,2018-2020,unverified,2026-06-07
COL04145,T095,T131,2,school,SCH023,Washington International School,different time,2015-2017 / 2020-2023,unverified,2026-06-07
COL04146,T095,T132,5,country,United States,United States,same time,2015-2016,unverified,2026-06-07
COL04147,T095,T133,2,school,SCH027,International School of Kenya,different time,2007-2011 / 2019-2023,unverified,2026-06-07
COL04148,T095,T134,5,country,China,China,same time,2018-2020,unverified,2026-06-07
COL04149,T095,T137,2,school,SCH027,International School of Kenya,different time,2007-2011 / 2013-2018,one-sided,2026-06-07
COL04150,T095,T138,1,school,SCH014,Hong Kong International School,same time,2017-2021,unverified,2026-06-07
COL04151,T095,T139,5,country,China,China,same time,2021-2022,unverified,2026-06-07
COL04152,T095,T141,2,school,SCH029,The American School in London,different time,2011-2015 / 2022-2026,unverified,2026-06-07
COL04153,T095,T142,5,country,China,China,same time,2017-2019,unverified,2026-06-07
COL04154,T095,T143,6,country,China,China,different time,2017-2022 / 2007-2012,unverified,2026-06-07
COL04155,T095,T144,5,country,China,China,same time,2021-2022,unverified,2026-06-07
COL04156,T095,T147,2,school,SCH027,International School of Kenya,different time,2007-2011 / 2019-2023,unverified,2026-06-07
COL04157,T095,T149,5,country,China,China,same time,2017-2018,unverified,2026-06-07
COL04158,T096,T097,3,city,"Dubai, United Arab Emirates","Dubai, United Arab Emirates",same time,2021-2023,unverified,2026-06-07
COL04159,T096,T098,6,country,United Arab Emirates,United Arab Emirates,different time,2019-2023 / 2002-2006,one-sided,2026-06-07
COL04160,T096,T100,3,city,"Dubai, United Arab Emirates","Dubai, United Arab Emirates",same time,2019-2019,unverified,2026-06-07
COL04161,T096,T103,1,school,SCH034,The American International School of Muscat,same time,2018-2018,unverified,2026-06-07
COL04162,T096,T104,1,school,SCH002,GEMS World Academy Dubai,same time,2019-2022,unverified,2026-06-07
COL04163,T096,T106,4,city,"Dubai, United Arab Emirates","Dubai, United Arab Emirates",different time,2019-2023 / 2014-2018,unverified,2026-06-07
COL04164,T096,T111,1,school,SCH034,The American International School of Muscat,same time,2018-2018,mutual,2026-06-07
COL04165,T096,T114,4,city,"Dubai, United Arab Emirates","Dubai, United Arab Emirates",different time,2019-2023 / 2004-2008,mutual,2026-06-07
COL04166,T096,T117,3,city,"Dubai, United Arab Emirates","Dubai, United Arab Emirates",same time,2019-2022,one-sided,2026-06-07
COL04167,T096,T118,2,school,SCH002,GEMS World Academy Dubai,different time,2019-2023 / 2011-2013,unverified,2026-06-07
COL04168,T096,T122,3,city,"Dubai, United Arab Emirates","Dubai, United Arab Emirates",same time,2021-2023,one-sided,2026-06-07
COL04169,T096,T124,4,city,"Dubai, United Arab Emirates","Dubai, United Arab Emirates",different time,2019-2023 / 2013-2016,unverified,2026-06-07
COL04170,T096,T126,6,country,United Arab Emirates,United Arab Emirates,different time,2019-2023 / 2013-2016,unverified,2026-06-07
COL04171,T096,T135,6,country,United Arab Emirates,United Arab Emirates,different time,2019-2023 / 2011-2016,mutual,2026-06-07
COL04172,T096,T140,1,school,SCH002,GEMS World Academy Dubai,same time,2019-2020,unverified,2026-06-07
COL04173,T096,T144,3,city,"Dubai, United Arab Emirates","Dubai, United Arab Emirates",same time,2019-2020,unverified,2026-06-07
COL04174,T096,T145,1,school,SCH034,The American International School of Muscat,same time,2016-2018,one-sided,2026-06-07
COL04175,T097,T098,6,country,United Arab Emirates,United Arab Emirates,different time,2021-2025 / 2002-2006,unverified,2026-06-07
COL04176,T097,T100,4,city,"Dubai, United Arab Emirates","Dubai, United Arab Emirates",different time,2021-2025 / 2014-2019,mutual,2026-06-07
COL04177,T097,T104,3,city,"Dubai, United Arab Emirates","Dubai, United Arab Emirates",same time,2021-2022,unverified,2026-06-07
COL04178,T097,T106,4,city,"Dubai, United Arab Emirates","Dubai, United Arab Emirates",different time,2021-2025 / 2014-2018,unverified,2026-06-07
COL04179,T097,T114,2,school,SCH004,Dubai American Academy,different time,2021-2025 / 2004-2008,unverified,2026-06-07
COL04180,T097,T117,1,school,SCH004,Dubai American Academy,same time,2021-2022,mutual,2026-06-07
COL04181,T097,T118,3,city,"Dubai, United Arab Emirates","Dubai, United Arab Emirates",same time,2021-2022,one-sided,2026-06-07
COL04182,T097,T122,3,city,"Dubai, United Arab Emirates","Dubai, United Arab Emirates",same time,2021-2025,mutual,2026-06-07
COL04183,T097,T124,2,school,SCH004,Dubai American Academy,different time,2021-2025 / 2013-2016,unverified,2026-06-07
COL04184,T097,T126,6,country,United Arab Emirates,United Arab Emirates,different time,2021-2025 / 2013-2016,one-sided,2026-06-07
COL04185,T097,T135,6,country,United Arab Emirates,United Arab Emirates,different time,2021-2025 / 2011-2016,unverified,2026-06-07
COL04186,T097,T140,4,city,"Dubai, United Arab Emirates","Dubai, United Arab Emirates",different time,2021-2025 / 2017-2020,unverified,2026-06-07
COL04187,T097,T144,2,school,SCH004,Dubai American Academy,different time,2021-2025 / 2017-2020,unverified,2026-06-07
COL04188,T098,T100,2,school,SCH012,Cairo American College,different time,2015-2020 / 2006-2011,mutual,2026-06-07
COL04189,T098,T104,6,country,United Arab Emirates,United Arab Emirates,different time,2002-2006 / 2017-2022,one-sided,2026-06-07
COL04190,T098,T105,2,school,SCH012,Cairo American College,different time,2015-2020 / 2003-2005,unverified,2026-06-07
COL04191,T098,T106,2,school,SCH033,American School of Doha,different time,2011-2014 / 2018-2022,mutual,2026-06-07
COL04192,T098,T109,1,school,SCH012,Cairo American College,same time,2015-2015,mutual,2026-06-07
COL04193,T098,T113,3,city,"Addis Ababa, Ethiopia","Addis Ababa, Ethiopia",same time,2021-2022,one-sided,2026-06-07
COL04194,T098,T114,2,school,SCH012,Cairo American College,different time,2015-2020 / 2008-2010,unverified,2026-06-07
COL04195,T098,T115,1,school,SCH012,Cairo American College,same time,2020-2020,one-sided,2026-06-07
COL04196,T098,T116,2,school,SCH030,International School of Geneva,different time,2007-2010 / 2012-2017,unverified,2026-06-07
COL04197,T098,T117,6,country,United Arab Emirates,United Arab Emirates,different time,2002-2006 / 2017-2022,unverified,2026-06-07
COL04198,T098,T118,6,country,United Arab Emirates,United Arab Emirates,different time,2002-2006 / 2011-2013,mutual,2026-06-07
COL04199,T098,T121,2,school,SCH033,American School of Doha,different time,2011-2014 / 2005-2010,one-sided,2026-06-07
COL04200,T098,T122,2,school,SCH020,Sandford International School,different time,2020-2022 / 2006-2011,unverified,2026-06-07
COL04201,T098,T123,4,city,"Addis Ababa, Ethiopia","Addis Ababa, Ethiopia",different time,2020-2022 / 2008-2013,unverified,2026-06-07
COL04202,T098,T124,6,country,United Arab Emirates,United Arab Emirates,different time,2002-2006 / 2013-2016,unverified,2026-06-07
COL04203,T098,T126,2,school,SCH005,The British School Al Khubairat,different time,2002-2006 / 2013-2016,unverified,2026-06-07
COL04204,T098,T127,1,school,SCH012,Cairo American College,same time,2019-2020,unverified,2026-06-07
COL04205,T098,T132,4,city,"Cairo, Egypt","Cairo, Egypt",different time,2015-2020 / 2003-2008,unverified,2026-06-07
COL04206,T098,T135,2,school,SCH005,The British School Al Khubairat,different time,2002-2006 / 2011-2016,one-sided,2026-06-07
COL04207,T098,T140,2,school,SCH012,Cairo American College,different time,2015-2020 / 2021-2026,unverified,2026-06-07
COL04208,T098,T144,6,country,United Arab Emirates,United Arab Emirates,different time,2002-2006 / 2017-2020,unverified,2026-06-07
COL04209,T098,T148,1,school,SCH020,Sandford International School,same time,2020-2022,unverified,2026-06-07
COL04210,T098,T149,2,school,SCH030,International School of Geneva,different time,2007-2010 / 2018-2022,unverified,2026-06-07
COL04211,T098,T150,2,school,SCH030,International School of Geneva,different time,2007-2010 / 2019-2022,unverified,2026-06-07
COL04212,T099,T105,2,school,SCH031,International School of Kuala Lumpur,different time,2020-2022 / 2005-2008,unverified,2026-06-07
COL04213,T099,T115,2,school,SCH031,International School of Kuala Lumpur,different time,2020-2022 / 2010-2014,one-sided,2026-06-07
COL04214,T099,T119,5,country,India,India,same time,2016-2019,mutual,2026-06-07
COL04215,T099,T121,1,school,SCH031,International School of Kuala Lumpur,same time,2021-2022,unverified,2026-06-07
COL04216,T099,T131,2,school,SCH025,American School of Bombay,different time,2015-2019 / 2007-2009,mutual,2026-06-07
COL04217,T099,T134,5,country,India,India,same time,2015-2017,one-sided,2026-06-07
COL04218,T099,T143,1,school,SCH031,International School of Kuala Lumpur,same time,2020-2022,unverified,2026-06-07
COL04219,T099,T145,1,school,SCH025,American School of Bombay,same time,2015-2015,unverified,2026-06-07
COL04220,T099,T148,2,school,SCH025,American School of Bombay,different time,2015-2019 / 2009-2013,unverified,2026-06-07
COL04221,T099,T150,1,school,SCH025,American School of Bombay,same time,2015-2015,mutual,2026-06-07
COL04222,T100,T104,3,city,"Dubai, United Arab Emirates","Dubai, United Arab Emirates",same time,2017-2019,unverified,2026-06-07
COL04223,T100,T105,2,school,SCH012,Cairo American College,different time,2006-2011 / 2003-2005,unverified,2026-06-07
COL04224,T100,T106,1,school,SCH003,Dubai International Academy,same time,2014-2018,unverified,2026-06-07
COL04225,T100,T107,1,school,SCH009,Bangkok Patana School,same time,2019-2020,mutual,2026-06-07
COL04226,T100,T108,4,city,"Bangkok, Thailand","Bangkok, Thailand",different time,2019-2022 / 2012-2014,unverified,2026-06-07
COL04227,T100,T109,2,school,SCH012,Cairo American College,different time,2006-2011 / 2013-2015,mutual,2026-06-07
COL04228,T100,T110,3,city,"Bangkok, Thailand","Bangkok, Thailand",same time,2019-2019,unverified,2026-06-07
COL04229,T100,T113,2,school,SCH019,International Community School of Addis Ababa,different time,2012-2014 / 2021-2025,unverified,2026-06-07
COL04230,T100,T114,1,school,SCH012,Cairo American College,same time,2008-2010,unverified,2026-06-07
COL04231,T100,T115,2,school,SCH012,Cairo American College,different time,2006-2011 / 2020-2026,one-sided,2026-06-07
COL04232,T100,T116,3,city,"Bangkok, Thailand","Bangkok, Thailand",same time,2019-2020,unverified,2026-06-07
COL04233,T100,T117,3,city,"Dubai, United Arab Emirates","Dubai, United Arab Emirates",same time,2017-2019,unverified,2026-06-07
COL04234,T100,T118,1,school,SCH003,Dubai International Academy,same time,2017-2019,unverified,2026-06-07
COL04235,T100,T119,3,city,"Bangkok, Thailand","Bangkok, Thailand",same time,2022-2022,unverified,2026-06-07
COL04236,T100,T121,3,city,"Cairo, Egypt","Cairo, Egypt",same time,2011-2011,unverified,2026-06-07
COL04237,T100,T122,4,city,"Addis Ababa, Ethiopia","Addis Ababa, Ethiopia",different time,2012-2014 / 2006-2011,unverified,2026-06-07
COL04238,T100,T123,1,school,SCH019,International Community School of Addis Ababa,same time,2012-2013,unverified,2026-06-07
COL04239,T100,T124,3,city,"Dubai, United Arab Emirates","Dubai, United Arab Emirates",same time,2014-2016,unverified,2026-06-07
COL04240,T100,T126,5,country,United Arab Emirates,United Arab Emirates,same time,2014-2016,mutual,2026-06-07
COL04241,T100,T127,2,school,SCH012,Cairo American College,different time,2006-2011 / 2019-2021,unverified,2026-06-07
COL04242,T100,T129,1,school,SCH009,Bangkok Patana School,same time,2020-2022,mutual,2026-06-07
COL04243,T100,T131,3,city,"Bangkok, Thailand","Bangkok, Thailand",same time,2019-2020,unverified,2026-06-07
COL04244,T100,T132,3,city,"Cairo, Egypt","Cairo, Egypt",same time,2006-2008,unverified,2026-06-07
COL04245,T100,T135,4,city,"Cairo, Egypt","Cairo, Egypt",different time,2006-2011 / 2016-2021,mutual,2026-06-07
COL04246,T100,T137,4,city,"Bangkok, Thailand","Bangkok, Thailand",different time,2019-2022 / 2009-2012,unverified,2026-06-07
COL04247,T100,T138,2,school,SCH009,Bangkok Patana School,different time,2019-2022 / 2012-2017,unverified,2026-06-07
COL04248,T100,T140,2,school,SCH012,Cairo American College,different time,2006-2011 / 2021-2026,unverified,2026-06-07
COL04249,T100,T142,4,city,"Bangkok, Thailand","Bangkok, Thailand",different time,2019-2022 / 2009-2014,one-sided,2026-06-07
COL04250,T100,T143,2,school,SCH009,Bangkok Patana School,different time,2019-2022 / 2013-2018,one-sided,2026-06-07
COL04251,T100,T144,3,city,"Dubai, United Arab Emirates","Dubai, United Arab Emirates",same time,2017-2019,mutual,2026-06-07
COL04252,T100,T148,4,city,"Addis Ababa, Ethiopia","Addis Ababa, Ethiopia",different time,2012-2014 / 2017-2022,unverified,2026-06-07
COL04253,T100,T150,2,school,SCH019,International Community School of Addis Ababa,different time,2012-2014 / 2015-2018,unverified,2026-06-07
COL04254,T101,T102,2,school,SCH032,Jakarta Intercultural School,different time,2013-2016 / 2018-2023,one-sided,2026-06-07
COL04255,T101,T105,6,country,China,China,different time,2016-2021 / 2009-2014,unverified,2026-06-07
COL04256,T101,T106,6,country,China,China,different time,2016-2021 / 2006-2010,unverified,2026-06-07
COL04257,T101,T108,1,school,SCH032,Jakarta Intercultural School,same time,2014-2016,unverified,2026-06-07
COL04258,T101,T109,3,city,"Shanghai, China","Shanghai, China",same time,2018-2021,unverified,2026-06-07
COL04259,T101,T110,1,school,SCH032,Jakarta Intercultural School,same time,2013-2016,mutual,2026-06-07
COL04260,T101,T112,1,school,SCH017,Concordia International School Shanghai,same time,2018-2021,unverified,2026-06-07
COL04261,T101,T114,3,city,"Shanghai, China","Shanghai, China",same time,2016-2018,unverified,2026-06-07
COL04262,T101,T115,5,country,China,China,same time,2016-2019,unverified,2026-06-07
COL04263,T101,T116,6,country,China,China,different time,2016-2021 / 2010-2012,mutual,2026-06-07
COL04264,T101,T117,5,country,China,China,same time,2016-2017,unverified,2026-06-07
COL04265,T101,T120,3,city,"Shanghai, China","Shanghai, China",same time,2019-2021,unverified,2026-06-07
COL04266,T101,T123,2,school,SCH017,Concordia International School Shanghai,different time,2016-2021 / 2000-2004,one-sided,2026-06-07
COL04267,T101,T125,5,country,China,China,same time,2020-2021,unverified,2026-06-07
COL04268,T101,T129,5,country,China,China,same time,2018-2020,unverified,2026-06-07
COL04269,T101,T131,2,school,SCH032,Jakarta Intercultural School,different time,2013-2016 / 2003-2006,unverified,2026-06-07
COL04270,T101,T134,5,country,China,China,same time,2018-2020,unverified,2026-06-07
COL04271,T101,T137,4,city,"Shanghai, China","Shanghai, China",different time,2016-2021 / 2006-2009,unverified,2026-06-07
COL04272,T101,T138,5,country,China,China,same time,2017-2021,unverified,2026-06-07
COL04273,T101,T139,3,city,"Shanghai, China","Shanghai, China",same time,2021-2021,unverified,2026-06-07
COL04274,T101,T142,1,school,SCH017,Concordia International School Shanghai,same time,2016-2019,unverified,2026-06-07
COL04275,T101,T143,2,school,SCH017,Concordia International School Shanghai,different time,2016-2021 / 2007-2012,one-sided,2026-06-07
COL04276,T101,T144,1,school,SCH017,Concordia International School Shanghai,same time,2021-2021,unverified,2026-06-07
COL04277,T101,T149,3,city,"Shanghai, China","Shanghai, China",same time,2016-2018,one-sided,2026-06-07
COL04278,T102,T108,2,school,SCH032,Jakarta Intercultural School,different time,2018-2023 / 2014-2016,unverified,2026-06-07
COL04279,T102,T110,2,school,SCH032,Jakarta Intercultural School,different time,2018-2023 / 2013-2017,unverified,2026-06-07
COL04280,T102,T123,1,school,SCH036,American International School of Lagos,same time,2016-2018,unverified,2026-06-07
COL04281,T102,T124,1,school,SCH036,American International School of Lagos,same time,2017-2018,one-sided,2026-06-07
COL04282,T102,T130,2,school,SCH036,American International School of Lagos,different time,2013-2018 / 2020-2025,one-sided,2026-06-07
COL04283,T102,T131,2,school,SCH032,Jakarta Intercultural School,different time,2018-2023 / 2003-2006,unverified,2026-06-07
COL04284,T102,T141,1,school,SCH036,American International School of Lagos,same time,2017-2018,unverified,2026-06-07
COL04285,T102,T145,1,school,SCH036,American International School of Lagos,same time,2018-2018,mutual,2026-06-07
COL04286,T102,T148,1,school,SCH036,American International School of Lagos,same time,2013-2017,mutual,2026-06-07
COL04287,T103,T106,4,city,"Singapore, Singapore","Singapore, Singapore",different time,2021-2023 / 2011-2013,unverified,2026-06-07
COL04288,T103,T107,1,school,SCH011,United World College of South East Asia,same time,2021-2023,unverified,2026-06-07
COL04289,T103,T111,1,school,SCH034,The American International School of Muscat,same time,2018-2020,unverified,2026-06-07
COL04290,T103,T112,2,school,SCH011,United World College of South East Asia,different time,2021-2023 / 2016-2018,unverified,2026-06-07
COL04291,T103,T125,4,city,"Singapore, Singapore","Singapore, Singapore",different time,2021-2023 / 2018-2020,mutual,2026-06-07
COL04292,T103,T127,1,school,SCH011,United World College of South East Asia,same time,2021-2023,mutual,2026-06-07
COL04293,T103,T132,4,city,"Singapore, Singapore","Singapore, Singapore",different time,2021-2023 / 2009-2011,unverified,2026-06-07
COL04294,T103,T135,4,city,"Singapore, Singapore","Singapore, Singapore",different time,2021-2023 / 2003-2007,one-sided,2026-06-07
COL04295,T103,T142,1,school,SCH011,United World College of South East Asia,same time,2021-2021,unverified,2026-06-07
COL04296,T103,T145,1,school,SCH034,The American International School of Muscat,same time,2018-2018,unverified,2026-06-07
COL04297,T104,T106,3,city,"Dubai, United Arab Emirates","Dubai, United Arab Emirates",same time,2017-2018,unverified,2026-06-07
COL04298,T104,T114,4,city,"Dubai, United Arab Emirates","Dubai, United Arab Emirates",different time,2017-2022 / 2004-2008,unverified,2026-06-07
COL04299,T104,T117,3,city,"Dubai, United Arab Emirates","Dubai, United Arab Emirates",same time,2017-2022,unverified,2026-06-07
COL04300,T104,T118,2,school,SCH002,GEMS World Academy Dubai,different time,2017-2022 / 2011-2013,unverified,2026-06-07
COL04301,T104,T122,3,city,"Dubai, United Arab Emirates","Dubai, United Arab Emirates",same time,2021-2022,unverified,2026-06-07
COL04302,T104,T124,4,city,"Dubai, United Arab Emirates","Dubai, United Arab Emirates",different time,2017-2022 / 2013-2016,one-sided,2026-06-07
COL04303,T104,T126,6,country,United Arab Emirates,United Arab Emirates,different time,2017-2022 / 2013-2016,unverified,2026-06-07
COL04304,T104,T135,6,country,United Arab Emirates,United Arab Emirates,different time,2017-2022 / 2011-2016,unverified,2026-06-07
COL04305,T104,T140,1,school,SCH002,GEMS World Academy Dubai,same time,2017-2020,mutual,2026-06-07
COL04306,T104,T144,3,city,"Dubai, United Arab Emirates","Dubai, United Arab Emirates",same time,2017-2020,mutual,2026-06-07
COL04307,T105,T106,1,school,SCH018,International School of Beijing,same time,2009-2010,one-sided,2026-06-07
COL04308,T105,T107,6,country,United States,United States,different time,2000-2003 / 2010-2015,unverified,2026-06-07
COL04309,T105,T108,6,country,China,China,different time,2009-2014 / 2016-2020,one-sided,2026-06-07
COL04310,T105,T109,2,school,SCH012,Cairo American College,different time,2003-2005 / 2013-2015,unverified,2026-06-07
COL04311,T105,T110,1,school,SCH038,United Nations International School of Hanoi,same time,2019-2020,unverified,2026-06-07
COL04312,T105,T111,2,school,SCH038,United Nations International School of Hanoi,different time,2015-2020 / 2022-2026,unverified,2026-06-07
COL04313,T105,T112,6,country,China,China,different time,2009-2014 / 2018-2022,unverified,2026-06-07
COL04314,T105,T114,2,school,SCH012,Cairo American College,different time,2003-2005 / 2008-2010,unverified,2026-06-07
COL04315,T105,T115,2,school,SCH012,Cairo American College,different time,2003-2005 / 2020-2026,unverified,2026-06-07
COL04316,T105,T116,5,country,China,China,same time,2010-2012,unverified,2026-06-07
COL04317,T105,T117,5,country,China,China,same time,2013-2014,one-sided,2026-06-07
COL04318,T105,T120,6,country,China,China,different time,2009-2014 / 2019-2023,one-sided,2026-06-07
COL04319,T105,T121,2,school,SCH023,Washington International School,different time,2000-2003 / 2016-2021,mutual,2026-06-07
COL04320,T105,T122,6,country,United States,United States,different time,2000-2003 / 2012-2017,mutual,2026-06-07
COL04321,T105,T123,6,country,China,China,different time,2009-2014 / 2000-2004,unverified,2026-06-07
COL04322,T105,T125,2,school,SCH018,International School of Beijing,different time,2009-2014 / 2020-2022,one-sided,2026-06-07
COL04323,T105,T126,6,country,United States,United States,different time,2000-2003 / 2016-2021,unverified,2026-06-07
COL04324,T105,T127,2,school,SCH012,Cairo American College,different time,2003-2005 / 2019-2021,unverified,2026-06-07
COL04325,T105,T128,2,school,SCH038,United Nations International School of Hanoi,different time,2015-2020 / 2011-2014,unverified,2026-06-07
COL04326,T105,T129,6,country,China,China,different time,2009-2014 / 2018-2020,unverified,2026-06-07
COL04327,T105,T130,5,country,Vietnam,Vietnam,same time,2016-2019,unverified,2026-06-07
COL04328,T105,T131,2,school,SCH023,Washington International School,different time,2000-2003 / 2020-2023,one-sided,2026-06-07
COL04329,T105,T132,2,school,SCH038,United Nations International School of Hanoi,different time,2015-2020 / 1998-2002,unverified,2026-06-07
COL04330,T105,T134,2,school,SCH018,International School of Beijing,different time,2009-2014 / 2018-2020,unverified,2026-06-07
COL04331,T105,T135,4,city,"Cairo, Egypt","Cairo, Egypt",different time,2003-2005 / 2016-2021,unverified,2026-06-07
COL04332,T105,T137,5,country,China,China,same time,2009-2009,unverified,2026-06-07
COL04333,T105,T138,6,country,China,China,different time,2009-2014 / 2017-2021,one-sided,2026-06-07
COL04334,T105,T139,6,country,China,China,different time,2009-2014 / 2021-2026,unverified,2026-06-07
COL04335,T105,T140,2,school,SCH012,Cairo American College,different time,2003-2005 / 2021-2026,unverified,2026-06-07
COL04336,T105,T142,6,country,China,China,different time,2009-2014 / 2015-2019,unverified,2026-06-07
COL04337,T105,T143,2,school,SCH031,International School of Kuala Lumpur,different time,2005-2008 / 2018-2022,unverified,2026-06-07
COL04338,T105,T144,6,country,China,China,different time,2009-2014 / 2021-2023,mutual,2026-06-07
COL04339,T105,T145,1,school,SCH038,United Nations International School of Hanoi,same time,2020-2020,unverified,2026-06-07
COL04340,T105,T146,5,country,Vietnam,Vietnam,same time,2019-2020,unverified,2026-06-07
COL04341,T105,T149,5,country,China,China,same time,2014-2014,mutual,2026-06-07
COL04342,T106,T107,4,city,"Singapore, Singapore","Singapore, Singapore",different time,2011-2013 / 2020-2025,unverified,2026-06-07
COL04343,T106,T108,6,country,China,China,different time,2006-2010 / 2016-2020,mutual,2026-06-07
COL04344,T106,T109,6,country,China,China,different time,2006-2010 / 2018-2021,one-sided,2026-06-07
COL04345,T106,T112,4,city,"Singapore, Singapore","Singapore, Singapore",different time,2011-2013 / 2016-2018,unverified,2026-06-07
COL04346,T106,T114,4,city,"Dubai, United Arab Emirates","Dubai, United Arab Emirates",different time,2014-2018 / 2004-2008,unverified,2026-06-07
COL04347,T106,T115,6,country,China,China,different time,2006-2010 / 2015-2019,unverified,2026-06-07
COL04348,T106,T116,5,country,China,China,same time,2010-2010,one-sided,2026-06-07
COL04349,T106,T117,3,city,"Dubai, United Arab Emirates","Dubai, United Arab Emirates",same time,2017-2018,unverified,2026-06-07
COL04350,T106,T118,1,school,SCH003,Dubai International Academy,same time,2017-2018,one-sided,2026-06-07
COL04351,T106,T120,6,country,China,China,different time,2006-2010 / 2019-2023,unverified,2026-06-07
COL04352,T106,T121,2,school,SCH033,American School of Doha,different time,2018-2022 / 2005-2010,unverified,2026-06-07
COL04353,T106,T122,4,city,"Dubai, United Arab Emirates","Dubai, United Arab Emirates",different time,2014-2018 / 2021-2026,one-sided,2026-06-07
COL04354,T106,T123,6,country,China,China,different time,2006-2010 / 2000-2004,unverified,2026-06-07
COL04355,T106,T124,3,city,"Dubai, United Arab Emirates","Dubai, United Arab Emirates",same time,2014-2016,unverified,2026-06-07
COL04356,T106,T125,2,school,SCH018,International School of Beijing,different time,2006-2010 / 2020-2022,mutual,2026-06-07
COL04357,T106,T126,5,country,United Arab Emirates,United Arab Emirates,same time,2014-2016,unverified,2026-06-07
COL04358,T106,T127,4,city,"Singapore, Singapore","Singapore, Singapore",different time,2011-2013 / 2021-2025,unverified,2026-06-07
COL04359,T106,T129,6,country,China,China,different time,2006-2010 / 2018-2020,one-sided,2026-06-07
COL04360,T106,T131,5,country,China,China,same time,2010-2010,unverified,2026-06-07
COL04361,T106,T132,1,school,SCH010,Singapore American School,same time,2011-2011,unverified,2026-06-07
COL04362,T106,T134,2,school,SCH018,International School of Beijing,different time,2006-2010 / 2018-2020,one-sided,2026-06-07
COL04363,T106,T135,2,school,SCH010,Singapore American School,different time,2011-2013 / 2003-2007,one-sided,2026-06-07
COL04364,T106,T137,5,country,China,China,same time,2006-2009,mutual,2026-06-07
COL04365,T106,T138,6,country,China,China,different time,2006-2010 / 2017-2021,unverified,2026-06-07
COL04366,T106,T139,6,country,China,China,different time,2006-2010 / 2021-2026,one-sided,2026-06-07
COL04367,T106,T140,3,city,"Dubai, United Arab Emirates","Dubai, United Arab Emirates",same time,2017-2018,unverified,2026-06-07
COL04368,T106,T142,4,city,"Singapore, Singapore","Singapore, Singapore",different time,2011-2013 / 2019-2021,unverified,2026-06-07
COL04369,T106,T143,5,country,China,China,same time,2007-2010,one-sided,2026-06-07
COL04370,T106,T144,3,city,"Dubai, United Arab Emirates","Dubai, United Arab Emirates",same time,2017-2018,unverified,2026-06-07
COL04371,T106,T149,6,country,China,China,different time,2006-2010 / 2014-2018,one-sided,2026-06-07
COL04372,T107,T108,4,city,"Bangkok, Thailand","Bangkok, Thailand",different time,2016-2020 / 2012-2014,mutual,2026-06-07
COL04373,T107,T110,3,city,"Bangkok, Thailand","Bangkok, Thailand",same time,2017-2019,unverified,2026-06-07
COL04374,T107,T111,1,school,SCH021,Denver International School,same time,2013-2015,unverified,2026-06-07
COL04375,T107,T112,2,school,SCH011,United World College of South East Asia,different time,2020-2025 / 2016-2018,mutual,2026-06-07
COL04376,T107,T116,3,city,"Bangkok, Thailand","Bangkok, Thailand",same time,2017-2020,mutual,2026-06-07
COL04377,T107,T119,4,city,"Bangkok, Thailand","Bangkok, Thailand",different time,2016-2020 / 2022-2026,unverified,2026-06-07
COL04378,T107,T121,6,country,United States,United States,different time,2010-2015 / 2016-2021,unverified,2026-06-07
COL04379,T107,T122,1,school,SCH021,Denver International School,same time,2012-2015,one-sided,2026-06-07
COL04380,T107,T123,4,city,"Bangkok, Thailand","Bangkok, Thailand",different time,2016-2020 / 2004-2008,mutual,2026-06-07
COL04381,T107,T125,3,city,"Singapore, Singapore","Singapore, Singapore",same time,2020-2020,unverified,2026-06-07
COL04382,T107,T126,4,city,"Denver, United States","Denver, United States",different time,2010-2015 / 2016-2021,one-sided,2026-06-07
COL04383,T107,T127,1,school,SCH011,United World College of South East Asia,same time,2021-2025,mutual,2026-06-07
COL04384,T107,T128,1,school,SCH021,Denver International School,same time,2014-2015,unverified,2026-06-07
COL04385,T107,T129,1,school,SCH009,Bangkok Patana School,same time,2020-2020,unverified,2026-06-07
COL04386,T107,T131,3,city,"Bangkok, Thailand","Bangkok, Thailand",same time,2016-2020,mutual,2026-06-07
COL04387,T107,T132,1,school,SCH021,Denver International School,same time,2011-2015,unverified,2026-06-07
COL04388,T107,T134,4,city,"Denver, United States","Denver, United States",different time,2010-2015 / 2021-2026,unverified,2026-06-07
COL04389,T107,T135,4,city,"Bangkok, Thailand","Bangkok, Thailand",different time,2016-2020 / 2007-2010,unverified,2026-06-07
COL04390,T107,T137,4,city,"Bangkok, Thailand","Bangkok, Thailand",different time,2016-2020 / 2009-2012,mutual,2026-06-07
COL04391,T107,T138,1,school,SCH009,Bangkok Patana School,same time,2016-2017,unverified,2026-06-07
COL04392,T107,T142,1,school,SCH011,United World College of South East Asia,same time,2020-2021,unverified,2026-06-07
COL04393,T107,T143,1,school,SCH009,Bangkok Patana School,same time,2016-2018,mutual,2026-06-07
COL04394,T108,T109,1,school,SCH016,Shanghai American School,same time,2018-2020,one-sided,2026-06-07
COL04395,T108,T110,1,school,SCH032,Jakarta Intercultural School,same time,2014-2016,unverified,2026-06-07
COL04396,T108,T112,3,city,"Shanghai, China","Shanghai, China",same time,2018-2020,unverified,2026-06-07
COL04397,T108,T114,1,school,SCH016,Shanghai American School,same time,2016-2018,mutual,2026-06-07
COL04398,T108,T115,5,country,China,China,same time,2016-2019,unverified,2026-06-07
COL04399,T108,T116,4,city,"Bangkok, Thailand","Bangkok, Thailand",different time,2012-2014 / 2017-2020,unverified,2026-06-07
COL04400,T108,T117,5,country,China,China,same time,2016-2017,mutual,2026-06-07
COL04401,T108,T119,2,school,SCH008,International School Bangkok,different time,2012-2014 / 2022-2026,unverified,2026-06-07
COL04402,T108,T120,1,school,SCH016,Shanghai American School,same time,2019-2020,unverified,2026-06-07
COL04403,T108,T123,2,school,SCH008,International School Bangkok,different time,2012-2014 / 2004-2008,mutual,2026-06-07
COL04404,T108,T125,5,country,China,China,same time,2020-2020,unverified,2026-06-07
COL04405,T108,T129,4,city,"Bangkok, Thailand","Bangkok, Thailand",different time,2012-2014 / 2020-2026,unverified,2026-06-07
COL04406,T108,T131,2,school,SCH032,Jakarta Intercultural School,different time,2014-2016 / 2003-2006,one-sided,2026-06-07
COL04407,T108,T134,5,country,China,China,same time,2018-2020,unverified,2026-06-07
COL04408,T108,T135,4,city,"Bangkok, Thailand","Bangkok, Thailand",different time,2012-2014 / 2007-2010,unverified,2026-06-07
COL04409,T108,T137,1,school,SCH008,International School Bangkok,same time,2012-2012,mutual,2026-06-07
COL04410,T108,T138,3,city,"Bangkok, Thailand","Bangkok, Thailand",same time,2012-2014,unverified,2026-06-07
COL04411,T108,T139,2,school,SCH016,Shanghai American School,different time,2016-2020 / 2021-2026,unverified,2026-06-07
COL04412,T108,T142,3,city,"Bangkok, Thailand","Bangkok, Thailand",same time,2012-2014,unverified,2026-06-07
COL04413,T108,T143,3,city,"Bangkok, Thailand","Bangkok, Thailand",same time,2013-2014,unverified,2026-06-07
COL04414,T108,T144,4,city,"Shanghai, China","Shanghai, China",different time,2016-2020 / 2021-2023,unverified,2026-06-07
COL04415,T108,T149,1,school,SCH016,Shanghai American School,same time,2016-2018,unverified,2026-06-07
COL04416,T109,T112,3,city,"Shanghai, China","Shanghai, China",same time,2018-2021,mutual,2026-06-07
COL04417,T109,T113,4,city,"Addis Ababa, Ethiopia","Addis Ababa, Ethiopia",different time,2015-2018 / 2021-2025,unverified,2026-06-07
COL04418,T109,T114,1,school,SCH016,Shanghai American School,same time,2018-2018,one-sided,2026-06-07
COL04419,T109,T115,2,school,SCH012,Cairo American College,different time,2013-2015 / 2020-2026,mutual,2026-06-07
COL04420,T109,T116,6,country,China,China,different time,2018-2021 / 2010-2012,unverified,2026-06-07
COL04421,T109,T117,6,country,China,China,different time,2018-2021 / 2013-2017,unverified,2026-06-07
COL04422,T109,T120,1,school,SCH016,Shanghai American School,same time,2019-2021,unverified,2026-06-07
COL04423,T109,T121,3,city,"Cairo, Egypt","Cairo, Egypt",same time,2013-2015,unverified,2026-06-07
COL04424,T109,T122,2,school,SCH020,Sandford International School,different time,2015-2018 / 2006-2011,unverified,2026-06-07
COL04425,T109,T123,4,city,"Addis Ababa, Ethiopia","Addis Ababa, Ethiopia",different time,2015-2018 / 2008-2013,one-sided,2026-06-07
COL04426,T109,T125,5,country,China,China,same time,2020-2021,one-sided,2026-06-07
COL04427,T109,T127,1,school,SCH020,Sandford International School,same time,2015-2018,unverified,2026-06-07
COL04428,T109,T129,5,country,China,China,same time,2018-2020,unverified,2026-06-07
COL04429,T109,T131,2,school,SCH016,Shanghai American School,different time,2018-2021 / 2010-2015,unverified,2026-06-07
COL04430,T109,T132,4,city,"Cairo, Egypt","Cairo, Egypt",different time,2013-2015 / 2003-2008,unverified,2026-06-07
COL04431,T109,T134,5,country,China,China,same time,2018-2020,mutual,2026-06-07
COL04432,T109,T135,4,city,"Cairo, Egypt","Cairo, Egypt",different time,2013-2015 / 2016-2021,one-sided,2026-06-07
COL04433,T109,T137,2,school,SCH016,Shanghai American School,different time,2018-2021 / 2006-2009,one-sided,2026-06-07
COL04434,T109,T138,5,country,China,China,same time,2018-2021,mutual,2026-06-07
COL04435,T109,T139,1,school,SCH016,Shanghai American School,same time,2021-2021,unverified,2026-06-07
COL04436,T109,T140,2,school,SCH012,Cairo American College,different time,2013-2015 / 2021-2026,one-sided,2026-06-07
COL04437,T109,T142,3,city,"Shanghai, China","Shanghai, China",same time,2018-2019,unverified,2026-06-07
COL04438,T109,T143,4,city,"Shanghai, China","Shanghai, China",different time,2018-2021 / 2007-2012,one-sided,2026-06-07
COL04439,T109,T144,3,city,"Shanghai, China","Shanghai, China",same time,2021-2021,mutual,2026-06-07
COL04440,T109,T148,1,school,SCH020,Sandford International School,same time,2017-2018,one-sided,2026-06-07
COL04441,T109,T149,1,school,SCH016,Shanghai American School,same time,2018-2018,mutual,2026-06-07
COL04442,T109,T150,3,city,"Addis Ababa, Ethiopia","Addis Ababa, Ethiopia",same time,2015-2018,unverified,2026-06-07
COL04443,T110,T111,2,school,SCH038,United Nations International School of Hanoi,different time,2019-2021 / 2022-2026,mutual,2026-06-07
COL04444,T110,T116,1,school,SCH007,NIST International School,same time,2017-2019,mutual,2026-06-07
COL04445,T110,T119,4,city,"Bangkok, Thailand","Bangkok, Thailand",different time,2017-2019 / 2022-2026,unverified,2026-06-07
COL04446,T110,T123,4,city,"Bangkok, Thailand","Bangkok, Thailand",different time,2017-2019 / 2004-2008,mutual,2026-06-07
COL04447,T110,T128,2,school,SCH038,United Nations International School of Hanoi,different time,2019-2021 / 2011-2014,unverified,2026-06-07
COL04448,T110,T129,4,city,"Bangkok, Thailand","Bangkok, Thailand",different time,2017-2019 / 2020-2026,unverified,2026-06-07
COL04449,T110,T130,5,country,Vietnam,Vietnam,same time,2019-2019,unverified,2026-06-07
COL04450,T110,T131,1,school,SCH007,NIST International School,same time,2017-2019,unverified,2026-06-07
COL04451,T110,T132,2,school,SCH038,United Nations International School of Hanoi,different time,2019-2021 / 1998-2002,one-sided,2026-06-07
COL04452,T110,T135,2,school,SCH007,NIST International School,different time,2017-2019 / 2007-2010,unverified,2026-06-07
COL04453,T110,T137,4,city,"Bangkok, Thailand","Bangkok, Thailand",different time,2017-2019 / 2009-2012,one-sided,2026-06-07
COL04454,T110,T138,3,city,"Bangkok, Thailand","Bangkok, Thailand",same time,2017-2017,unverified,2026-06-07
COL04455,T110,T142,2,school,SCH007,NIST International School,different time,2017-2019 / 2009-2014,unverified,2026-06-07
COL04456,T110,T143,3,city,"Bangkok, Thailand","Bangkok, Thailand",same time,2017-2018,unverified,2026-06-07
COL04457,T110,T145,1,school,SCH038,United Nations International School of Hanoi,same time,2020-2021,unverified,2026-06-07
COL04458,T110,T146,5,country,Vietnam,Vietnam,same time,2019-2021,mutual,2026-06-07
COL04459,T111,T121,5,country,United States,United States,same time,2016-2018,unverified,2026-06-07
COL04460,T111,T122,1,school,SCH021,Denver International School,same time,2013-2017,one-sided,2026-06-07
COL04461,T111,T126,3,city,"Denver, United States","Denver, United States",same time,2016-2018,unverified,2026-06-07
COL04462,T111,T128,1,school,SCH021,Denver International School,same time,2014-2018,mutual,2026-06-07
COL04463,T111,T130,6,country,Vietnam,Vietnam,different time,2022-2026 / 2016-2019,one-sided,2026-06-07
COL04464,T111,T131,6,country,United States,United States,different time,2013-2018 / 2020-2023,unverified,2026-06-07
COL04465,T111,T132,1,school,SCH021,Denver International School,same time,2013-2016,mutual,2026-06-07
COL04466,T111,T134,4,city,"Denver, United States","Denver, United States",different time,2013-2018 / 2021-2026,unverified,2026-06-07
COL04467,T111,T145,1,school,SCH034,The American International School of Muscat,same time,2018-2018,unverified,2026-06-07
COL04468,T111,T146,5,country,Vietnam,Vietnam,same time,2022-2026,one-sided,2026-06-07
COL04469,T112,T114,3,city,"Shanghai, China","Shanghai, China",same time,2018-2018,unverified,2026-06-07
COL04470,T112,T115,5,country,China,China,same time,2018-2019,unverified,2026-06-07
COL04471,T112,T116,6,country,China,China,different time,2018-2022 / 2010-2012,mutual,2026-06-07
COL04472,T112,T117,6,country,China,China,different time,2018-2022 / 2013-2017,mutual,2026-06-07
COL04473,T112,T120,3,city,"Shanghai, China","Shanghai, China",same time,2019-2022,mutual,2026-06-07
COL04474,T112,T123,2,school,SCH017,Concordia International School Shanghai,different time,2018-2022 / 2000-2004,one-sided,2026-06-07
COL04475,T112,T125,3,city,"Singapore, Singapore","Singapore, Singapore",same time,2018-2018,unverified,2026-06-07
COL04476,T112,T127,2,school,SCH011,United World College of South East Asia,different time,2016-2018 / 2021-2025,mutual,2026-06-07
COL04477,T112,T129,5,country,China,China,same time,2018-2020,one-sided,2026-06-07
COL04478,T112,T131,4,city,"Shanghai, China","Shanghai, China",different time,2018-2022 / 2010-2015,one-sided,2026-06-07
COL04479,T112,T132,4,city,"Singapore, Singapore","Singapore, Singapore",different time,2016-2018 / 2009-2011,one-sided,2026-06-07
COL04480,T112,T134,5,country,China,China,same time,2018-2020,mutual,2026-06-07
COL04481,T112,T135,4,city,"Singapore, Singapore","Singapore, Singapore",different time,2016-2018 / 2003-2007,unverified,2026-06-07
COL04482,T112,T137,4,city,"Shanghai, China","Shanghai, China",different time,2018-2022 / 2006-2009,mutual,2026-06-07
COL04483,T112,T138,5,country,China,China,same time,2018-2021,unverified,2026-06-07
COL04484,T112,T139,3,city,"Shanghai, China","Shanghai, China",same time,2021-2022,unverified,2026-06-07
COL04485,T112,T142,1,school,SCH017,Concordia International School Shanghai,same time,2018-2019,unverified,2026-06-07
COL04486,T112,T143,2,school,SCH017,Concordia International School Shanghai,different time,2018-2022 / 2007-2012,mutual,2026-06-07
COL04487,T112,T144,1,school,SCH017,Concordia International School Shanghai,same time,2021-2022,one-sided,2026-06-07
COL04488,T112,T149,3,city,"Shanghai, China","Shanghai, China",same time,2018-2018,mutual,2026-06-07
COL04489,T113,T122,4,city,"Addis Ababa, Ethiopia","Addis Ababa, Ethiopia",different time,2021-2025 / 2006-2011,one-sided,2026-06-07
COL04490,T113,T123,2,school,SCH019,International Community School of Addis Ababa,different time,2021-2025 / 2008-2013,unverified,2026-06-07
COL04491,T113,T127,4,city,"Addis Ababa, Ethiopia","Addis Ababa, Ethiopia",different time,2021-2025 / 2013-2018,mutual,2026-06-07
COL04492,T113,T148,3,city,"Addis Ababa, Ethiopia","Addis Ababa, Ethiopia",same time,2021-2022,unverified,2026-06-07
COL04493,T113,T150,2,school,SCH019,International Community School of Addis Ababa,different time,2021-2025 / 2015-2018,mutual,2026-06-07
COL04494,T114,T115,2,school,SCH012,Cairo American College,different time,2008-2010 / 2020-2026,mutual,2026-06-07
COL04495,T114,T116,6,country,China,China,different time,2014-2018 / 2010-2012,unverified,2026-06-07
COL04496,T114,T117,2,school,SCH004,Dubai American Academy,different time,2004-2008 / 2017-2022,one-sided,2026-06-07
COL04497,T114,T118,4,city,"Dubai, United Arab Emirates","Dubai, United Arab Emirates",different time,2004-2008 / 2011-2013,unverified,2026-06-07
COL04498,T114,T119,1,school,SCH028,The American School in Japan,same time,2020-2022,unverified,2026-06-07
COL04499,T114,T120,2,school,SCH016,Shanghai American School,different time,2014-2018 / 2019-2023,unverified,2026-06-07
COL04500,T114,T121,1,school,SCH013,American International School in Egypt,same time,2011-2013,unverified,2026-06-07
COL04501,T114,T122,4,city,"Dubai, United Arab Emirates","Dubai, United Arab Emirates",different time,2004-2008 / 2021-2026,one-sided,2026-06-07
COL04502,T114,T123,2,school,SCH028,The American School in Japan,different time,2019-2026 / 2013-2016,unverified,2026-06-07
COL04503,T114,T124,2,school,SCH004,Dubai American Academy,different time,2004-2008 / 2013-2016,mutual,2026-06-07
COL04504,T114,T125,6,country,China,China,different time,2014-2018 / 2020-2022,one-sided,2026-06-07
COL04505,T114,T126,6,country,United Arab Emirates,United Arab Emirates,different time,2004-2008 / 2013-2016,one-sided,2026-06-07
COL04506,T114,T127,2,school,SCH012,Cairo American College,different time,2008-2010 / 2019-2021,unverified,2026-06-07
COL04507,T114,T129,5,country,China,China,same time,2018-2018,mutual,2026-06-07
COL04508,T114,T131,1,school,SCH016,Shanghai American School,same time,2014-2015,mutual,2026-06-07
COL04509,T114,T132,2,school,SCH013,American International School in Egypt,different time,2010-2013 / 2003-2008,mutual,2026-06-07
COL04510,T114,T134,5,country,China,China,same time,2018-2018,unverified,2026-06-07
COL04511,T114,T135,2,school,SCH013,American International School in Egypt,different time,2010-2013 / 2016-2021,unverified,2026-06-07
COL04512,T114,T137,1,school,SCH028,The American School in Japan,same time,2019-2021,unverified,2026-06-07
COL04513,T114,T138,5,country,China,China,same time,2017-2018,unverified,2026-06-07
COL04514,T114,T139,1,school,SCH028,The American School in Japan,same time,2019-2021,mutual,2026-06-07
COL04515,T114,T140,2,school,SCH012,Cairo American College,different time,2008-2010 / 2021-2026,unverified,2026-06-07
COL04516,T114,T142,3,city,"Shanghai, China","Shanghai, China",same time,2015-2018,unverified,2026-06-07
COL04517,T114,T143,4,city,"Shanghai, China","Shanghai, China",different time,2014-2018 / 2007-2012,mutual,2026-06-07
COL04518,T114,T144,2,school,SCH004,Dubai American Academy,different time,2004-2008 / 2017-2020,unverified,2026-06-07
COL04519,T114,T149,1,school,SCH016,Shanghai American School,same time,2014-2018,unverified,2026-06-07
COL04520,T115,T116,4,city,"Hong Kong, China","Hong Kong, China",different time,2015-2019 / 2010-2012,mutual,2026-06-07
COL04521,T115,T117,1,school,SCH015,Canadian International School of Hong Kong,same time,2015-2017,mutual,2026-06-07
COL04522,T115,T119,2,school,SCH026,American Embassy School New Delhi,different time,2007-2010 / 2016-2019,one-sided,2026-06-07
COL04523,T115,T120,5,country,China,China,same time,2019-2019,unverified,2026-06-07
COL04524,T115,T121,2,school,SCH031,International School of Kuala Lumpur,different time,2010-2014 / 2021-2026,unverified,2026-06-07
COL04525,T115,T123,6,country,China,China,different time,2015-2019 / 2000-2004,unverified,2026-06-07
COL04526,T115,T125,6,country,China,China,different time,2015-2019 / 2020-2022,unverified,2026-06-07
COL04527,T115,T127,1,school,SCH012,Cairo American College,same time,2020-2021,unverified,2026-06-07
COL04528,T115,T129,1,school,SCH015,Canadian International School of Hong Kong,same time,2018-2019,unverified,2026-06-07
COL04529,T115,T131,5,country,India,India,same time,2007-2009,unverified,2026-06-07
COL04530,T115,T132,4,city,"Cairo, Egypt","Cairo, Egypt",different time,2020-2026 / 2003-2008,unverified,2026-06-07
COL04531,T115,T134,2,school,SCH026,American Embassy School New Delhi,different time,2007-2010 / 2014-2017,unverified,2026-06-07
COL04532,T115,T135,3,city,"Cairo, Egypt","Cairo, Egypt",same time,2020-2021,mutual,2026-06-07
COL04533,T115,T137,6,country,China,China,different time,2015-2019 / 2006-2009,unverified,2026-06-07
COL04534,T115,T138,3,city,"Hong Kong, China","Hong Kong, China",same time,2017-2019,unverified,2026-06-07
COL04535,T115,T139,6,country,China,China,different time,2015-2019 / 2021-2026,one-sided,2026-06-07
COL04536,T115,T140,1,school,SCH012,Cairo American College,same time,2021-2026,mutual,2026-06-07
COL04537,T115,T142,5,country,China,China,same time,2015-2019,unverified,2026-06-07
COL04538,T115,T143,2,school,SCH031,International School of Kuala Lumpur,different time,2010-2014 / 2018-2022,unverified,2026-06-07
COL04539,T115,T144,6,country,China,China,different time,2015-2019 / 2021-2023,mutual,2026-06-07
COL04540,T115,T145,6,country,India,India,different time,2007-2010 / 2011-2015,unverified,2026-06-07
COL04541,T115,T148,5,country,India,India,same time,2009-2010,unverified,2026-06-07
COL04542,T115,T149,5,country,China,China,same time,2015-2018,unverified,2026-06-07
COL04543,T115,T150,6,country,India,India,different time,2007-2010 / 2013-2015,unverified,2026-06-07
COL04544,T116,T117,4,city,"Hong Kong, China","Hong Kong, China",different time,2010-2012 / 2013-2017,mutual,2026-06-07
COL04545,T116,T119,4,city,"Bangkok, Thailand","Bangkok, Thailand",different time,2017-2020 / 2022-2026,unverified,2026-06-07
COL04546,T116,T120,6,country,China,China,different time,2010-2012 / 2019-2023,unverified,2026-06-07
COL04547,T116,T123,4,city,"Bangkok, Thailand","Bangkok, Thailand",different time,2017-2020 / 2004-2008,unverified,2026-06-07
COL04548,T116,T125,6,country,China,China,different time,2010-2012 / 2020-2022,unverified,2026-06-07
COL04549,T116,T129,3,city,"Bangkok, Thailand","Bangkok, Thailand",same time,2020-2020,unverified,2026-06-07
COL04550,T116,T131,1,school,SCH007,NIST International School,same time,2017-2020,unverified,2026-06-07
COL04551,T116,T134,6,country,China,China,different time,2010-2012 / 2018-2020,unverified,2026-06-07
COL04552,T116,T135,2,school,SCH007,NIST International School,different time,2017-2020 / 2007-2010,mutual,2026-06-07
COL04553,T116,T137,4,city,"Bangkok, Thailand","Bangkok, Thailand",different time,2017-2020 / 2009-2012,unverified,2026-06-07
COL04554,T116,T138,2,school,SCH014,Hong Kong International School,different time,2010-2012 / 2017-2021,unverified,2026-06-07
COL04555,T116,T139,6,country,China,China,different time,2010-2012 / 2021-2026,mutual,2026-06-07
COL04556,T116,T142,2,school,SCH007,NIST International School,different time,2017-2020 / 2009-2014,unverified,2026-06-07
COL04557,T116,T143,3,city,"Bangkok, Thailand","Bangkok, Thailand",same time,2017-2018,mutual,2026-06-07
COL04558,T116,T144,6,country,China,China,different time,2010-2012 / 2021-2023,unverified,2026-06-07
COL04559,T116,T149,2,school,SCH030,International School of Geneva,different time,2012-2017 / 2018-2022,unverified,2026-06-07
COL04560,T116,T150,2,school,SCH030,International School of Geneva,different time,2012-2017 / 2019-2022,mutual,2026-06-07
COL04561,T117,T118,3,city,"Dubai, United Arab Emirates","Dubai, United Arab Emirates",same time,2017-2022,unverified,2026-06-07
COL04562,T117,T120,6,country,China,China,different time,2013-2017 / 2019-2023,unverified,2026-06-07
COL04563,T117,T122,3,city,"Dubai, United Arab Emirates","Dubai, United Arab Emirates",same time,2021-2022,unverified,2026-06-07
COL04564,T117,T123,6,country,China,China,different time,2013-2017 / 2000-2004,unverified,2026-06-07
COL04565,T117,T124,2,school,SCH004,Dubai American Academy,different time,2017-2022 / 2013-2016,unverified,2026-06-07
COL04566,T117,T125,6,country,China,China,different time,2013-2017 / 2020-2022,one-sided,2026-06-07
COL04567,T117,T126,6,country,United Arab Emirates,United Arab Emirates,different time,2017-2022 / 2013-2016,one-sided,2026-06-07
COL04568,T117,T129,2,school,SCH015,Canadian International School of Hong Kong,different time,2013-2017 / 2018-2020,one-sided,2026-06-07
COL04569,T117,T131,5,country,China,China,same time,2013-2015,unverified,2026-06-07
COL04570,T117,T134,6,country,China,China,different time,2013-2017 / 2018-2020,unverified,2026-06-07
COL04571,T117,T135,6,country,United Arab Emirates,United Arab Emirates,different time,2017-2022 / 2011-2016,unverified,2026-06-07
COL04572,T117,T137,6,country,China,China,different time,2013-2017 / 2006-2009,unverified,2026-06-07
COL04573,T117,T138,3,city,"Hong Kong, China","Hong Kong, China",same time,2017-2017,unverified,2026-06-07
COL04574,T117,T139,6,country,China,China,different time,2013-2017 / 2021-2026,mutual,2026-06-07
COL04575,T117,T140,3,city,"Dubai, United Arab Emirates","Dubai, United Arab Emirates",same time,2017-2020,unverified,2026-06-07
COL04576,T117,T142,5,country,China,China,same time,2015-2017,unverified,2026-06-07
COL04577,T117,T143,6,country,China,China,different time,2013-2017 / 2007-2012,mutual,2026-06-07
COL04578,T117,T144,1,school,SCH004,Dubai American Academy,same time,2017-2020,unverified,2026-06-07
COL04579,T117,T149,5,country,China,China,same time,2014-2017,unverified,2026-06-07
COL04580,T118,T122,2,school,SCH001,American School of Dubai,different time,2014-2016 / 2021-2026,unverified,2026-06-07
COL04581,T118,T124,3,city,"Dubai, United Arab Emirates","Dubai, United Arab Emirates",same time,2013-2013,unverified,2026-06-07
COL04582,T118,T126,5,country,United Arab Emirates,United Arab Emirates,same time,2013-2013,unverified,2026-06-07
COL04583,T118,T135,5,country,United Arab Emirates,United Arab Emirates,same time,2011-2013,unverified,2026-06-07
COL04584,T118,T140,2,school,SCH002,GEMS World Academy Dubai,different time,2011-2013 / 2017-2020,one-sided,2026-06-07
COL04585,T118,T144,2,school,SCH001,American School of Dubai,different time,2014-2016 / 2024-2026,one-sided,2026-06-07
COL04586,T119,T123,2,school,SCH028,The American School in Japan,different time,2020-2022 / 2013-2016,unverified,2026-06-07
COL04587,T119,T129,3,city,"Bangkok, Thailand","Bangkok, Thailand",same time,2022-2026,one-sided,2026-06-07
COL04588,T119,T131,4,city,"Bangkok, Thailand","Bangkok, Thailand",different time,2022-2026 / 2016-2020,unverified,2026-06-07
COL04589,T119,T134,1,school,SCH026,American Embassy School New Delhi,same time,2016-2017,unverified,2026-06-07
COL04590,T119,T135,4,city,"Bangkok, Thailand","Bangkok, Thailand",different time,2022-2026 / 2007-2010,unverified,2026-06-07
COL04591,T119,T137,1,school,SCH028,The American School in Japan,same time,2020-2021,unverified,2026-06-07
COL04592,T119,T138,4,city,"Bangkok, Thailand","Bangkok, Thailand",different time,2022-2026 / 2012-2017,unverified,2026-06-07
COL04593,T119,T139,1,school,SCH028,The American School in Japan,same time,2020-2021,one-sided,2026-06-07
COL04594,T119,T142,4,city,"Bangkok, Thailand","Bangkok, Thailand",different time,2022-2026 / 2009-2014,one-sided,2026-06-07
COL04595,T119,T143,4,city,"Bangkok, Thailand","Bangkok, Thailand",different time,2022-2026 / 2013-2018,unverified,2026-06-07
COL04596,T119,T145,6,country,India,India,different time,2016-2019 / 2011-2015,mutual,2026-06-07
COL04597,T119,T148,6,country,India,India,different time,2016-2019 / 2009-2013,unverified,2026-06-07
COL04598,T119,T150,6,country,India,India,different time,2016-2019 / 2013-2015,unverified,2026-06-07
COL04599,T120,T123,4,city,"Shanghai, China","Shanghai, China",different time,2019-2023 / 2000-2004,mutual,2026-06-07
COL04600,T120,T125,5,country,China,China,same time,2020-2022,unverified,2026-06-07
COL04601,T120,T129,5,country,China,China,same time,2019-2020,unverified,2026-06-07
COL04602,T120,T131,2,school,SCH016,Shanghai American School,different time,2019-2023 / 2010-2015,unverified,2026-06-07
COL04603,T120,T134,5,country,China,China,same time,2019-2020,unverified,2026-06-07
COL04604,T120,T137,2,school,SCH016,Shanghai American School,different time,2019-2023 / 2006-2009,one-sided,2026-06-07
COL04605,T120,T138,5,country,China,China,same time,2019-2021,unverified,2026-06-07
COL04606,T120,T139,1,school,SCH016,Shanghai American School,same time,2021-2023,mutual,2026-06-07
COL04607,T120,T142,3,city,"Shanghai, China","Shanghai, China",same time,2019-2019,one-sided,2026-06-07
COL04608,T120,T143,4,city,"Shanghai, China","Shanghai, China",different time,2019-2023 / 2007-2012,mutual,2026-06-07
COL04609,T120,T144,3,city,"Shanghai, China","Shanghai, China",same time,2021-2023,one-sided,2026-06-07
COL04610,T120,T149,2,school,SCH016,Shanghai American School,different time,2019-2023 / 2014-2018,unverified,2026-06-07
COL04611,T121,T122,5,country,United States,United States,same time,2016-2017,unverified,2026-06-07
COL04612,T121,T126,5,country,United States,United States,same time,2016-2021,unverified,2026-06-07
COL04613,T121,T127,4,city,"Cairo, Egypt","Cairo, Egypt",different time,2011-2016 / 2019-2021,unverified,2026-06-07
COL04614,T121,T128,5,country,United States,United States,same time,2016-2018,unverified,2026-06-07
COL04615,T121,T131,1,school,SCH023,Washington International School,same time,2020-2021,mutual,2026-06-07
COL04616,T121,T132,2,school,SCH013,American International School in Egypt,different time,2011-2016 / 2003-2008,mutual,2026-06-07
COL04617,T121,T134,5,country,United States,United States,same time,2021-2021,one-sided,2026-06-07
COL04618,T121,T135,1,school,SCH013,American International School in Egypt,same time,2016-2016,mutual,2026-06-07
COL04619,T121,T140,4,city,"Cairo, Egypt","Cairo, Egypt",different time,2011-2016 / 2021-2026,unverified,2026-06-07
COL04620,T121,T143,1,school,SCH031,International School of Kuala Lumpur,same time,2021-2022,mutual,2026-06-07
COL04621,T122,T123,3,city,"Addis Ababa, Ethiopia","Addis Ababa, Ethiopia",same time,2008-2011,one-sided,2026-06-07
COL04622,T122,T124,4,city,"Dubai, United Arab Emirates","Dubai, United Arab Emirates",different time,2021-2026 / 2013-2016,unverified,2026-06-07
COL04623,T122,T126,3,city,"Denver, United States","Denver, United States",same time,2016-2017,unverified,2026-06-07
COL04624,T122,T127,2,school,SCH020,Sandford International School,different time,2006-2011 / 2013-2018,unverified,2026-06-07
COL04625,T122,T128,1,school,SCH021,Denver International School,same time,2014-2017,unverified,2026-06-07
COL04626,T122,T131,6,country,United States,United States,different time,2012-2017 / 2020-2023,unverified,2026-06-07
COL04627,T122,T132,1,school,SCH021,Denver International School,same time,2012-2016,unverified,2026-06-07
COL04628,T122,T134,4,city,"Denver, United States","Denver, United States",different time,2012-2017 / 2021-2026,mutual,2026-06-07
COL04629,T122,T135,6,country,United Arab Emirates,United Arab Emirates,different time,2021-2026 / 2011-2016,unverified,2026-06-07
COL04630,T122,T140,4,city,"Dubai, United Arab Emirates","Dubai, United Arab Emirates",different time,2021-2026 / 2017-2020,mutual,2026-06-07
COL04631,T122,T144,1,school,SCH001,American School of Dubai,same time,2024-2026,unverified,2026-06-07
COL04632,T122,T148,2,school,SCH020,Sandford International School,different time,2006-2011 / 2017-2022,unverified,2026-06-07
COL04633,T122,T150,4,city,"Addis Ababa, Ethiopia","Addis Ababa, Ethiopia",different time,2006-2011 / 2015-2018,unverified,2026-06-07
COL04634,T123,T124,1,school,SCH036,American International School of Lagos,same time,2017-2019,mutual,2026-06-07
COL04635,T123,T125,6,country,China,China,different time,2000-2004 / 2020-2022,unverified,2026-06-07
COL04636,T123,T127,3,city,"Addis Ababa, Ethiopia","Addis Ababa, Ethiopia",same time,2013-2013,unverified,2026-06-07
COL04637,T123,T129,4,city,"Bangkok, Thailand","Bangkok, Thailand",different time,2004-2008 / 2020-2026,unverified,2026-06-07
COL04638,T123,T130,2,school,SCH036,American International School of Lagos,different time,2016-2019 / 2020-2025,unverified,2026-06-07
COL04639,T123,T131,4,city,"Shanghai, China","Shanghai, China",different time,2000-2004 / 2010-2015,unverified,2026-06-07
COL04640,T123,T134,6,country,China,China,different time,2000-2004 / 2018-2020,one-sided,2026-06-07
COL04641,T123,T135,3,city,"Bangkok, Thailand","Bangkok, Thailand",same time,2007-2008,one-sided,2026-06-07
COL04642,T123,T137,2,school,SCH008,International School Bangkok,different time,2004-2008 / 2009-2012,one-sided,2026-06-07
COL04643,T123,T138,4,city,"Bangkok, Thailand","Bangkok, Thailand",different time,2004-2008 / 2012-2017,unverified,2026-06-07
COL04644,T123,T139,2,school,SCH028,The American School in Japan,different time,2013-2016 / 2018-2021,unverified,2026-06-07
COL04645,T123,T141,1,school,SCH036,American International School of Lagos,same time,2017-2019,one-sided,2026-06-07
COL04646,T123,T142,2,school,SCH017,Concordia International School Shanghai,different time,2000-2004 / 2015-2019,unverified,2026-06-07
COL04647,T123,T143,2,school,SCH017,Concordia International School Shanghai,different time,2000-2004 / 2007-2012,mutual,2026-06-07
COL04648,T123,T144,2,school,SCH017,Concordia International School Shanghai,different time,2000-2004 / 2021-2023,unverified,2026-06-07
COL04649,T123,T145,1,school,SCH036,American International School of Lagos,same time,2018-2019,unverified,2026-06-07
COL04650,T123,T148,1,school,SCH036,American International School of Lagos,same time,2016-2017,unverified,2026-06-07
COL04651,T123,T149,4,city,"Shanghai, China","Shanghai, China",different time,2000-2004 / 2014-2018,unverified,2026-06-07
COL04652,T123,T150,2,school,SCH019,International Community School of Addis Ababa,different time,2008-2013 / 2015-2018,one-sided,2026-06-07
COL04653,T124,T126,5,country,United Arab Emirates,United Arab Emirates,same time,2013-2016,unverified,2026-06-07
COL04654,T124,T130,1,school,SCH036,American International School of Lagos,same time,2020-2022,unverified,2026-06-07
COL04655,T124,T135,5,country,United Arab Emirates,United Arab Emirates,same time,2013-2016,unverified,2026-06-07
COL04656,T124,T140,4,city,"Dubai, United Arab Emirates","Dubai, United Arab Emirates",different time,2013-2016 / 2017-2020,unverified,2026-06-07
COL04657,T124,T141,1,school,SCH036,American International School of Lagos,same time,2017-2021,unverified,2026-06-07
COL04658,T124,T144,2,school,SCH004,Dubai American Academy,different time,2013-2016 / 2017-2020,unverified,2026-06-07
COL04659,T124,T145,1,school,SCH036,American International School of Lagos,same time,2018-2020,one-sided,2026-06-07
COL04660,T124,T148,1,school,SCH036,American International School of Lagos,same time,2017-2017,unverified,2026-06-07
COL04661,T125,T127,4,city,"Singapore, Singapore","Singapore, Singapore",different time,2018-2020 / 2021-2025,unverified,2026-06-07
COL04662,T125,T129,5,country,China,China,same time,2020-2020,unverified,2026-06-07
COL04663,T125,T131,6,country,China,China,different time,2020-2022 / 2010-2015,one-sided,2026-06-07
COL04664,T125,T132,2,school,SCH010,Singapore American School,different time,2018-2020 / 2009-2011,unverified,2026-06-07
COL04665,T125,T134,1,school,SCH018,International School of Beijing,same time,2020-2020,unverified,2026-06-07
COL04666,T125,T135,2,school,SCH010,Singapore American School,different time,2018-2020 / 2003-2007,one-sided,2026-06-07
COL04667,T125,T137,6,country,China,China,different time,2020-2022 / 2006-2009,unverified,2026-06-07
COL04668,T125,T138,5,country,China,China,same time,2020-2021,mutual,2026-06-07
COL04669,T125,T139,5,country,China,China,same time,2021-2022,unverified,2026-06-07
COL04670,T125,T142,3,city,"Singapore, Singapore","Singapore, Singapore",same time,2019-2020,mutual,2026-06-07
COL04671,T125,T143,6,country,China,China,different time,2020-2022 / 2007-2012,mutual,2026-06-07
COL04672,T125,T144,5,country,China,China,same time,2021-2022,unverified,2026-06-07
COL04673,T125,T149,6,country,China,China,different time,2020-2022 / 2014-2018,unverified,2026-06-07
COL04674,T126,T128,3,city,"Denver, United States","Denver, United States",same time,2016-2018,unverified,2026-06-07
COL04675,T126,T131,5,country,United States,United States,same time,2020-2021,unverified,2026-06-07
COL04676,T126,T132,3,city,"Denver, United States","Denver, United States",same time,2016-2016,unverified,2026-06-07
COL04677,T126,T134,1,school,SCH022,Graland Country Day School,same time,2021-2021,unverified,2026-06-07
COL04678,T126,T135,1,school,SCH005,The British School Al Khubairat,same time,2013-2016,unverified,2026-06-07
COL04679,T126,T140,6,country,United Arab Emirates,United Arab Emirates,different time,2013-2016 / 2017-2020,unverified,2026-06-07
COL04680,T126,T144,6,country,United Arab Emirates,United Arab Emirates,different time,2013-2016 / 2017-2020,mutual,2026-06-07
COL04681,T127,T132,4,city,"Cairo, Egypt","Cairo, Egypt",different time,2019-2021 / 2003-2008,unverified,2026-06-07
COL04682,T127,T135,3,city,"Cairo, Egypt","Cairo, Egypt",same time,2019-2021,unverified,2026-06-07
COL04683,T127,T140,1,school,SCH012,Cairo American College,same time,2021-2021,unverified,2026-06-07
COL04684,T127,T142,1,school,SCH011,United World College of South East Asia,same time,2021-2021,unverified,2026-06-07
COL04685,T127,T148,1,school,SCH020,Sandford International School,same time,2017-2018,unverified,2026-06-07
COL04686,T127,T150,3,city,"Addis Ababa, Ethiopia","Addis Ababa, Ethiopia",same time,2015-2018,mutual,2026-06-07
COL04687,T128,T130,1,school,SCH039,International School Ho Chi Minh City,same time,2018-2019,unverified,2026-06-07
COL04688,T128,T131,6,country,United States,United States,different time,2014-2018 / 2020-2023,unverified,2026-06-07
COL04689,T128,T132,1,school,SCH021,Denver International School,same time,2014-2016,unverified,2026-06-07
COL04690,T128,T134,4,city,"Denver, United States","Denver, United States",different time,2014-2018 / 2021-2026,mutual,2026-06-07
COL04691,T128,T145,2,school,SCH038,United Nations International School of Hanoi,different time,2011-2014 / 2020-2022,unverified,2026-06-07
COL04692,T128,T146,1,school,SCH039,International School Ho Chi Minh City,same time,2019-2021,mutual,2026-06-07
COL04693,T129,T131,3,city,"Bangkok, Thailand","Bangkok, Thailand",same time,2020-2020,unverified,2026-06-07
COL04694,T129,T134,5,country,China,China,same time,2018-2020,unverified,2026-06-07
COL04695,T129,T135,4,city,"Bangkok, Thailand","Bangkok, Thailand",different time,2020-2026 / 2007-2010,unverified,2026-06-07
COL04696,T129,T137,4,city,"Bangkok, Thailand","Bangkok, Thailand",different time,2020-2026 / 2009-2012,one-sided,2026-06-07
COL04697,T129,T138,2,school,SCH009,Bangkok Patana School,different time,2020-2026 / 2012-2017,mutual,2026-06-07
COL04698,T129,T139,6,country,China,China,different time,2018-2020 / 2021-2026,unverified,2026-06-07
COL04699,T129,T142,4,city,"Bangkok, Thailand","Bangkok, Thailand",different time,2020-2026 / 2009-2014,unverified,2026-06-07
COL04700,T129,T143,2,school,SCH009,Bangkok Patana School,different time,2020-2026 / 2013-2018,unverified,2026-06-07
COL04701,T129,T144,6,country,China,China,different time,2018-2020 / 2021-2023,unverified,2026-06-07
COL04702,T129,T149,5,country,China,China,same time,2018-2018,one-sided,2026-06-07
COL04703,T130,T132,1,school,SCH039,International School Ho Chi Minh City,same time,2017-2019,unverified,2026-06-07
COL04704,T130,T141,1,school,SCH036,American International School of Lagos,same time,2020-2021,mutual,2026-06-07
COL04705,T130,T145,1,school,SCH036,American International School of Lagos,same time,2020-2020,mutual,2026-06-07
COL04706,T130,T146,1,school,SCH039,International School Ho Chi Minh City,same time,2019-2019,mutual,2026-06-07
COL04707,T130,T148,2,school,SCH036,American International School of Lagos,different time,2020-2025 / 2013-2017,unverified,2026-06-07
COL04708,T131,T132,6,country,United States,United States,different time,2020-2023 / 2011-2016,one-sided,2026-06-07
COL04709,T131,T134,5,country,United States,United States,same time,2021-2023,unverified,2026-06-07
COL04710,T131,T135,2,school,SCH007,NIST International School,different time,2016-2020 / 2007-2010,unverified,2026-06-07
COL04711,T131,T137,2,school,SCH016,Shanghai American School,different time,2010-2015 / 2006-2009,unverified,2026-06-07
COL04712,T131,T138,3,city,"Bangkok, Thailand","Bangkok, Thailand",same time,2016-2017,unverified,2026-06-07
COL04713,T131,T139,2,school,SCH016,Shanghai American School,different time,2010-2015 / 2021-2026,mutual,2026-06-07
COL04714,T131,T142,2,school,SCH007,NIST International School,different time,2016-2020 / 2009-2014,unverified,2026-06-07
COL04715,T131,T143,3,city,"Shanghai, China","Shanghai, China",same time,2010-2012,mutual,2026-06-07
COL04716,T131,T144,4,city,"Shanghai, China","Shanghai, China",different time,2010-2015 / 2021-2023,unverified,2026-06-07
COL04717,T131,T145,2,school,SCH025,American School of Bombay,different time,2007-2009 / 2011-2015,unverified,2026-06-07
COL04718,T131,T148,1,school,SCH025,American School of Bombay,same time,2009-2009,unverified,2026-06-07
COL04719,T131,T149,1,school,SCH016,Shanghai American School,same time,2014-2015,unverified,2026-06-07
COL04720,T131,T150,2,school,SCH025,American School of Bombay,different time,2007-2009 / 2013-2015,unverified,2026-06-07
COL04721,T132,T134,4,city,"Denver, United States","Denver, United States",different time,2011-2016 / 2021-2026,mutual,2026-06-07
COL04722,T132,T135,2,school,SCH013,American International School in Egypt,different time,2003-2008 / 2016-2021,unverified,2026-06-07
COL04723,T132,T140,4,city,"Cairo, Egypt","Cairo, Egypt",different time,2003-2008 / 2021-2026,unverified,2026-06-07
COL04724,T132,T142,4,city,"Singapore, Singapore","Singapore, Singapore",different time,2009-2011 / 2019-2021,unverified,2026-06-07
COL04725,T132,T145,2,school,SCH038,United Nations International School of Hanoi,different time,1998-2002 / 2020-2022,unverified,2026-06-07
COL04726,T132,T146,1,school,SCH039,International School Ho Chi Minh City,same time,2019-2021,unverified,2026-06-07
COL04727,T133,T137,2,school,SCH027,International School of Kenya,different time,2019-2023 / 2013-2018,unverified,2026-06-07
COL04728,T133,T147,1,school,SCH027,International School of Kenya,same time,2019-2023,unverified,2026-06-07
COL04729,T134,T137,6,country,China,China,different time,2018-2020 / 2006-2009,unverified,2026-06-07
COL04730,T134,T138,5,country,China,China,same time,2018-2020,unverified,2026-06-07
COL04731,T134,T139,6,country,China,China,different time,2018-2020 / 2021-2026,unverified,2026-06-07
COL04732,T134,T142,5,country,China,China,same time,2018-2019,unverified,2026-06-07
COL04733,T134,T143,6,country,China,China,different time,2018-2020 / 2007-2012,unverified,2026-06-07
COL04734,T134,T144,6,country,China,China,different time,2018-2020 / 2021-2023,unverified,2026-06-07
COL04735,T134,T145,5,country,India,India,same time,2014-2015,unverified,2026-06-07
COL04736,T134,T148,6,country,India,India,different time,2014-2017 / 2009-2013,unverified,2026-06-07
COL04737,T134,T149,5,country,China,China,same time,2018-2018,unverified,2026-06-07
COL04738,T134,T150,5,country,India,India,same time,2014-2015,mutual,2026-06-07
COL04739,T135,T137,3,city,"Bangkok, Thailand","Bangkok, Thailand",same time,2009-2010,unverified,2026-06-07
COL04740,T135,T138,4,city,"Bangkok, Thailand","Bangkok, Thailand",different time,2007-2010 / 2012-2017,unverified,2026-06-07
COL04741,T135,T140,3,city,"Cairo, Egypt","Cairo, Egypt",same time,2021-2021,unverified,2026-06-07
COL04742,T135,T142,1,school,SCH007,NIST International School,same time,2009-2010,unverified,2026-06-07
COL04743,T135,T143,4,city,"Bangkok, Thailand","Bangkok, Thailand",different time,2007-2010 / 2013-2018,unverified,2026-06-07
COL04744,T135,T144,6,country,United Arab Emirates,United Arab Emirates,different time,2011-2016 / 2017-2020,unverified,2026-06-07
COL04745,T137,T138,3,city,"Bangkok, Thailand","Bangkok, Thailand",same time,2012-2012,unverified,2026-06-07
COL04746,T137,T139,1,school,SCH028,The American School in Japan,same time,2019-2021,mutual,2026-06-07
COL04747,T137,T142,3,city,"Bangkok, Thailand","Bangkok, Thailand",same time,2009-2012,unverified,2026-06-07
COL04748,T137,T143,3,city,"Shanghai, China","Shanghai, China",same time,2007-2009,unverified,2026-06-07
COL04749,T137,T144,4,city,"Shanghai, China","Shanghai, China",different time,2006-2009 / 2021-2023,unverified,2026-06-07
COL04750,T137,T147,2,school,SCH027,International School of Kenya,different time,2013-2018 / 2019-2023,unverified,2026-06-07
COL04751,T137,T149,2,school,SCH016,Shanghai American School,different time,2006-2009 / 2014-2018,unverified,2026-06-07
COL04752,T138,T139,5,country,China,China,same time,2021-2021,mutual,2026-06-07
COL04753,T138,T142,3,city,"Bangkok, Thailand","Bangkok, Thailand",same time,2012-2014,unverified,2026-06-07
COL04754,T138,T143,1,school,SCH009,Bangkok Patana School,same time,2013-2017,unverified,2026-06-07
COL04755,T138,T144,5,country,China,China,same time,2021-2021,unverified,2026-06-07
COL04756,T138,T149,5,country,China,China,same time,2017-2018,unverified,2026-06-07
COL04757,T139,T142,4,city,"Shanghai, China","Shanghai, China",different time,2021-2026 / 2015-2019,mutual,2026-06-07
COL04758,T139,T143,4,city,"Shanghai, China","Shanghai, China",different time,2021-2026 / 2007-2012,unverified,2026-06-07
COL04759,T139,T144,3,city,"Shanghai, China","Shanghai, China",same time,2021-2023,unverified,2026-06-07
COL04760,T139,T149,2,school,SCH016,Shanghai American School,different time,2021-2026 / 2014-2018,one-sided,2026-06-07
COL04761,T140,T144,3,city,"Dubai, United Arab Emirates","Dubai, United Arab Emirates",same time,2017-2020,unverified,2026-06-07
COL04762,T141,T145,1,school,SCH036,American International School of Lagos,same time,2018-2020,unverified,2026-06-07
COL04763,T141,T148,1,school,SCH036,American International School of Lagos,same time,2017-2017,unverified,2026-06-07
COL04764,T142,T143,2,school,SCH017,Concordia International School Shanghai,different time,2015-2019 / 2007-2012,one-sided,2026-06-07
COL04765,T142,T144,2,school,SCH017,Concordia International School Shanghai,different time,2015-2019 / 2021-2023,unverified,2026-06-07
COL04766,T142,T149,3,city,"Shanghai, China","Shanghai, China",same time,2015-2018,unverified,2026-06-07
COL04767,T143,T144,2,school,SCH017,Concordia International School Shanghai,different time,2007-2012 / 2021-2023,unverified,2026-06-07
COL04768,T143,T149,4,city,"Shanghai, China","Shanghai, China",different time,2007-2012 / 2014-2018,unverified,2026-06-07
COL04769,T144,T149,4,city,"Shanghai, China","Shanghai, China",different time,2021-2023 / 2014-2018,mutual,2026-06-07
COL04770,T145,T146,5,country,Vietnam,Vietnam,same time,2020-2022,one-sided,2026-06-07
COL04771,T145,T148,1,school,SCH025,American School of Bombay,same time,2011-2013,unverified,2026-06-07
COL04772,T145,T150,1,school,SCH025,American School of Bombay,same time,2013-2015,unverified,2026-06-07
COL04773,T148,T150,1,school,SCH025,American School of Bombay,same time,2013-2013,unverified,2026-06-07
COL04774,T149,T150,1,school,SCH030,International School of Geneva,same time,2019-2022,unverified,2026-06-07
